,Unnamed: 0.5,Unnamed: 0.4,Unnamed: 0.3,Unnamed: 0.2,Unnamed: 0.1,Unnamed: 0,City,Latitude,Longitude,Latitude_num,Longitude_num,avg_d_kbps,avg_u_kbps,avg_lat_ms,tests,devices,Desigualdad_1km,Desigualdad_10km,Diferencia,P1ST,Desigualdad_5km,Desigualdad_15km,Desigualdad_promedio
0,0,0,0,0,0,0,AR: Capital Federal-Ciudad de Buenos Aires,-34.613055555555555,-58.37722222222222,-34.613055555555555,-58.37722222222222,174489,50109,12,283,81,0.43526989221572876,0.4734879434108734,,3.1545454545454548,0.4571151,0.5211861,43.5269889831543
1,1,1,1,1,1,1,AR: Buenos Aires-La Matanza,-34.75,-58.583333333333336,-34.75,-58.583333333333336,139456,134237,8,10,4,0.4447482228279114,0.5006720423698425,,2.45,0.4838854,0.45039633,44.474822998046875
2,2,2,2,2,2,2,AR: Buenos Aires-Lomas de Zamora,-34.75,-58.41666666666666,-34.75,-58.41666666666666,75651,54152,7,13,9,0.4946064352989197,0.4097391963005066,,2.85,0.41363516,0.44954124,40.97391891479492
3,3,3,3,3,3,3,AR: Buenos Aires-Quilmes,-34.72055555555556,-58.254444444444445,-34.72055555555556,-58.254444444444445,145636,50848,14,224,83,0.42877164483070374,0.46873435378074646,,2.85,0.47934026,0.5204878,42.87716293334961
4,4,4,4,4,4,4,AR: Buenos Aires-Lanus,-34.666666666666664,-58.41666666666666,-34.666666666666664,-58.41666666666666,182088,107983,7,10,4,0.5123297572135925,0.4793083667755127,,2.8,0.5016115,0.4851728,47.93083572387695
5,5,5,5,5,5,5,AR: Buenos Aires-Almirante Brown,-34.833333333333336,-58.333333333333336,-34.833333333333336,-58.333333333333336,18633,19303,2,1,1,0.5423229932785034,0.4778135418891907,,2.8,0.5084028,0.41965914,41.965911865234375
6,6,6,6,6,6,6,AR: Buenos Aires-Merlo,-34.665277777777774,-58.727222222222224,-34.665277777777774,-58.727222222222224,156281,43445,12,44,24,0.41288280487060547,0.4779662489891052,,3.1,0.43936646,0.4552741,41.28828048706055
7,7,7,7,7,7,7,AR: Buenos Aires-General San Martin,-34.573055555555555,-58.54083333333333,-34.573055555555555,-58.54083333333333,133509,47155,16,190,53,0.41751039028167725,0.45835673809051514,,3.6,0.46682793,0.44347793,41.75103759765625
8,8,8,8,8,8,8,AR: Buenos Aires-Avellaneda,-34.666666666666664,-58.333333333333336,-34.666666666666664,-58.333333333333336,14712,16043,18,7,2,0.5550843477249146,0.4854224920272827,,2.8,0.53111684,0.5253577,48.5422477722168
9,9,9,9,9,9,9,AR: Buenos Aires-San Isidro,-34.49,-58.530277777777776,-34.49,-58.530277777777776,170140,53193,9,46,20,0.5579990744590759,0.49961403012275696,,3.4,0.51936585,0.49613896,49.613895416259766
10,10,10,10,10,10,10,AR: Buenos Aires-Tres de Febrero,-34.599722222222226,-58.56583333333333,-34.599722222222226,-58.56583333333333,172651,24921,13,27,13,0.47788187861442566,0.4519403278827667,,3.0,0.4507382,0.4534999,45.07381820678711
11,11,11,11,11,11,11,AR: Buenos Aires-Moron,-34.651111111111106,-58.621944444444445,-34.651111111111106,-58.621944444444445,151667,53139,11,129,37,0.4540095031261444,0.4565173387527466,,2.4,0.4717703,0.45942482,45.40095138549805
12,12,12,12,12,12,12,AR: Buenos Aires-Moreno,-34.55916666666666,-58.78861111111111,-34.55916666666666,-58.78861111111111,8848,5895,16,6,3,0.46717774868011475,0.5546930432319641,,1.9,0.47076806,0.46794975,46.7177734375
13,13,13,13,13,13,13,AR: Buenos Aires-Vicente Lopez,-34.52333333333333,-58.47416666666667,-34.52333333333333,-58.47416666666667,166935,51782,10,85,22,0.512431800365448,0.5075958967208862,,3.2,0.49617332,0.524918,49.617332458496094
14,14,14,14,14,14,14,AR: Buenos Aires-Florencio Varela,-34.833333333333336,-58.25,-34.833333333333336,-58.25,211,389,14,1,1,0.5117049217224121,0.4644430875778198,,2.6,0.45438042,0.41898608,41.89860916137695
15,15,15,15,15,15,15,AR: Buenos Aires-Tigre,-34.49444444444445,-58.62722222222222,-34.49444444444445,-58.62722222222222,104542,29313,12,40,18,0.4519495368003845,0.4924870729446411,,3.1,0.5142805,0.47166827,45.19495391845703
16,16,16,16,16,16,16,AR: Buenos Aires-Berazategui,-34.765277777777776,-58.21277777777778,-34.765277777777776,-58.21277777777778,202532,129505,8,43,10,0.4911572337150574,0.4614856541156769,,2.8,0.47258714,0.48172957,46.14856719970703
17,17,17,17,17,17,17,AR: Buenos Aires-Malvinas Argentinas,-34.5075,-58.69555555555555,-34.5075,-58.69555555555555,114048,84432,8,25,9,0.4848853647708893,0.46360304951667786,,2.8,0.4893823,0.4430526,44.305259704589844
18,18,18,18,18,18,18,AR: Buenos Aires-San Miguel (GBA),-34.54333333333333,-58.71222222222222,-34.54333333333333,-58.71222222222222,123026,82869,11,44,16,0.4302420914173126,0.42950671911239624,,3.0,0.45341417,0.43408814,42.9506721496582
19,19,19,19,19,19,19,AR: Buenos Aires-Esteban Echeverria,-34.81916666666667,-58.465833333333336,-34.81916666666667,-58.465833333333336,188269,83317,12,48,20,0.4277864992618561,0.4593633711338043,,2.4,0.45162374,0.48326495,42.778648376464844
20,20,20,20,20,20,20,AR: Buenos Aires-Jose C. Paz,-34.51972222222222,-58.76555555555556,-34.51972222222222,-58.76555555555556,116867,78125,11,38,6,0.47595909237861633,0.4454139471054077,,3.3,0.45190224,0.4667467,44.5413932800293
21,21,21,21,21,21,21,AR: Buenos Aires-Pilar,-34.45861111111111,-58.91388888888888,-34.45861111111111,-58.91388888888888,97462,34305,11,24,12,0.4445999264717102,0.47048649191856384,,3.2,0.46811953,0.43195093,43.195091247558594
22,22,22,22,22,22,22,AR: Buenos Aires-Hurlingham (GBA),-34.59027777777778,-58.62888888888889,-34.59027777777778,-58.62888888888889,123673,24729,12,46,17,0.5044651627540588,0.49470874667167664,,2.7,0.48152462,0.46190724,46.19072341918945
23,23,23,23,23,23,23,AR: Buenos Aires-Escobar,-34.333333333333336,-58.75,-34.333333333333336,-58.75,156774,99260,6,29,9,0.5384911894798279,0.5347104668617249,,2.7,0.47339523,0.45578825,45.578826904296875
24,24,24,24,24,24,24,AR: Buenos Aires-San Fernando,-34.445277777777775,-58.54194444444444,-34.445277777777775,-58.54194444444444,124783,32504,23,70,31,0.526973307132721,0.49124452471733093,,3.1,0.4735753,0.50201946,47.35752868652344
25,25,25,25,25,25,25,AR: Buenos Aires-Ituzaingo,-34.66027777777778,-58.66611111111111,-34.66027777777778,-58.66611111111111,177147,91921,9,49,16,0.5187338590621948,0.43194273114204407,,2.7,0.477201,0.4373126,43.19427490234375
26,26,26,26,26,26,26,AR: Buenos Aires-Ezeiza,-34.82222222222222,-58.53583333333333,-34.82222222222222,-58.53583333333333,4144,1928,10,1,1,0.5378181338310242,0.5284688472747803,,2.7,0.5405296,0.47286466,47.28646469116211
27,27,27,27,27,27,27,AR: Salta-Salta,-24.785833333333336,-65.41166666666668,-24.785833333333336,-65.41166666666668,85220,27662,26,352,49,0.45863136649131775,0.45545852184295654,,3.0689655172413794,0.44695294,0.46230012,44.69529342651367
28,28,28,28,28,28,28,AR: Jujuy-Gran San Salvador de Jujuy,-23.75,-65.5,-23.75,-65.5,3083,2247,31,2,2,0.5200573205947876,0.5205284357070923,,2.85,0.55846953,0.48973542,48.973541259765625
29,29,29,29,29,29,29,AR: Santiago del Estero-Santiago del Estero,-28.0,-63.5,-28.0,-63.5,7594,773,20,1,1,0.40906304121017456,0.478280633687973,,3.3,0.43056908,0.45194262,40.90630340576172
30,30,30,30,30,30,30,AR: San Fernando del Valle de Catamarca,-28.46944444444444,-65.785,-28.46944444444444,-65.785,30421,13059,23,4,3,0.4135917127132416,0.4474084675312042,,3.2,0.43492332,0.474592,41.35917282104492
31,31,31,31,31,31,31,AR: Salta-San Ramon de la Nueva Oran,-23.136944444444445,-64.32416666666666,-23.136944444444445,-64.32416666666666,51413,39220,58,41,10,0.4421028196811676,0.5335679650306702,,3.0,0.51172894,0.5104081,44.21028137207031
32,32,32,32,32,32,32,AR: Jujuy-Ledesma-Libertador General San Martin,-23.81305555555556,-64.79333333333334,-23.81305555555556,-64.79333333333334,4539,1199,26,9,2,0.4711463451385498,0.550505518913269,,3.4,0.51884943,0.49780214,47.1146354675293
33,33,33,33,33,33,33,AR: Catamarca-Santa Maria,-26.666666666666668,-66.41666666666667,-26.666666666666668,-66.41666666666667,528,898,673,2,1,0.409748375415802,0.4295918047428131,,2.5,0.3701287,0.42526975,37.01287078857422
34,34,34,34,34,34,34,AR: Tucuman-Delfin Gallo - La Florida,-26.816666666666663,-65.13333333333333,-26.816666666666663,-65.13333333333333,202542,141473,3,9,5,0.5140746235847473,0.47302067279815674,,2.6,0.48735294,0.47977304,47.302066802978516
35,35,35,35,35,35,36,AR: Chaco-Presidencia Roque Saenz Pena,-26.79083333333333,-60.44111111111111,-26.79083333333333,-60.44111111111111,97486,74503,94,9,6,0.4293205738067627,0.4664415121078491,,3.3157894736842106,0.46565175,0.4510605,42.93205642700195
36,36,36,36,36,36,37,AR: Corrientes-Goya,-29.139722222222225,-59.263333333333335,-29.139722222222225,-59.263333333333335,80288,48367,25,49,12,0.4425578713417053,0.4991592764854431,,3.2,0.4675484,0.48212257,44.25578689575195
37,37,37,37,37,37,38,AR: Misiones-Puerto Iguazu,-25.598888888888887,-54.57333333333334,-25.598888888888887,-54.57333333333334,83567,67001,29,62,30,0.43977418541908264,0.5041224956512451,,2.6,0.5101557,0.4875132,43.9774169921875
38,38,38,38,38,38,39,AR: Misiones-Leandro N. Alem,-27.566666666666663,-55.333333333333336,-27.566666666666663,-55.333333333333336,33422,22039,16,1,1,0.46860674023628235,0.4466852843761444,,3.0,0.49040583,0.44697136,44.66852951049805
39,39,39,39,39,39,40,AR: Formosa-Las Lomitas,-24.7,-60.583333333333336,-24.7,-60.583333333333336,3194,2659,21,1,1,0.46187838912010193,0.4707441031932831,,2.7,0.47789446,0.48154107,46.18783950805664
40,40,40,40,40,40,41,AR: Chaco-Puerto Vilelas,-27.51083333333333,-58.94166666666666,-27.51083333333333,-58.94166666666666,7782,798,23,2,2,0.4759046137332916,0.49022603034973145,,3.1,0.5007968,0.5147271,47.59046173095703
41,41,41,41,41,41,42,AR: Cordoba-San Roque,-31.37333333333333,-64.4675,-31.37333333333333,-64.4675,10746,4162,21,8,3,0.45501840114593506,0.494947612285614,,2.8,0.47382143,0.47378463,45.50183868408203
42,42,42,42,42,42,43,AR: Neuquen-Neuquen,-38.95138888888889,-68.05888888888889,-38.95138888888889,-68.05888888888889,139406,51659,26,70,41,0.4670950472354889,0.4485529363155365,,3.4,0.45319134,0.48441684,44.85529327392578
43,43,43,43,43,43,44,AR: Chubut-Comodoro Rivadavia,-45.8625,-67.49388888888889,-45.8625,-67.49388888888889,175022,156439,12,99,27,0.45793136954307556,0.5371455550193787,,2.7,0.550351,0.49181816,45.79313659667969
44,44,44,44,44,44,45,AR: Santa Cruz-Rio Gallegos,-51.6225,-69.21805555555555,-51.6225,-69.21805555555555,34963,31606,16,32,8,0.45736435055732727,0.4903232455253601,,2.7,0.5009041,0.5077308,45.73643493652344
45,45,45,45,45,45,46,AR: Tierra del Fuego-Rio Grande,-53.7875,-67.70972222222223,-53.7875,-67.70972222222223,21372,2128,51,1,1,0.48544514179229736,0.5527070760726929,,3.3,0.5584629,0.5690835,48.54451370239258
46,46,46,46,46,46,47,AR: Santa Cruz-Caleta Olivia,-46.44777777777777,-67.5225,-46.44777777777777,-67.5225,27437,23204,7,3,2,0.4565097689628601,0.5378121137619019,,3.0,0.52189994,0.4461206,44.612060546875
47,47,47,47,47,47,48,AR: Rio Negro-Sierra Grande,-41.59166666666667,-65.33916666666666,-41.59166666666667,-65.33916666666666,21236,21473,7,1,1,0.4592048227787018,0.43493542075157166,,3.3,0.4563991,0.43917564,43.4935417175293
48,48,48,48,48,48,49,AR: Mendoza-Guaymallen,-32.89083333333333,-68.82694444444444,-32.89083333333333,-68.82694444444444,44292,31053,16,65,24,0.46719253063201904,0.426518976688385,,3.2,0.41296372,0.42805588,41.29637145996094
49,49,49,49,49,49,50,AR: Chubut-Rawson,-43.3,-65.10222222222221,-43.3,-65.10222222222221,27373,7200,29,12,9,0.48359397053718567,0.506464958190918,,2.6,0.5221641,0.5131936,48.359397888183594
50,50,50,50,50,50,51,AR: San Luis-Villa Mercedes,-33.675555555555555,-65.45777777777778,-33.675555555555555,-65.45777777777778,20198,3423,66,25,15,0.4632766842842102,0.4758550822734833,,3.6,0.43131867,0.46918342,43.131866455078125
51,51,51,51,51,51,52,AR: San Juan-Chimbas,-31.487222222222226,-68.52666666666667,-31.487222222222226,-68.52666666666667,41535,47630,7,30,8,0.5075722932815552,0.46573829650878906,,3.2,0.4648161,0.45193073,45.19307327270508
52,52,52,52,52,52,53,AR: Mendoza-Lujan de Cuyo,-33.0,-69.33333333333333,-33.0,-69.33333333333333,3890,3702,35,1,1,0.5045897364616394,0.49611231684684753,,3.4,0.5066863,0.48681194,48.68119430541992
53,53,53,53,53,53,54,AR: La Rioja-Chamical,-30.25,-65.83333333333333,-30.25,-65.83333333333333,12300,2494,8,1,1,0.3853079080581665,0.43421950936317444,,3.5,0.4031021,0.4106082,38.530792236328125
54,54,54,54,54,54,55,AR: Mendoza-Perdriel,-33.07472222222223,-68.88833333333334,-33.07472222222223,-68.88833333333334,57348,66714,3,6,4,0.5136505365371704,0.5202587842941284,,3.5,0.51202714,0.43597057,43.5970573425293
55,55,55,55,55,55,56,AR: La Rioja-Nonogasta,-29.305,-67.50222222222222,-29.305,-67.50222222222222,12236,2516,25,27,3,0.4930058717727661,0.4929567873477936,,3.2,0.4720552,0.4572787,45.72787094116211
56,56,56,56,56,56,57,AR: Cordoba-Cordoba,-31.41333333333333,-64.18083333333334,-31.41333333333333,-64.18083333333334,115266,40898,17,259,84,0.4853428304195404,0.42545434832572937,,3.025,0.42569467,0.46251357,42.545433044433594
57,57,57,57,57,57,58,AR: Santa Fe-Gran Rosario,-32.975,-60.681666666666665,-32.975,-60.681666666666665,46610,46361,9,15,4,0.4199239909648895,0.5097242593765259,,3.125,0.47581655,0.47848162,41.99239730834961
58,58,58,58,58,58,59,AR: Santa Fe-Santa Fe,-32.946666666666665,-60.63916666666667,-32.946666666666665,-60.63916666666667,128698,63659,10,264,80,0.4996910095214844,0.47925034165382385,,3.25,0.47746712,0.50952274,47.74671173095703
59,59,59,59,59,59,60,AR: Entre Rios-San Antonio de Padua de la Concordia,-31.397777777777776,-58.0225,-31.397777777777776,-58.0225,148985,152565,9,28,10,0.4002319276332855,0.49883556365966797,,2.8,0.51316154,0.50793856,40.023193359375
60,60,60,60,60,60,61,AR: La Pampa-Santa Rosa,-36.61666666666667,-64.28333333333333,-36.61666666666667,-64.28333333333333,91557,26791,20,41,12,0.445746511220932,0.4594654440879822,,2.8,0.49340665,0.46709716,44.574649810791016
61,61,61,61,61,61,62,AR: Cordoba-Villa Maria -Villa Nueva,-31.40833333333333,-64.18388888888889,-31.40833333333333,-64.18388888888889,107268,30696,16,334,74,0.4391120672225952,0.43495604395866394,,2.6,0.44327667,0.45002365,43.49560546875
62,62,62,62,62,62,63,AR: Entre Rios-Diamante,-32.166666666666664,-60.41666666666666,-32.166666666666664,-60.41666666666666,3504,572,103,6,5,0.5293786525726318,0.49866342544555664,,2.9,0.53543663,0.4124851,41.24850845336914
63,63,63,63,63,63,64,AR: Cordoba-Jesus Maria - Colonia Caroya,-31.65694444444444,-64.43,-31.65694444444444,-64.43,133686,109694,9,63,21,0.4433028995990753,0.4821373522281647,,3.0,0.48270398,0.48392826,44.330291748046875
64,64,64,64,64,64,65,AR: Santa Fe-Funes,-32.91555555555556,-60.80972222222222,-32.91555555555556,-60.80972222222222,104372,60065,11,64,19,0.45103657245635986,0.5510249137878418,,3.0,0.48442686,0.47992685,45.10365676879883
65,65,65,65,65,65,66,AR: Mendoza-San Jose,-32.37083333333334,-68.25583333333333,-32.37083333333334,-68.25583333333333,1147,460,77,1,1,0.3782013952732086,0.3969666659832001,,2.9,0.39865807,0.37133238,37.133235931396484
66,66,66,66,66,66,67,AR: Buenos Aires-25 de Mayo,-35.5,-60.25,-35.5,-60.25,7644,716,23,1,1,0.49728378653526306,0.5074957609176636,,3.3,0.5278648,0.4535931,45.359310150146484
67,67,67,67,67,67,69,AR: Buenos Aires-Mar de Plata-General Pueyrredon,-38.000277777777775,-57.55611111111111,-38.000277777777775,-57.55611111111111,171026,56532,14,56,25,0.42540332674980164,0.48051056265830994,,3.1,0.47020313,0.5030593,42.54033279418945
68,68,68,68,68,68,70,AR: Buenos Aires-Gran La Plata,-34.87777777777778,-58.08361111111111,-34.87777777777778,-58.08361111111111,140955,33770,14,24,5,0.45770546793937683,0.45287856459617615,,3.15,0.47136456,0.45548472,45.28785705566406
69,69,69,69,69,69,71,AR: Buenos Aires-Bahia Blanca,-38.7175,-62.265277777777776,-38.7175,-62.265277777777776,52041,16938,14,100,33,0.412262886762619,0.43315234780311584,,3.3,0.4603816,0.46759635,41.226287841796875
70,70,70,70,70,70,72,AR: Buenos Aires-Berisso,-34.916666666666664,-57.833333333333336,-34.916666666666664,-57.833333333333336,25429,28214,3,1,1,0.40619808435440063,0.4369315207004547,,2.8,0.43356365,0.4817476,40.619808197021484
71,71,71,71,71,71,73,AR: Buenos Aires-Saladillo,-35.75,-59.66666666666666,-35.75,-59.66666666666666,1951,2030,45,1,1,0.4888739287853241,0.4929332435131073,,2.5,0.4768361,0.43452847,43.45284652709961
72,72,72,72,72,72,74,AR: Entre Rios-Colon,-32.00361111111111,-58.36305555555556,-32.00361111111111,-58.36305555555556,1556,479,41,10,5,0.48463040590286255,0.5031399130821228,,2.8,0.4861638,0.46175292,46.17529296875
73,73,73,73,73,73,75,AR: Buenos Aires-Roque Perez,-35.44499999999999,-59.410555555555554,-35.44499999999999,-59.410555555555554,4455,1062,11,3,1,0.558208703994751,0.5216822028160095,,2.4,0.53617585,0.4425355,44.25354766845703
74,74,74,74,74,74,76,AR: Buenos Aires-Tres Lomas,-36.45277777777778,-62.8625,-36.45277777777778,-62.8625,15177,13148,11,6,4,0.4866621196269989,0.4626924991607666,,3.2,0.53091437,0.42903915,42.90391540527344
75,75,75,75,75,75,77,BO: Beni-Trinidad,-14.833333333333334,-64.9,-14.833333333333334,-64.9,23273,15868,24,80,36,0.4770890474319458,0.4605472683906555,,3.05,0.5103338,0.49886495,46.054725646972656
76,76,76,76,76,76,78,BO: Beni-Riberalta,-11.01,-66.0525,-11.01,-66.0525,19729,10685,37,13,3,0.4565114676952362,0.47894710302352905,,2.6,0.42592672,0.5416649,42.59267044067383
77,77,77,77,77,77,80,BO: Chuquisaca-Sucre,-19.03305555555556,-65.2625,-19.03305555555556,-65.2625,32212,14318,17,80,18,0.5071298480033875,0.46539008617401123,,2.6875,0.44046435,0.43891013,43.891014099121094
78,78,78,78,78,78,81,BO: Chuquisaca-Mosoj Llajta,-19.651666666666664,-64.69944444444445,-19.651666666666664,-64.69944444444445,49197,52604,15,1,1,0.4620334804058075,0.42336633801460266,,2.9473684210526314,0.4317671,0.44566157,42.33663558959961
79,79,79,79,79,79,82,BO: Chuquisaca-Padcoyo,-20.4,-65.3,-20.4,-65.3,10557,4935,37,4,2,0.43225523829460144,0.4581761658191681,,2.3,0.44968227,0.43316033,43.22552490234375
80,80,80,80,80,80,83,BO: Cochabamba-Cochabamba,-17.389444444444443,-66.15666666666667,-17.389444444444443,-66.15666666666667,31490,22020,14,243,87,0.43165144324302673,0.47606921195983887,,2.810126582278481,0.49003404,0.46316075,43.16514587402344
81,81,81,81,81,81,84,BO: Cochabamba-Sacaba,-17.397777777777776,-66.03805555555556,-17.397777777777776,-66.03805555555556,23161,11718,15,61,24,0.4574090838432312,0.4357281029224396,,3.3,0.4188083,0.41235596,41.235595703125
82,82,82,82,82,82,85,BO: Cochabamba-Quillacollo,-17.392222222222223,-66.27833333333334,-17.392222222222223,-66.27833333333334,22970,11926,13,118,49,0.42889150977134705,0.39197346568107605,,2.55,0.42322966,0.44491568,39.19734573364258
83,83,83,83,83,83,86,BO: Cochabamba-Ivirgarzama,-17.050833333333333,-64.86583333333333,-17.050833333333333,-64.86583333333333,14873,6937,12,2,2,0.474504292011261,0.45048072934150696,,2.95,0.44021493,0.42822313,42.82231140136719
84,84,84,84,84,84,89,BO: Cochabamba-Pocona,-17.65,-65.4,-17.65,-65.4,2767,3612,131,4,1,0.4828380048274994,0.45912712812423706,,2.8,0.47834146,0.44300273,44.30027389526367
85,85,85,85,85,85,91,BO: La Paz-La Paz,-16.5,-68.15,-16.5,-68.15,31827,12652,12,427,104,0.4759436845779419,0.4504869282245636,,2.888888888888889,0.45016322,0.4782759,45.01632308959961
86,86,86,86,86,86,92,BO: La Paz-El Alto,-16.513333333333332,-68.19222222222223,-16.513333333333332,-68.19222222222223,17500,8888,29,95,14,0.5532530546188354,0.4811150133609772,,2.804123711340206,0.5129507,0.48350528,48.11149978637695
87,87,87,87,87,87,93,BO: La Paz-Patacamaya,-17.23611111111111,-67.91416666666667,-17.23611111111111,-67.91416666666667,23200,8623,11,6,5,0.5077236294746399,0.4388168752193451,,2.533333333333333,0.4620946,0.44918358,43.88168716430664
88,88,88,88,88,88,94,BO: La Paz-Cairoma,-16.9,-67.55,-16.9,-67.55,40808,31179,30,3,2,0.4800042510032654,0.4700597822666168,,2.789473684210526,0.47668767,0.44965813,44.96581268310547
89,89,89,89,89,89,95,BO: La Paz-Inquisivi,-16.95777777777778,-67.1563888888889,-16.95777777777778,-67.1563888888889,396011,424841,9,2,1,0.45550328493118286,0.48652008175849915,,2.6842105263157894,0.46318623,0.46873412,45.55032730102539
90,90,90,90,90,90,96,BO: La Paz-San Antonio,-15.324444444444444,-67.52194444444444,-15.324444444444444,-67.52194444444444,20602,305,589,1,1,0.3684804141521454,0.4641260802745819,,2.526315789473684,0.395553,0.45284954,36.84804153442383
91,91,91,91,91,91,97,BO: La Paz-Santa Fe,-13.804444444444446,-67.82583333333334,-13.804444444444446,-67.82583333333334,29891,15304,11,1,1,0.3788674473762512,0.40925276279449463,,3.1,0.41103363,0.4187839,37.88674545288086
92,92,92,92,92,92,98,BO: La Paz-Taipiplaya,-15.833333333333334,-67.6,-15.833333333333334,-67.6,20135,1137,13,1,1,0.4360879361629486,0.41364091634750366,,2.526315789473684,0.43023437,0.4133075,41.33074951171875
93,93,93,93,93,93,99,BO: Oruro-Oruro,-17.983333333333334,-67.15,-17.983333333333334,-67.15,22990,15127,21,24,8,0.47618454694747925,0.5672266483306885,,2.909090909090909,0.5195469,0.5467147,47.61845397949219
94,94,94,94,94,94,100,BO: La Paz-Antequera,-17.666666666666668,-68.11666666666666,-17.666666666666668,-68.11666666666666,23054,30421,20,4,2,0.41679802536964417,0.3898853361606598,,3.2,0.40972537,0.3931561,38.98853302001953
95,95,95,95,95,95,101,BO: Pando-Cobija,-11.026666666666667,-68.76916666666666,-11.026666666666667,-68.76916666666666,38144,23036,20,111,19,0.4672299921512604,0.5032781362533569,,2.5,0.48127127,0.4301658,43.016578674316406
96,96,96,96,96,96,102,BO: Pando-Santa Lucia,-11.08361111111111,-67.89555555555556,-11.08361111111111,-67.89555555555556,4370,4761,15,2,1,0.48350754380226135,0.49093756079673767,,2.6,0.4619339,0.47043264,46.193389892578125
97,97,97,97,97,97,103,BO: Potosi-Potosi,-19.58361111111111,-65.75305555555556,-19.58361111111111,-65.75305555555556,30042,15471,17,123,55,0.44372260570526123,0.464197039604187,,3.2,0.45628837,0.4500139,44.37226104736328
98,98,98,98,98,98,104,BO: Potosi-Llallagua,-18.424722222222226,-66.57777777777777,-18.424722222222226,-66.57777777777777,16967,13593,37,9,4,0.4709568917751312,0.5011816620826721,,3.15,0.49015388,0.45739532,45.739532470703125
99,99,99,99,99,99,105,BO: Potosi-Tinguipaya,-19.22,-65.82277777777777,-19.22,-65.82277777777777,15609,9526,9,1,1,0.4836486279964447,0.44515055418014526,,2.555555555555556,0.4518485,0.4416312,44.16312026977539
100,100,100,100,100,100,106,BO: Potosi-Chayanta-Colquechaca,-18.883333333333333,-66.08333333333333,-18.883333333333333,-66.08333333333333,19327,1769,595,1,1,0.492522656917572,0.4639667570590973,,2.8421052631578947,0.49896914,0.44130015,44.1300163269043
101,101,101,101,101,101,107,BO: Potosi-Quivi Quivi,-19.45,-65.46666666666667,-19.45,-65.46666666666667,24562,21004,13,15,7,0.4464934170246124,0.4367857873439789,,2.8421052631578947,0.44584885,0.464659,43.6785774230957
102,102,102,102,102,102,108,BO: Santa Cruz-Santa Cruz,-17.78611111111111,-63.18111111111111,-17.78611111111111,-63.18111111111111,36152,16442,13,208,84,0.40610724687576294,0.4328058362007141,,2.8106508875739644,0.41982526,0.47560823,40.61072540283203
103,103,103,103,103,103,109,BO: Santa Cruz-Montero Hoyos,-17.642777777777777,-62.82222222222222,-17.642777777777777,-62.82222222222222,18848,9145,4,2,1,0.4590516686439514,0.48734328150749207,,3.0,0.5104098,0.487116,45.90516662597656
104,104,104,104,104,104,110,BO: Santa Cruz-La Guardia,-17.8925,-63.29222222222222,-17.8925,-63.29222222222222,32055,14244,7,8,6,0.4201032817363739,0.46272018551826477,,2.833333333333333,0.47499466,0.46240255,42.01032638549805
105,105,105,105,105,105,111,BO: Santa Cruz-Ascension de Guarayos,-15.932777777777778,-63.155277777777776,-15.932777777777778,-63.155277777777776,8844,6507,10,1,1,0.518227219581604,0.5134342908859253,,1.9,0.50248945,0.44235367,44.23536682128906
106,106,106,106,106,106,112,BO: Santa Cruz-Las Barreras,-17.454166666666666,-63.17972222222222,-17.454166666666666,-63.17972222222222,25846,17115,6,7,4,0.508998453617096,0.4777568280696869,,2.65,0.4799485,0.46152407,46.152408599853516
107,107,107,107,107,107,113,BO: Santa Cruz-Don Lorenzo,-17.783333333333335,-62.86666666666667,-17.783333333333335,-62.86666666666667,2446,986,15,1,1,0.444928914308548,0.47371023893356323,,2.526315789473684,0.49081013,0.45488593,44.49289321899414
108,108,108,108,108,108,114,BO: Santa Cruz-Paurito,-17.880833333333335,-62.94138888888889,-17.880833333333335,-62.94138888888889,3512,6831,46,61,6,0.4767472743988037,0.4666977822780609,,2.411764705882353,0.49417418,0.46600875,46.60087585449219
109,109,109,109,109,109,115,BO: Santa Cruz-La Asunta,-17.65,-61.63333333333333,-17.65,-61.63333333333333,17845,8121,18,3,2,0.4508453607559204,0.4662879407405853,,2.55,0.4707974,0.48186746,45.084537506103516
110,110,110,110,110,110,116,BO: Tarija-Tarija,-21.53527777777778,-64.72944444444444,-21.53527777777778,-64.72944444444444,27191,17496,26,80,32,0.46277645230293274,0.44645851850509644,,2.75,0.45688176,0.44172215,44.17221450805664
111,111,111,111,111,111,117,BO: Tarija-Yacuiba,-21.960833333333333,-63.65166666666666,-21.960833333333333,-63.65166666666666,17376,17206,23,3,2,0.4758915901184082,0.45263606309890747,,2.6,0.47388113,0.41835573,41.835575103759766
112,112,112,112,112,112,118,BO: Tarija-Villa El Carmen,-21.78805555555556,-63.57361111111111,-21.78805555555556,-63.57361111111111,12033,3854,50,2,1,0.5435352325439453,0.5038508772850037,,2.833333333333333,0.48088822,0.4381653,43.816532135009766
113,113,113,113,113,113,119,BR: Nordeste-Caruaru,-8.283333333333333,-35.97611111111112,-8.283333333333333,-35.97611111111112,76509,68429,10,87,32,0.4823116362094879,0.47490713000297546,,2.5,0.45540246,0.4363745,43.637447357177734
114,114,114,114,114,114,120,BR: Sul-Sao Miguel do Oeste,-26.781388888888888,-53.50333333333333,-26.781388888888888,-53.50333333333333,377547,223772,3,9,2,0.5780828595161438,0.47650495171546936,,2.9285714285714284,0.5144111,0.4196323,41.96323013305664
115,115,115,115,115,115,121,BR: Nordeste-Alagoas-Junqueiro,-9.885,-36.45638888888889,-9.885,-36.45638888888889,93926,59034,4,1,1,0.5117031931877136,0.5074223279953003,,2.8095238095238093,0.5376069,0.46357626,46.35762405395508
116,116,116,116,116,116,122,BR: Norte-Maraba,-5.381388888888888,-49.13222222222223,-5.381388888888888,-49.13222222222223,181443,133460,12,38,19,0.43806201219558716,0.4884905517101288,,2.9285714285714284,0.51349944,0.49672964,43.80620193481445
117,117,117,117,117,117,123,BR: Nordeste-Ceara-Itarema,-3.083333333333333,-39.89694444444444,-3.083333333333333,-39.89694444444444,1763,2017,6,1,1,0.3985729515552521,0.462735652923584,,2.8846153846153846,0.43455455,0.43847945,39.857295989990234
118,118,118,118,118,118,124,BR: Sul-Araucaria,-25.593055555555555,-49.41027777777778,-25.593055555555555,-49.41027777777778,114283,103351,4,24,9,0.5145685076713562,0.4672538936138153,,3.2857142857142856,0.48113713,0.4641116,46.41115951538086
119,119,119,119,119,119,125,BR: Sudeste-Taubate,-23.02638888888889,-45.555277777777775,-23.02638888888889,-45.555277777777775,196239,81358,14,108,50,0.4226907789707184,0.4607428014278412,,2.9285714285714284,0.47215542,0.45272723,42.26907730102539
120,120,120,120,120,120,126,BR: Sul-Rio Grande do Sul-Lajeado,-29.466944444444444,-51.96138888888889,-29.466944444444444,-51.96138888888889,237308,101866,10,17,5,0.5112167596817017,0.4945380389690399,,2.571428571428572,0.5113835,0.4452679,44.52678680419922
121,121,121,121,121,121,127,BR: Sudeste-Sao Paulo,-23.547500000000003,-46.63611111111111,-23.547500000000003,-46.63611111111111,193724,132199,7,435,150,0.5551980137825012,0.4597316384315491,,2.742857142857143,0.48323366,0.46461335,45.97316360473633
122,122,122,122,122,122,128,BR: Nordeste-Ceara-Araripe,-7.204444444444444,-40.11416666666667,-7.204444444444444,-40.11416666666667,831,467,7,1,1,0.44725990295410156,0.5088403820991516,,2.92,0.5199228,0.45484036,44.725990295410156
123,123,123,123,123,123,129,BR: Centro Oeste-Cuiaba,-15.596111111111112,-56.09666666666667,-15.596111111111112,-56.09666666666667,138844,89232,8,92,46,0.49775609374046326,0.4619581401348114,,2.9285714285714284,0.409263,0.43786892,40.926300048828125
124,124,124,124,124,124,130,BR: Sul-Rio Grande do Sul-Ametista do Sul,-27.36694444444445,-53.18694444444444,-27.36694444444445,-53.18694444444444,689,455,432,2,2,0.4543732702732086,0.4455561935901642,,2.9285714285714284,0.44170547,0.40677333,40.67733383178711
125,125,125,125,125,125,131,BR: Sul-Parana-Altonia,-23.886388888888888,-53.96833333333333,-23.886388888888888,-53.96833333333333,20183,24206,6,1,1,0.5599684119224548,0.503564715385437,,2.9285714285714284,0.486608,0.476482,47.64820098876953
126,126,126,126,126,126,132,BR: Nordeste-Bahia-Utinga,-12.0425,-41.19472222222222,-12.0425,-41.19472222222222,10884,28095,14,1,1,0.46266719698905945,0.43771806359291077,,2.9642857142857144,0.4442968,0.40487117,40.487117767333984
127,127,127,127,127,127,133,BR: Sudeste-Rio De Janeiro,-22.906388888888888,-43.18222222222222,-22.906388888888888,-43.18222222222222,131867,87928,7,467,143,0.5233319997787476,0.5211510062217712,,2.9411764705882355,0.5340753,0.5235519,52.1151008605957
128,128,128,128,128,128,134,BR: Nordeste-Jaboatao Dos Guararapes,-8.112777777777778,-35.014722222222225,-8.112777777777778,-35.014722222222225,70188,67430,5,174,52,0.48113057017326355,0.45325544476509094,,2.4285714285714284,0.45061547,0.42551902,42.551902770996094
129,129,129,129,129,129,135,BR: Sudeste-Sao Paulo-Pederneiras,-22.308611111111112,-48.86555555555556,-22.308611111111112,-48.86555555555556,34138,42484,3,10,3,0.49194490909576416,0.4997634291648865,,2.857142857142857,0.5198361,0.52087295,49.19449234008789
130,130,130,130,130,130,136,BR: Sul-Rio Grande do Sul-Flores da Cunha,-29.028888888888886,-51.181666666666665,-29.028888888888886,-51.181666666666665,104038,66664,4,118,33,0.5081676840782166,0.4684235155582428,,2.7142857142857144,0.48247215,0.41357055,41.3570556640625
131,131,131,131,131,131,137,BR: Nordeste-Maranhao-Vitoria do Mearim,-3.4622222222222225,-44.87055555555556,-3.4622222222222225,-44.87055555555556,154173,140442,4,34,10,0.5245371460914612,0.5016095638275146,,2.571428571428572,0.49403208,0.45765883,45.76588439941406
132,132,132,132,132,132,138,BR: Sudeste-Sao Paulo-Pedreiras,-22.74194444444445,-46.90138888888889,-22.74194444444445,-46.90138888888889,138901,103204,7,84,18,0.5295314788818359,0.4848899245262146,,2.892857142857143,0.48549145,0.42990127,42.99012756347656
133,133,133,133,133,133,139,BR: Nordeste-Bahia-Teofilandia,-11.533888888888889,-38.94499999999999,-11.533888888888889,-38.94499999999999,18095,9006,2,3,1,0.42633000016212463,0.40997186303138733,,3.0,0.44386786,0.44922632,40.99718475341797
134,134,134,134,134,134,140,BR: Nordeste-Campina Grande,-7.230555555555556,-35.88111111111111,-7.230555555555556,-35.88111111111111,151312,85027,16,102,28,0.4949518144130707,0.4761964976787567,,2.571428571428572,0.44352838,0.4402308,44.02307891845703
135,135,135,135,135,135,141,BR: Sudeste-Praia Grande,-24.00583333333333,-46.40277777777778,-24.00583333333333,-46.40277777777778,187026,83850,15,156,64,0.5013340711593628,0.5022003054618835,,3.071428571428572,0.51828176,0.5172558,50.13340759277344
136,136,136,136,136,136,142,BR: Sudeste-Sao Paulo-Marilia,-22.21388888888889,-49.94583333333333,-22.21388888888889,-49.94583333333333,202949,115925,12,67,34,0.431548148393631,0.5026463866233826,,2.642857142857143,0.4867545,0.4497923,43.154815673828125
137,137,137,137,137,137,143,BR: Nordeste-Paulista,-7.940833333333334,-34.87305555555555,-7.940833333333334,-34.87305555555555,141747,143747,2,60,23,0.533118486404419,0.5025849342346191,,2.7142857142857144,0.554786,0.5150219,50.25849151611328
138,138,138,138,138,138,144,BR: Centro Oeste-Mato Grosso do Sul-Ponta Pora,-22.53611111111111,-55.72555555555556,-22.53611111111111,-55.72555555555556,112710,67448,10,121,42,0.49488499760627747,0.4859015941619873,,3.0,0.45717183,0.49805865,45.71718215942383
139,139,139,139,139,139,145,BR: Nordeste-Fortaleza,-3.7172222222222224,-38.543055555555554,-3.7172222222222224,-38.543055555555554,142739,101206,5,261,82,0.5869099497795105,0.4709476828575134,,2.857142857142857,0.45752606,0.52673614,45.75260543823242
140,140,140,140,140,140,146,BR: Nordeste-Salvador,-12.975555555555555,-38.490833333333335,-12.975555555555555,-38.490833333333335,166985,104947,6,324,90,0.4313115179538727,0.5044584274291992,,2.9,0.5130584,0.51750284,43.13115310668945
141,141,141,141,141,141,147,BR: Sudeste-Mogi das Cruzes,-23.522777777777776,-46.18833333333333,-23.522777777777776,-46.18833333333333,162174,66430,36,118,34,0.4680446982383728,0.491167813539505,,2.571428571428572,0.50449336,0.48130974,46.80447006225586
142,142,142,142,142,142,148,BR: Norte-Amazonas-Nova Olinda,-3.9463888888888894,-58.59722222222222,-3.9463888888888894,-58.59722222222222,2596,1418,62,1,1,0.3580208122730255,0.438412606716156,,2.857142857142857,0.42821607,0.47082317,35.80208206176758
143,143,143,143,143,143,149,BR: Sudeste-Santo Andre,-23.663888888888888,-46.53833333333333,-23.663888888888888,-46.53833333333333,219168,92666,10,216,90,0.5057189464569092,0.4622243046760559,,2.571428571428572,0.4577241,0.45188227,45.188228607177734
144,144,144,144,144,144,150,BR: Sul-Sao Jose Dos Pinhais,-25.53,-49.208333333333336,-25.53,-49.208333333333336,170827,87102,7,58,29,0.5086544156074524,0.4838743209838867,,2.7142857142857144,0.50051606,0.4789566,47.895660400390625
145,145,145,145,145,145,151,BR: Centro Oeste-Brasilia,-15.0,-52.0,-15.0,-52.0,7655,5421,16,22,1,0.5320510864257812,0.4993579685688019,,2.75,0.4875435,0.5216678,48.75434875488281
146,146,146,146,146,146,152,BR: Sudeste-Montes Claros,-16.587777777777777,-43.89972222222222,-16.587777777777777,-43.89972222222222,4394,2709,18,3,1,0.4098424017429352,0.43840184807777405,,2.7142857142857144,0.46494472,0.42098874,40.9842414855957
147,147,147,147,147,147,153,BR: Norte-Para-Sao Felix do Xingu,-7.213333333333334,-52.19333333333333,-7.213333333333334,-52.19333333333333,1805,5101,110,2,1,0.3465648591518402,0.36156007647514343,,2.571428571428572,0.3646498,0.42972213,34.65648651123047
148,148,148,148,148,148,154,BR: Sudeste-Uberlandia,-18.91861111111111,-48.27722222222222,-18.91861111111111,-48.27722222222222,158650,90433,11,211,83,0.45408594608306885,0.47017350792884827,,2.9285714285714284,0.4309836,0.45036343,43.09836196899414
149,149,149,149,149,149,155,BR: Norte-Jaru,-10.43888888888889,-62.46638888888889,-10.43888888888889,-62.46638888888889,100522,73770,3,16,9,0.4935135841369629,0.4477025866508484,,3.142857142857143,0.46155292,0.43477717,43.477718353271484
150,150,150,150,150,150,156,BR: Nordeste-Recife,-8.05388888888889,-34.88111111111111,-8.05388888888889,-34.88111111111111,182957,112259,18,184,76,0.5247703194618225,0.538022518157959,,2.857142857142857,0.5452196,0.48335266,48.33526611328125
151,151,151,151,151,151,157,BR: Sul-Curitiba,-25.42777777777778,-49.27305555555555,-25.42777777777778,-49.27305555555555,205641,85426,11,337,149,0.4751238226890564,0.42237117886543274,,3.0,0.48070887,0.4330834,42.237117767333984
152,152,152,152,152,152,158,BR: Sul-Alvorada,-21.480555555555554,-54.1525,-21.480555555555554,-54.1525,22770,3006,628,8,1,0.43668925762176514,0.5629425644874573,,3.0,0.49839988,0.5690176,43.66892623901367
153,153,153,153,153,153,159,BR: Sudeste-Duque De Caxias,-22.78555555555556,-43.31166666666666,-22.78555555555556,-43.31166666666666,176202,113918,5,194,26,0.47798553109169006,0.5026374459266663,,2.7142857142857144,0.48597896,0.5273282,47.798553466796875
154,154,154,154,154,154,160,BR: Norte-Manaus,-3.1019444444444444,-60.025,-3.1019444444444444,-60.025,188000,80801,18,188,49,0.49017852544784546,0.4426106810569763,,2.642857142857143,0.44388112,0.49501455,44.26106643676758
155,155,155,155,155,155,161,BR: Sudeste-Ribeirao Preto,-21.1775,-47.81027777777778,-21.1775,-47.81027777777778,180963,71915,16,128,61,0.4800737500190735,0.46374112367630005,,2.9285714285714284,0.46318546,0.4745193,46.318546295166016
156,156,156,156,156,156,162,BR: Sudeste-Paulinia,-22.76111111111112,-47.15416666666667,-22.76111111111112,-47.15416666666667,193566,96031,11,32,11,0.4787367880344391,0.5324268937110901,,2.7142857142857144,0.52460784,0.5080077,47.873680114746094
157,157,157,157,157,157,163,BR: Sudeste-Rio De Janeiro-Cachoeiras de Macacu,-22.487222222222226,-42.71138888888889,-22.487222222222226,-42.71138888888889,28801,68750,4,2,1,0.4897325932979584,0.4474032521247864,,2.642857142857143,0.4422673,0.39332217,39.332218170166016
158,158,158,158,158,158,164,BR: Nordeste-Bahia-Marau-Barra,-13.905,-38.93305555555556,-13.905,-38.93305555555556,129707,92577,3,7,2,0.5464123487472534,0.5301478505134583,,2.9642857142857144,0.5036404,0.5401282,50.36404037475586
159,159,159,159,159,159,165,BR: Nordeste-Sao Luis,-2.529722222222222,-44.30277777777778,-2.529722222222222,-44.30277777777778,105477,41875,29,19,9,0.5021988749504089,0.5209370255470276,,3.0,0.55261946,0.54923415,50.219886779785156
160,160,160,160,160,160,166,BR: Sudeste-Nova Iguacu,-22.759166666666665,-43.45111111111111,-22.759166666666665,-43.45111111111111,225219,106961,10,505,141,0.5231482982635498,0.43619778752326965,,3.0,0.4608593,0.4509456,43.61977767944336
161,161,161,161,161,161,167,BR: Sul-Cascavel,-24.95583333333333,-53.45527777777778,-24.95583333333333,-53.45527777777778,157494,84754,15,173,67,0.4137803912162781,0.43916162848472595,,3.0,0.43353036,0.5160395,41.3780403137207
162,162,162,162,162,162,168,BR: Sudeste-Pouso Alegre,-22.23,-45.936388888888885,-22.23,-45.936388888888885,186034,136720,18,341,77,0.47182556986808777,0.4989430606365204,,2.857142857142857,0.49421787,0.4610615,46.10615158081055
163,163,163,163,163,163,169,BR: Sudeste-Minas Gerais-Sao Domingos das Dores,-19.51972222222222,-42.03388888888889,-19.51972222222222,-42.03388888888889,76166,55909,3,17,1,0.5243183970451355,0.4639310836791992,,2.7857142857142856,0.46178314,0.40632096,40.63209533691406
164,164,164,164,164,164,170,BR: Sul-Gravatai,-29.941944444444445,-50.99277777777778,-29.941944444444445,-50.99277777777778,189388,126604,8,181,36,0.43072378635406494,0.5664872527122498,,2.4285714285714284,0.5266041,0.45882538,43.07238006591797
165,165,165,165,165,165,171,BR: Sudeste-Sao Paulo-Cajamar,-23.351666666666667,-46.88111111111111,-23.351666666666667,-46.88111111111111,165528,96980,3,15,10,0.46504443883895874,0.47846049070358276,,2.7142857142857144,0.51140195,0.49522275,46.50444412231445
166,166,166,166,166,166,172,BR: Sudeste-Sao Goncalo,-21.892222222222223,-45.59527777777778,-21.892222222222223,-45.59527777777778,124669,80011,11,34,6,0.43900489807128906,0.45659810304641724,,2.571428571428572,0.49819615,0.46092486,43.900489807128906
167,167,167,167,167,167,173,BR: Sudeste-Mage,-22.634722222222223,-43.12055555555556,-22.634722222222223,-43.12055555555556,335401,163696,3,3,1,0.5097050666809082,0.4810093343257904,,2.4285714285714284,0.44056046,0.44975784,44.05604553222656
168,168,168,168,168,168,174,BR: Nordeste-Joao Pessoa,-7.114999999999999,-34.863055555555555,-7.114999999999999,-34.863055555555555,167459,74867,23,74,33,0.514198362827301,0.5459614992141724,,2.7857142857142856,0.5209324,0.49559993,49.559993743896484
169,169,169,169,169,169,175,BR: Sudeste-Sao Bernardo Do Campo,-23.69388888888889,-46.565,-23.69388888888889,-46.565,202148,73523,10,540,118,0.5677642822265625,0.4595959484577179,,2.7142857142857144,0.49138594,0.46866956,45.9595947265625
170,170,170,170,170,170,176,BR: Sudeste-Sao Joao De Meriti,-22.80388888888889,-43.37222222222222,-22.80388888888889,-43.37222222222222,240467,176422,4,202,32,0.4557481110095978,0.4745049476623535,,2.4285714285714284,0.43575442,0.4900897,43.575443267822266
171,171,171,171,171,171,177,BR: Sudeste-Itupeva,-23.145,-47.06361111111111,-23.145,-47.06361111111111,147532,124009,5,1,1,0.4780408442020416,0.5015648007392883,,2.642857142857143,0.5048621,0.44723663,44.723663330078125
172,172,172,172,172,172,178,BR: Sudeste-Guarulhos,-23.462777777777777,-46.53333333333333,-23.462777777777777,-46.53333333333333,217790,96270,10,282,115,0.48593586683273315,0.4797537922859192,,3.0,0.50751907,0.47021994,47.021995544433594
173,173,173,173,173,173,179,BR: Sudeste-Rio De Janeiro-Aperibe,-21.641388888888887,-42.1275,-21.641388888888887,-42.1275,33025,40967,4,1,1,0.5090019702911377,0.4361472725868225,,2.7857142857142856,0.45703864,0.42548445,42.54844665527344
174,174,174,174,174,174,180,BR: Sudeste-Minas Gerais-Cassia,-20.58305555555556,-46.92194444444444,-20.58305555555556,-46.92194444444444,104591,153028,3,9,4,0.4743489623069763,0.48798948526382446,,2.7142857142857144,0.4893041,0.43979713,43.979713439941406
175,175,175,175,175,175,181,BR: Centro Oeste-Goiania,-16.678611111111113,-49.25388888888889,-16.678611111111113,-49.25388888888889,192748,92668,17,282,66,0.4501381516456604,0.4554140567779541,,2.571428571428572,0.44904843,0.47602138,44.904842376708984
176,176,176,176,176,176,182,BR: Centro Oeste-Goias-Cidade Ocidental,-16.161666666666665,-47.79972222222222,-16.161666666666665,-47.79972222222222,8371,7061,110,26,1,0.49382466077804565,0.5372589826583862,,2.642857142857143,0.52939653,0.45935506,45.93550491333008
177,177,177,177,177,177,183,BR: Sudeste-Sabara,-19.85388888888889,-43.78305555555556,-19.85388888888889,-43.78305555555556,122632,126149,3,2,1,0.45925596356391907,0.4287225604057312,,3.0,0.46524402,0.4048514,40.48514175415039
178,178,178,178,178,178,184,BR: Sudeste-Contagem,-19.93166666666667,-44.05361111111111,-19.93166666666667,-44.05361111111111,203733,144568,6,254,53,0.49579760432243347,0.46678078174591064,,3.0,0.49034804,0.46368918,46.368919372558594
179,179,179,179,179,179,185,BR: Centro Oeste-Mato Grosso-Sao Jose dos Quatro Marcos,-15.56638888888889,-58.29694444444444,-15.56638888888889,-58.29694444444444,3724,698,12,1,1,0.4500921666622162,0.4581677317619324,,2.923076923076923,0.4234914,0.44626227,42.34914016723633
180,180,180,180,180,180,186,BR: Norte-Para-Cameta,-2.295555555555556,-49.49194444444444,-2.295555555555556,-49.49194444444444,147955,135165,7,5,1,0.47496068477630615,0.49035245180130005,,2.7857142857142856,0.4979344,0.49643335,47.49606704711914
181,181,181,181,181,181,187,BR: Sudeste-Belo Horizonte,-19.92083333333333,-43.937777777777775,-19.92083333333333,-43.937777777777775,198367,68444,14,737,219,0.4972025156021118,0.427423357963562,,2.9285714285714284,0.43430185,0.46458808,42.74233627319336
182,182,182,182,182,182,188,BR: Sudeste-Presidente Prudente,-22.12555555555556,-51.388888888888886,-22.12555555555556,-51.388888888888886,186090,96045,16,66,32,0.45276734232902527,0.46086689829826355,,3.0,0.44915828,0.42741153,42.741153717041016
183,183,183,183,183,183,189,BR: Norte-Belem,-1.455833333333333,-48.504444444444445,-1.455833333333333,-48.504444444444445,254435,112782,20,44,9,0.563827633857727,0.5319522023200989,,2.857142857142857,0.50330615,0.5248188,50.33061599731445
184,184,184,184,184,184,190,BR: Sul-Santa Catarina-Sao Francisco do Sul,-26.243333333333336,-48.63805555555555,-26.243333333333336,-48.63805555555555,150209,150638,9,45,18,0.5591327548027039,0.5137380361557007,,3.142857142857143,0.47495562,0.53712755,47.49556350708008
185,185,185,185,185,185,191,BR: Sudeste-Diadema,-23.68611111111111,-46.62277777777778,-23.68611111111111,-46.62277777777778,206247,101896,12,282,90,0.5195274353027344,0.5004193186759949,,3.0,0.4930069,0.5071833,49.300689697265625
186,186,186,186,186,186,192,BR: Sudeste-Minas Gerais-Alvinopolis,-20.10666666666667,-43.04888888888889,-20.10666666666667,-43.04888888888889,213261,178620,9,30,5,0.481765478849411,0.48907965421676636,,2.857142857142857,0.4887296,0.42254347,42.25434494018555
187,187,187,187,187,187,193,BR: Sudeste-Sao Paulo-Osasco,-23.5325,-46.79166666666666,-23.5325,-46.79166666666666,202528,68983,13,150,56,0.49350032210350037,0.5059097409248352,,2.4285714285714284,0.47838402,0.47825772,47.82577133178711
188,188,188,188,188,188,194,BR: Nordeste-Maranguape,-3.995555555555556,-38.72944444444445,-3.995555555555556,-38.72944444444445,28638,17852,4,2,2,0.5172187089920044,0.4438055455684662,,3.0,0.50991523,0.42822954,42.82295227050781
189,189,189,189,189,189,195,BR: Sudeste-Minas Gerais-Rio Espera,-20.85333333333333,-43.52027777777778,-20.85333333333333,-43.52027777777778,41248,41834,10,15,1,0.5139957666397095,0.4430907368659973,,2.7857142857142856,0.44744238,0.40220124,40.220123291015625
190,190,190,190,190,190,196,BR: Sul-Porto Alegre,-30.032777777777778,-51.23,-30.032777777777778,-51.23,200693,97515,12,495,121,0.49373310804367065,0.5338582992553711,,2.857142857142857,0.51029843,0.5274933,49.37331008911133
191,191,191,191,191,191,197,BR: Norte-Ananindeua,-1.3655555555555556,-48.37222222222222,-1.3655555555555556,-48.37222222222222,207620,118982,8,82,28,0.4722953736782074,0.44086140394210815,,2.857142857142857,0.45728293,0.46707442,44.08613967895508
192,192,192,192,192,192,198,BR: Nordeste-Camacari,-12.6975,-38.32416666666667,-12.6975,-38.32416666666667,118389,102093,8,161,36,0.5040145516395569,0.4532237946987152,,2.4285714285714284,0.44916037,0.43403468,43.40346908569336
193,193,193,193,193,193,199,BR: Centro Oeste-Goias-Itaberai,-16.02027777777778,-49.81027777777778,-16.02027777777778,-49.81027777777778,108940,112097,3,23,6,0.47158944606781006,0.5247746706008911,,2.7857142857142856,0.5330664,0.474896,47.15894317626953
194,194,194,194,194,194,200,BR: Sul-Rio Grande do Sul-Sapiranga,-29.63805555555556,-51.00694444444444,-29.63805555555556,-51.00694444444444,236628,134009,5,52,14,0.5007678866386414,0.47245773673057556,,2.571428571428572,0.47423124,0.43782848,43.7828483581543
195,195,195,195,195,195,201,BR: Sudeste-Catanduva,-21.13777777777777,-48.97277777777778,-21.13777777777777,-48.97277777777778,172551,123685,8,181,59,0.4761423170566559,0.5085489749908447,,2.571428571428572,0.48839214,0.45536882,45.53688049316406
196,196,196,196,196,196,202,CO: Bogota D.C.,4.609444444444444,-74.08166666666666,4.609444444444444,-74.08166666666666,177708,146409,9,114,57,0.5342084765434265,0.46187591552734375,,3.3268292682926828,0.48488414,0.48806608,46.187591552734375
197,197,197,197,197,197,203,CO: Atlantico,10.968333333333334,-74.78111111111112,10.968333333333334,-74.78111111111112,192318,191302,6,55,22,0.45137593150138855,0.49075785279273987,,3.27,0.44898582,0.5001732,44.898582458496094
198,198,198,198,198,198,204,CO: Cordoba,8.747777777777777,-75.88138888888888,8.747777777777777,-75.88138888888888,183717,124010,12,102,33,0.4489152729511261,0.4811764657497406,,3.088888888888889,0.45619813,0.47081324,44.89152908325195
199,199,199,199,199,199,205,CO: Bolivar,10.399722222222222,-75.51444444444445,10.399722222222222,-75.51444444444445,125885,97417,10,149,63,0.4532018303871155,0.5459617376327515,,3.45,0.53721243,0.50553787,45.32018280029297
200,200,200,200,200,200,206,CO: Magdalena,11.240555555555554,-74.19888888888889,11.240555555555554,-74.19888888888889,158387,126947,15,149,44,0.48632413148880005,0.5232729315757751,,3.533333333333333,0.4986852,0.5467383,48.63241195678711
201,201,201,201,201,201,207,CO: Cesar,9.333333333333334,-73.5,9.333333333333334,-73.5,3761,1747,9,1,1,0.5122488141059875,0.43999484181404114,,3.3666666666666667,0.4568201,0.40178204,40.17820358276367
202,202,202,202,202,202,208,CO: Antioquia,6.251666666666667,-75.56333333333333,6.251666666666667,-75.56333333333333,106910,81110,11,244,95,0.4712202847003937,0.4458170235157013,,3.48,0.45942155,0.42483425,42.48342514038086
203,203,203,203,203,203,209,CO: Huila,2.5,-75.58333333333333,2.5,-75.58333333333333,8935,1907,23,1,1,0.4816906750202179,0.4392041265964508,,3.4375,0.43803617,0.46337995,43.80361557006836
204,204,204,204,204,204,210,CO: Risaralda,5.0,-76.0,5.0,-76.0,11926,14286,16,7,1,0.45109617710113525,0.3958204388618469,,3.4705882352941178,0.4026271,0.43688104,39.5820426940918
205,205,205,205,205,205,211,CO: Tolima,4.438888888888889,-75.23222222222222,4.438888888888889,-75.23222222222222,148893,135518,13,20,6,0.4550986886024475,0.4216548502445221,,3.225,0.43443868,0.3996959,39.96958923339844
206,206,206,206,206,206,212,CO: Caldas,5.068888888888889,-75.51722222222222,5.068888888888889,-75.51722222222222,131415,47217,25,250,84,0.46941477060317993,0.45364806056022644,,3.3015873015873014,0.43208033,0.4105209,41.05208969116211
207,207,207,207,207,207,213,CO: Santander,7.893888888888887,-72.50777777777778,7.893888888888887,-72.50777777777778,100369,23419,32,44,24,0.45761579275131226,0.45437511801719666,,3.3777777777777778,0.43900174,0.4318979,43.18979263305664
208,208,208,208,208,208,214,CO: Meta,3.5,-73.0,3.5,-73.0,16730,6495,27,5,3,0.477230966091156,0.4543522596359253,,3.096774193548387,0.4390362,0.41572875,41.5728759765625
209,209,209,209,209,209,215,CO: Boyaca,5.666666666666667,-73.0,5.666666666666667,-73.0,19029,23200,14,8,4,0.5107781887054443,0.47368448972702026,,3.4642857142857144,0.43460235,0.4094376,40.94375991821289
210,210,210,210,210,210,216,CO: Cundinamarca,5.0,-74.16666666666667,5.0,-74.16666666666667,15443,1808,728,1,1,0.5402511954307556,0.4347458481788635,,3.421052631578948,0.4807606,0.4259116,42.59115982055664
211,211,211,211,211,211,217,CO: Norte de Santander,7.893888888888887,-72.50777777777778,7.893888888888887,-72.50777777777778,100369,23419,32,44,24,0.4576173424720764,0.4543758034706116,,3.066666666666667,0.43900108,0.43070745,43.07074737548828
212,212,212,212,212,212,218,CO: Valle del Cauca,3.437222222222222,-76.5225,3.437222222222222,-76.5225,137884,48316,19,132,57,0.46338146924972534,0.4490422308444977,,3.207317073170732,0.4147326,0.4307631,41.47325897216797
213,213,213,213,213,213,219,CO: Cauca,3.437222222222222,-76.5225,3.437222222222222,-76.5225,137884,48316,19,132,57,0.46338146924972534,0.4490422308444977,,3.0,0.4147256,0.43075642,41.47256088256836
214,214,214,214,214,214,220,CO: Narino,1.5,-78.0,1.5,-78.0,438,2232,871,1,1,0.37891414761543274,0.4142921268939972,,3.2790697674418605,0.39833626,0.42015073,37.891414642333984
215,215,215,215,215,215,221,CO: Amazonas,-1.1666666666666667,-71.5,-1.1666666666666667,-71.5,7977,607,109,4,1,0.45337268710136414,0.46492627263069153,,2.75,0.5053159,0.44872895,44.872894287109375
216,216,216,216,216,216,222,CR: San Jose-Alajuelita,9.887222222222222,-84.11138888888888,9.887222222222222,-84.11138888888888,140891,97301,7,72,22,0.4525311589241028,0.38819223642349243,,3.3157894736842106,0.40796357,0.41566968,38.8192253112793
217,217,217,217,217,217,223,CR: San Jose-Aserri,9.866666666666667,-84.1,9.866666666666667,-84.1,12921,6939,4,1,1,0.42610493302345276,0.39716923236846924,,3.3,0.41374272,0.42629027,39.716922760009766
218,218,218,218,218,218,224,CR: San Jose-Curridabat,9.91388888888889,-84.03583333333333,9.91388888888889,-84.03583333333333,105151,70265,6,413,132,0.4902656674385071,0.46462282538414,,3.4,0.4602259,0.4307821,43.07821273803711
219,219,219,219,219,219,225,CR: San Jose-Desamparados,9.855277777777776,-84.0411111111111,9.855277777777776,-84.0411111111111,109026,98433,14,63,20,0.46880340576171875,0.41873958706855774,,3.142857142857143,0.41465783,0.41704902,41.465782165527344
220,220,220,220,220,220,226,CR: San Jose-Escazu,9.91861111111111,-84.13972222222223,9.91861111111111,-84.13972222222223,90985,58831,7,228,89,0.44388678669929504,0.42060378193855286,,3.8,0.39595473,0.41434008,39.59547424316406
221,221,221,221,221,221,227,CR: San Jose-Goicoechea,9.948333333333334,-84.06361111111111,9.948333333333334,-84.06361111111111,96314,70379,6,115,53,0.5533491373062134,0.45199722051620483,,3.3666666666666667,0.4480089,0.40872818,40.87281799316406
222,222,222,222,222,222,228,CR: San Jose-Montes de Oca,9.939444444444444,-84.03,9.939444444444444,-84.03,94960,63053,7,550,138,0.46749165654182434,0.45855051279067993,,3.3,0.44020364,0.41681013,41.68101119995117
223,223,223,223,223,223,229,CR: San Jose-Moravia,9.961944444444445,-84.04916666666666,9.961944444444445,-84.04916666666666,112737,68723,7,312,87,0.4858305752277374,0.438780277967453,,3.5,0.44081846,0.40799764,40.79976272583008
224,224,224,224,224,224,230,CR: San Jose-San Jose,9.933333333333334,-84.08333333333333,9.933333333333334,-84.08333333333333,49307,28322,13,111,40,0.4364664852619171,0.471431702375412,,3.4237288135593222,0.4332216,0.41716617,41.716617584228516
225,225,225,225,225,225,231,CR: San Jose-Tibas,9.966666666666669,-84.08333333333333,9.966666666666669,-84.08333333333333,117772,105212,5,351,53,0.5487661361694336,0.4685199558734894,,3.5,0.48942694,0.43357348,43.35734939575195
226,226,226,226,226,226,232,CR: San Jose-Vasquez de Coronado,9.866666666666667,-83.91666666666667,9.866666666666667,-83.91666666666667,88520,42732,9,178,64,0.46354344487190247,0.4379889667034149,,3.2,0.47525188,0.39434507,39.43450927734375
227,227,227,227,227,227,233,CR: San Jose-Santa Ana,9.924722222222222,-84.19388888888889,9.924722222222222,-84.19388888888889,81979,53280,7,186,51,0.49777573347091675,0.45538613200187683,,3.2,0.43072698,0.44160005,43.072696685791016
228,228,228,228,228,228,234,CR: Alajuela-Central,10.016111111111112,-84.21138888888889,10.016111111111112,-84.21138888888889,93039,36725,11,410,118,0.49634820222854614,0.47754111886024475,,3.254237288135593,0.46699858,0.43728256,43.72825622558594
229,229,229,229,229,229,235,CR: Alajuela-Grecia,10.068888888888887,-84.31444444444445,10.068888888888887,-84.31444444444445,54976,38990,14,11,6,0.4806806445121765,0.4423638582229614,,3.5,0.44938836,0.39236537,39.23653793334961
230,230,230,230,230,230,236,CR: Alajuela-Poas,10.083333333333334,-84.23333333333333,10.083333333333334,-84.23333333333333,49970,57215,5,5,2,0.5144456624984741,0.44026148319244385,,3.2,0.43469942,0.39994898,39.99489974975586
231,231,231,231,231,231,237,CR: Cartago-Cartago,9.838333333333336,-83.86638888888888,9.838333333333336,-83.86638888888888,78140,58534,7,212,70,0.44848811626434326,0.43251991271972656,,3.1666666666666665,0.46071205,0.434317,43.251991271972656
232,232,232,232,232,232,238,CR: Cartago-El Guarco,9.739166666666666,-83.92722222222223,9.739166666666666,-83.92722222222223,2901,2615,31,1,1,0.4210292398929596,0.40669184923171997,,3.2,0.3772965,0.39028665,37.729652404785156
233,233,233,233,233,233,239,CR: Cartago-La Union,9.916666666666666,-83.98333333333333,9.916666666666666,-83.98333333333333,83847,52803,8,124,41,0.49127301573753357,0.46043723821640015,,3.2,0.46514294,0.42653814,42.653812408447266
234,234,234,234,234,234,240,CR: Cartago-Oreamuno,9.982222222222225,-83.84944444444444,9.982222222222225,-83.84944444444444,11361,12106,15,1,1,0.4962157607078552,0.47905847430229187,,3.4,0.5023014,0.41880715,41.880714416503906
235,235,235,235,235,235,241,CR: Cartago-Paraiso,9.838333333333336,-83.86638888888888,9.838333333333336,-83.86638888888888,78140,58534,7,212,70,0.44848811626434326,0.43252694606781006,,3.4444444444444446,0.46058568,0.43431547,43.25269317626953
236,236,236,236,236,236,242,CR: Heredia-Barva,10.066666666666666,-84.10833333333333,10.066666666666666,-84.10833333333333,68303,22499,12,25,6,0.4968341588973999,0.43124136328697205,,3.3,0.41498947,0.4287269,41.49894714355469
237,237,237,237,237,237,243,CR: Heredia-Belen,9.983333333333333,-84.16666666666667,9.983333333333333,-84.16666666666667,116196,65076,7,55,31,0.5366851687431335,0.5044931173324585,,3.4,0.54227555,0.44852024,44.85202407836914
238,238,238,238,238,238,244,CR: Heredia-Heredia,9.993611111111113,-84.12722222222222,9.993611111111113,-84.12722222222222,92542,69352,7,445,139,0.5309187769889832,0.4677606225013733,,3.7,0.4640696,0.4373869,43.73868942260742
239,239,239,239,239,239,245,CR: Heredia-San Pablo,9.996666666666666,-84.09333333333333,9.996666666666666,-84.09333333333333,96724,49556,10,386,122,0.5007150769233704,0.41992515325546265,,3.7,0.44688514,0.44612172,41.992515563964844
240,240,240,240,240,240,246,CR: Heredia-San Rafael,10.046388888888888,-84.07527777777777,10.046388888888888,-84.07527777777777,145530,161574,6,82,10,0.4656037986278534,0.40011268854141235,,3.7,0.38903219,0.5028665,38.90321731567383
241,241,241,241,241,241,247,CR: Heredia-Santa Barbara,10.083333333333334,-84.15,10.083333333333334,-84.15,124965,19706,10,5,4,0.4878176152706146,0.46227651834487915,,2.888888888888889,0.41272166,0.40032083,40.032081604003906
242,242,242,242,242,242,248,CR: Heredia-Santo Domingo,9.983333333333333,-84.06833333333333,9.983333333333333,-84.06833333333333,136043,100978,5,137,36,0.5015634894371033,0.42693018913269043,,3.7,0.45717987,0.42876413,42.69301986694336
243,243,243,243,243,243,249,CR: San Jose-Leon Cortes,9.682777777777778,-84.04777777777778,9.682777777777778,-84.04777777777778,25366,52469,4,1,1,0.463235467672348,0.3944663107395172,,3.5,0.41557777,0.4182636,39.446632385253906
244,244,244,244,244,244,250,CR: San Jose-Perez Zeledon,9.474444444444444,-83.50833333333334,9.474444444444444,-83.50833333333334,1304,1764,59,2,2,0.4240647554397583,0.44194862246513367,,3.35,0.4348815,0.42411062,42.40647506713867
245,245,245,245,245,245,251,CR: San Jose-Puriscal,9.726666666666668,-84.4038888888889,9.726666666666668,-84.4038888888889,94157,79771,8,2,1,0.44011104106903076,0.40738797187805176,,3.6,0.4228399,0.41713786,40.73879623413086
246,246,246,246,246,246,252,CR: San Jose-Turrubares,9.737222222222222,-84.52305555555556,9.737222222222222,-84.52305555555556,9056,2776,8,1,1,0.4563502371311188,0.43452924489974976,,3.1,0.41724256,0.42756182,41.7242546081543
247,247,247,247,247,247,253,CR: Alajuela-Los Chiles,11.035277777777775,-84.70583333333333,11.035277777777775,-84.70583333333333,82800,42364,9,4,2,0.5033859014511108,0.4634144902229309,,3.0,0.48701856,0.46094605,46.0946044921875
248,248,248,248,248,248,254,CR: Alajuela-Naranjo,10.107777777777777,-84.39277777777778,10.107777777777777,-84.39277777777778,134162,112338,5,5,5,0.5000808238983154,0.41831550002098083,,3.4,0.4240874,0.39088964,39.088966369628906
249,249,249,249,249,249,255,CR: Alajuela-Palmares,10.040277777777778,-84.43666666666667,10.040277777777778,-84.43666666666667,71086,26121,7,22,11,0.4853578805923462,0.4040256142616272,,3.2,0.41370225,0.38929638,38.92963790893555
250,250,250,250,250,250,256,CR: Alajuela-San Carlos,10.32638888888889,-84.43194444444445,10.32638888888889,-84.43194444444445,82755,53834,8,64,33,0.5140570402145386,0.42216092348098755,,3.45,0.47534645,0.4398912,42.21609115600586
251,251,251,251,251,251,257,CR: Alajuela-San Ramon,10.086944444444445,-84.47027777777778,10.086944444444445,-84.47027777777778,96061,40273,9,283,78,0.48220670223236084,0.4245394766330719,,3.4,0.44945335,0.41489825,41.48982620239258
252,252,252,252,252,252,258,CR: Alajuela-Upala,10.891944444444444,-85.01611111111112,10.891944444444444,-85.01611111111112,18633,18389,15,5,3,0.42453375458717346,0.43231719732284546,,3.4,0.46100035,0.43445638,42.45337677001953
253,253,253,253,253,253,259,CR: Alajuela-Sarchi,10.186944444444444,-84.30277777777778,10.186944444444444,-84.30277777777778,24518,25133,7,6,5,0.5031253099441528,0.4353458881378174,,3.0,0.43521228,0.46856022,43.5212287902832
254,254,254,254,254,254,260,CR: Cartago-Turrialba,10.023055555555556,-83.76388888888889,10.023055555555556,-83.76388888888889,17853,10132,12,1,1,0.5148728489875793,0.45483338832855225,,3.25,0.48733678,0.41396403,41.39640426635742
255,255,255,255,255,255,261,CR: Heredia-Sarapiqui,10.5,-84.0,10.5,-84.0,52076,51637,12,28,3,0.44648781418800354,0.4911203384399414,,3.526315789473684,0.48490578,0.44157398,44.15739822387695
256,256,256,256,256,256,262,CR: Guanacaste-Canas,10.430833333333332,-85.09805555555555,10.430833333333332,-85.09805555555555,71140,8729,19,17,3,0.56437748670578,0.4644736051559448,,3.4,0.50419706,0.4336202,43.362022399902344
257,257,257,257,257,257,263,CR: Guanacaste-Carrillo,9.870277777777778,-85.48138888888889,9.870277777777778,-85.48138888888889,27987,20589,47,31,5,0.4801909625530243,0.48853954672813416,,3.1,0.48314196,0.44445395,44.445396423339844
258,258,258,258,258,258,264,CR: Guanacaste-La Cruz,10.984166666666663,-85.59888888888888,10.984166666666663,-85.59888888888888,9182,11180,15,1,1,0.44107717275619507,0.43865811824798584,,3.2,0.4269889,0.39761952,39.7619514465332
259,259,259,259,259,259,265,CR: Guanacaste-Liberia,10.635,-85.4375,10.635,-85.4375,66997,24041,13,319,64,0.5114073157310486,0.5048666000366211,,3.5,0.48630244,0.42890874,42.890872955322266
260,260,260,260,260,260,266,CR: Guanacaste-Nicoya,10.150277777777776,-85.45083333333334,10.150277777777776,-85.45083333333334,72657,55101,10,74,29,0.46848568320274353,0.43554675579071045,,3.5,0.442465,0.4189794,41.89794158935547
261,261,261,261,261,261,267,CR: Guanacaste-Santa Cruz,10.314722222222224,-85.81527777777778,10.314722222222224,-85.81527777777778,59971,33920,13,5,4,0.4460931718349457,0.4412256181240082,,3.2,0.4702444,0.4893356,44.122562408447266
262,262,262,262,262,262,268,CR: Puntarenas-Aguirre,9.431666666666668,-84.1613888888889,9.431666666666668,-84.1613888888889,67026,27121,11,141,44,0.49307727813720703,0.4684673547744751,,2.8,0.460016,0.5044403,46.00160217285156
263,263,263,263,263,263,269,CR: Puntarenas-Buenos Aires,9.163611111111113,-83.32972222222222,9.163611111111113,-83.32972222222222,28672,35802,13,15,8,0.5188221335411072,0.45350968837738037,,3.5,0.46183282,0.4092841,40.92841339111328
264,264,264,264,264,264,270,CR: Puntarenas-Corredores,8.601388888888888,-82.96833333333333,8.601388888888888,-82.96833333333333,60307,35822,18,13,5,0.46870020031929016,0.4175975024700165,,3.2,0.4423145,0.44393528,41.75975036621094
265,265,265,265,265,265,271,CR: Puntarenas-Coto Brus,8.885277777777777,-82.94111111111111,8.885277777777777,-82.94111111111111,1815,275,62,2,1,0.46315887570381165,0.42025265097618103,,3.7,0.39874595,0.38430223,38.43022155761719
266,266,266,266,266,266,272,CR: Puntarenas-Esparza,9.980833333333331,-84.65805555555556,9.980833333333331,-84.65805555555556,86804,8729,13,13,3,0.5004265904426575,0.4224717617034912,,3.2,0.42365992,0.43445048,42.24717712402344
267,267,267,267,267,267,273,CR: Puntarenas-Golfito,8.65388888888889,-83.18194444444445,8.65388888888889,-83.18194444444445,32973,8271,14,2,2,0.4665607810020447,0.487238347530365,,3.4,0.49963135,0.49281472,46.65607833862305
268,268,268,268,268,268,274,CR: Puntarenas-Osa,8.71888888888889,-83.63916666666667,8.71888888888889,-83.63916666666667,2065,2491,14,1,1,0.4794946610927582,0.4504948854446411,,2.9,0.45961702,0.5170017,45.04948806762695
269,269,269,269,269,269,275,CR: Puntarenas-Puntarenas,9.976666666666668,-84.83777777777777,9.976666666666668,-84.83777777777777,72140,41451,12,134,44,0.5079607367515564,0.4745281934738159,,3.1333333333333333,0.5095413,0.48150063,47.45281982421875
270,270,270,270,270,270,276,CR: Limon-Guacimo,10.2,-83.66666666666667,10.2,-83.66666666666667,19025,18912,9,1,1,0.45114055275917053,0.422321081161499,,3.5,0.45425153,0.42382568,42.23210906982422
271,271,271,271,271,271,277,CR: Limon-Limon,9.990555555555554,-83.03583333333333,9.990555555555554,-83.03583333333333,73459,37000,14,45,18,0.5196664333343506,0.4827253222465515,,3.3,0.48645952,0.50540155,48.27253341674805
272,272,272,272,272,272,278,CR: Limon-Matina,10.013333333333334,-83.26416666666667,10.013333333333334,-83.26416666666667,2769,2768,8,3,1,0.45767277479171753,0.4745161831378937,,3.0,0.46162796,0.4253557,42.53557205200195
273,273,273,273,273,273,279,CR: Limon-Pococi,10.216944444444444,-83.79694444444445,10.216944444444444,-83.79694444444445,48796,25182,13,22,15,0.4967957139015198,0.43349069356918335,,3.3666666666666667,0.46193457,0.40197545,40.19754409790039
274,274,274,274,274,274,280,CR: Limon-Siquirres,10.135833333333332,-83.4825,10.135833333333332,-83.4825,9383,8366,10,1,1,0.4013507664203644,0.4277122914791107,,3.6,0.46266857,0.4516626,40.13507843017578
275,275,275,275,275,275,281,CR: Limon-Talamanca,9.270277777777778,-83.03166666666667,9.270277777777778,-83.03166666666667,64221,12938,10,1,1,0.4292556643486023,0.4037598967552185,,3.2,0.41153327,0.3887195,38.8719482421875
276,276,276,276,276,276,282,CL: Arica y Parinacota-Arica,-18.474444444444444,-70.29777777777778,-18.474444444444444,-70.29777777777778,250335,170047,19,77,30,0.4743446409702301,0.5122494697570801,,2.9375,0.4833423,0.53742623,47.43446350097656
277,277,277,277,277,277,283,CL: Tarapaca-Iquique,-20.21305555555556,-70.15027777777779,-20.21305555555556,-70.15027777777779,271366,257379,16,158,51,0.5204655528068542,0.5174656510353088,,2.6,0.53031576,0.545692,51.74656677246094
278,278,278,278,278,278,284,CL: Tarapaca-Alto Hospicio,-20.26861111111111,-70.10472222222222,-20.26861111111111,-70.10472222222222,243536,220054,23,85,39,0.5128827691078186,0.5116497874259949,,2.7142857142857144,0.48094583,0.51409787,48.094581604003906
279,279,279,279,279,279,285,CL: Antofagasta-Calama,-22.456666666666667,-68.92361111111111,-22.456666666666667,-68.92361111111111,296944,270005,20,125,35,0.5358587503433228,0.4811549186706543,,2.9285714285714284,0.4910242,0.50022054,48.11549377441406
280,280,280,280,280,280,286,CL: Antofagasta-Antofagasta,-23.65222222222222,-70.39527777777778,-23.65222222222222,-70.39527777777778,213304,162549,15,150,60,0.46340274810791016,0.4976002275943756,,2.7142857142857144,0.4868314,0.5418107,46.340274810791016
281,281,281,281,281,281,287,CL: Atacama-Copiapo,-27.366666666666667,-70.33138888888888,-27.366666666666667,-70.33138888888888,285958,181066,16,38,21,0.46089333295822144,0.45956626534461975,,3.0,0.45984036,0.45604053,45.60405349731445
282,282,282,282,282,282,288,CL: Atacama-Vallenar,-28.59638888888889,-70.75583333333333,-28.59638888888889,-70.75583333333333,229034,235854,7,49,10,0.4680016338825226,0.4729057550430298,,2.7777777777777777,0.48890182,0.458804,45.880401611328125
283,283,283,283,283,283,289,CL: Coquimbo-La Serena,-29.904444444444444,-71.24888888888889,-29.904444444444444,-71.24888888888889,268521,186747,11,49,27,0.4871301054954529,0.4744628965854645,,3.0,0.4859346,0.5142255,47.4462890625
284,284,284,284,284,284,291,CL: Coquimbo-Coquimbo,-30.75,-71.0,-30.75,-71.0,8781,7406,14,4,1,0.46691617369651794,0.5128538012504578,,3.117647058823529,0.54502803,0.4803713,46.69161605834961
285,285,285,285,285,285,292,CL: Coquimbo-Ovalle,-30.60083333333333,-71.19888888888889,-30.60083333333333,-71.19888888888889,222603,235604,10,27,15,0.4617139995098114,0.5038191676139832,,3.2857142857142856,0.51291966,0.4748844,46.1713981628418
286,286,286,286,286,286,293,CL: Valparaiso-Quilpue,-33.0475,-71.44250000000001,-33.0475,-71.44250000000001,292049,192154,10,64,28,0.4462761878967285,0.4675779938697815,,2.909090909090909,0.49503988,0.45875037,44.62761688232422
287,287,287,287,287,287,294,CL: Valparaiso-Hijuelas,-32.79805555555556,-71.14611111111111,-32.79805555555556,-71.14611111111111,426095,303636,5,1,1,0.5198559165000916,0.4790842831134796,,3.0,0.48565403,0.44607306,44.60730743408203
288,288,288,288,288,288,295,CL: Valparaiso-Villa Alemana,-33.04805555555556,-71.37277777777777,-33.04805555555556,-71.37277777777777,220806,138147,11,119,22,0.40074393153190613,0.4741159975528717,,3.5,0.44763362,0.44620597,40.07439422607422
289,289,289,289,289,289,296,CL: Valparaiso-La Calera,-32.78333333333333,-71.21666666666667,-32.78333333333333,-71.21666666666667,278995,126881,6,1,1,0.5486140251159668,0.4845140278339386,,3.0,0.4911011,0.42971307,42.97130584716797
290,290,290,290,290,290,297,CL: Valparaiso-San Felipe-Concon,-32.915,-71.50861111111111,-32.915,-71.50861111111111,141738,146166,11,15,10,0.5475587844848633,0.49303632974624634,,3.0,0.49030423,0.5115396,49.03042221069336
291,291,291,291,291,291,298,CL: Valparaiso-Vina Del Mar,-33.02444444444444,-71.55166666666666,-33.02444444444444,-71.55166666666666,225330,168204,10,129,58,0.5050846934318542,0.49008095264434814,,2.8260869565217392,0.5120874,0.56011295,49.008094787597656
292,292,292,292,292,292,299,CL: Valparaiso-Valparaiso,-33.03583333333333,-71.62944444444443,-33.03583333333333,-71.62944444444443,235795,128252,12,39,19,0.5363562107086182,0.5090661644935608,,1.9047619047619049,0.46105644,0.54417396,46.10564422607422
293,293,293,293,293,293,300,CL: Libertador Bernardo O'Higgins-Pichidegua-Las Pataguas,-34.29972222222222,-71.35555555555555,-34.29972222222222,-71.35555555555555,400210,316877,7,5,2,0.5459151268005371,0.48907339572906494,,2.6666666666666665,0.481699,0.50955623,48.169898986816406
294,294,294,294,294,294,301,CL: Valparaiso-Quillota,-32.88333333333333,-71.24861111111112,-32.88333333333333,-71.24861111111112,260407,165233,7,22,13,0.46628743410110474,0.5725823640823364,,2.7142857142857144,0.4979931,0.4481131,44.811309814453125
295,295,295,295,295,295,302,CL: Valparaiso-San Felipe,-32.749722222222225,-70.72583333333334,-32.749722222222225,-70.72583333333334,227616,155018,8,46,20,0.46966519951820374,0.5005156397819519,,2.7142857142857144,0.48864853,0.48908642,46.96651840209961
296,296,296,296,296,296,303,CL: Valparaiso-San Esteban,-32.79861111111111,-70.58055555555555,-32.79861111111111,-70.58055555555555,381898,208147,8,11,3,0.5676797032356262,0.5169527530670166,,2.75,0.5352782,0.45347303,45.3473014831543
297,297,297,297,297,297,305,CL: Valparaiso-Los Andes,-32.83361111111111,-70.59805555555555,-32.83361111111111,-70.59805555555555,295855,256100,7,28,18,0.5079739689826965,0.4910779297351837,,2.7142857142857144,0.5023015,0.4519113,45.191131591796875
298,298,298,298,298,298,306,CL: Valparaiso-San Antonio,-33.594722222222224,-71.60722222222222,-33.594722222222224,-71.60722222222222,322865,272032,18,18,10,0.4497659206390381,0.5065901875495911,,2.2857142857142856,0.50638473,0.51045424,44.976593017578125
299,299,299,299,299,299,307,CL: Metropolitana-Barnechea,-33.36055555555556,-70.51222222222222,-33.36055555555556,-70.51222222222222,326989,263319,5,146,47,0.5588073134422302,0.4795956611633301,,3.0,0.49660286,0.47535974,47.535972595214844
300,300,300,300,300,300,308,CL: Metropolitana-Vitacura,-33.39222222222222,-70.5825,-33.39222222222222,-70.5825,244989,150869,7,65,25,0.4892731308937073,0.5124930143356323,,3.333333333333333,0.5198279,0.47791997,47.791996002197266
301,301,301,301,301,301,309,CL: Metropolitana-Las Condes,-33.42055555555555,-70.50166666666667,-33.42055555555555,-70.50166666666667,231002,148780,8,22,13,0.4876762926578522,0.47688889503479004,,3.2,0.48936063,0.45474446,45.47444534301758
302,302,302,302,302,302,310,CL: Metropolitana-La Reina,-33.45583333333334,-70.54666666666667,-33.45583333333334,-70.54666666666667,351950,235010,7,73,24,0.5452501177787781,0.4488024115562439,,2.571428571428572,0.46908113,0.46381107,44.88024139404297
303,303,303,303,303,303,311,CL: Metropolitana-Providencia,-33.43083333333333,-70.60444444444444,-33.43083333333333,-70.60444444444444,328834,244715,6,213,82,0.42851340770721436,0.43739908933639526,,3.333333333333333,0.45428512,0.46165812,42.851341247558594
304,304,304,304,304,304,312,CL: Metropolitana-Nunoa,-33.447222222222216,-70.58277777777778,-33.447222222222216,-70.58277777777778,281514,228176,8,129,51,0.40029197931289673,0.4250326454639435,,2.642857142857143,0.42518526,0.42517623,40.029197692871094
305,305,305,305,305,305,313,CL: Metropolitana-Penalolen,-33.468333333333334,-70.53388888888888,-33.468333333333334,-70.53388888888888,304999,261974,6,54,27,0.4465535879135132,0.46668896079063416,,2.588235294117647,0.49229056,0.45172146,44.655357360839844
306,306,306,306,306,306,314,CL: Metropolitana-Macul,-33.49,-70.60083333333333,-33.49,-70.60083333333333,282468,250685,5,160,31,0.4303378164768219,0.44972771406173706,,3.0,0.46778032,0.43654805,43.033782958984375
307,307,307,307,307,307,315,CL: Metropolitana-Santiago,-33.456944444444446,-70.64805555555556,-33.456944444444446,-70.64805555555556,304553,254152,6,276,112,0.479877233505249,0.4512885510921478,,1.9565217391304348,0.45427343,0.43289492,43.28948974609375
308,308,308,308,308,308,316,CL: Metropolitana-Quilicura,-33.35527777777778,-70.73583333333333,-33.35527777777778,-70.73583333333333,319329,261707,5,191,55,0.5169510245323181,0.5205779075622559,,2.7857142857142856,0.484846,0.48482513,48.482513427734375
309,309,309,309,309,309,317,CL: Metropolitana-Huechuraba,-33.36027777777778,-70.63722222222223,-33.36027777777778,-70.63722222222223,239266,229561,6,160,43,0.4349745512008667,0.4890303909778595,,2.4,0.4697432,0.49100903,43.49745559692383
310,310,310,310,310,310,318,CL: Metropolitana-Conchali,-33.378055555555555,-70.67444444444445,-33.378055555555555,-70.67444444444445,311484,239444,6,100,52,0.4031141698360443,0.4852544665336609,,3.0,0.48935518,0.47664553,40.31141662597656
311,311,311,311,311,311,319,CL: Metropolitana-Recoleta,-33.406388888888884,-70.63944444444445,-33.406388888888884,-70.63944444444445,346817,298456,6,60,31,0.47378817200660706,0.47636985778808594,,2.4545454545454546,0.4564802,0.48258853,45.64802169799805
312,312,312,312,312,312,320,CL: Metropolitana-Independencia,-33.41166666666666,-70.66638888888889,-33.41166666666666,-70.66638888888889,309975,240332,6,142,72,0.49658823013305664,0.4441719353199005,,2.5,0.49596548,0.48442352,44.41719436645508
313,313,313,313,313,313,321,CL: Metropolitana-Renca,-33.39055555555556,-70.71055555555556,-33.39055555555556,-70.71055555555556,280111,284133,5,53,19,0.4234766364097595,0.5070894956588745,,2.2,0.49836397,0.46876934,42.34766387939453
314,314,314,314,314,314,322,CL: Metropolitana-Quinta Normal,-33.44166666666666,-70.67888888888889,-33.44166666666666,-70.67888888888889,92735,93573,3,1,1,0.49459758400917053,0.4608571529388428,,3.0,0.44933134,0.4442969,44.429691314697266
315,315,315,315,315,315,323,CL: Metropolitana-Pudahuel,-33.39277777777778,-70.78555555555555,-33.39277777777778,-70.78555555555555,25073,21386,4,36,27,0.5612049698829651,0.5412077903747559,,2.625,0.5708287,0.4851712,48.517120361328125
316,316,316,316,316,316,324,CL: Metropolitana-Santiago-Cerro Navia,-33.42388888888889,-70.72083333333333,-33.42388888888889,-70.72083333333333,258149,269163,5,174,32,0.46597176790237427,0.43356484174728394,,2.533333333333333,0.4553722,0.4639666,43.356483459472656
317,317,317,317,317,317,325,CL: Metropolitana-Lo Prado,-33.44416666666666,-70.72527777777778,-33.44416666666666,-70.72527777777778,307576,269072,5,132,52,0.43557143211364746,0.514055073261261,,2.4285714285714284,0.43532205,0.4907448,43.532203674316406
318,318,318,318,318,318,326,CL: Metropolitana-Estacion Central,-33.464444444444446,-70.69833333333334,-33.464444444444446,-70.69833333333334,277907,224451,8,88,46,0.47956299781799316,0.4597189724445343,,2.5,0.49658322,0.4525288,45.25288009643555
319,319,319,319,319,319,327,CL: Metropolitana-Maipu,-33.51416666666667,-70.765,-33.51416666666667,-70.765,306902,255464,7,158,38,0.4874221682548523,0.48767369985580444,,2.6842105263157894,0.46059555,0.46857512,46.05955505371094
320,320,320,320,320,320,328,CL: Metropolitana-San Miguel,-33.49888888888889,-70.65166666666667,-33.49888888888889,-70.65166666666667,269697,213527,6,211,58,0.5033685564994812,0.45177438855171204,,2.8,0.45788565,0.42828378,42.82837677001953
321,321,321,321,321,321,329,CL: Metropolitana-Pedro Aguirre Cerda,-33.49166666666667,-70.67611111111111,-33.49166666666667,-70.67611111111111,355790,281487,5,92,40,0.5143990516662598,0.495613157749176,,2.7142857142857144,0.4993074,0.4559798,45.59798049926758
322,322,322,322,322,322,330,CL: Metropolitana-Cerrillos,-33.49277777777778,-70.69722222222222,-33.49277777777778,-70.69722222222222,848,4034,33,1,1,0.5746631026268005,0.4947795867919922,,2.6666666666666665,0.50690025,0.4571804,45.718040466308594
323,323,323,323,323,323,331,CL: Metropolitana-Santiago-Angostura,-33.870555555555555,-71.20444444444445,-33.870555555555555,-71.20444444444445,1837,254,52,4,1,0.5479519367218018,0.487885057926178,,3.1666666666666665,0.51482815,0.46449485,46.449485778808594
324,324,324,324,324,324,332,CL: Metropolitana-San Joaquin,-33.5,-70.61666666666666,-33.5,-70.61666666666666,264537,212185,6,166,60,0.49139603972435,0.44671937823295593,,3.142857142857143,0.46318394,0.43059236,43.059234619140625
325,325,325,325,325,325,333,CL: Metropolitana-La Cisterna,-33.53,-70.66388888888889,-33.53,-70.66388888888889,278521,144081,10,85,38,0.47576332092285156,0.444369912147522,,3.5,0.46040335,0.46616966,44.43699264526367
326,326,326,326,326,326,334,CL: Metropolitana-El Bosque,-33.56083333333333,-70.6875,-33.56083333333333,-70.6875,342413,306146,9,10,8,0.5586569905281067,0.4792075455188751,,3.0,0.48684832,0.4810087,47.920753479003906
327,327,327,327,327,327,335,CL: La Araucania-San Ramon,-37.87472222222223,-72.97500000000001,-37.87472222222223,-72.97500000000001,53043,24569,47,2,1,0.48386725783348083,0.42869237065315247,,2.833333333333333,0.42062083,0.4102558,41.025577545166016
328,328,328,328,328,328,336,CL: Metropolitana-La Granja,-33.53527777777778,-70.62222222222222,-33.53527777777778,-70.62222222222222,210025,186520,6,62,27,0.42983871698379517,0.42228806018829346,,3.333333333333333,0.45664212,0.46373674,42.22880554199219
329,329,329,329,329,329,337,CL: Metropolitana-La Pintana,-33.58305555555556,-70.63416666666667,-33.58305555555556,-70.63416666666667,263525,219608,12,42,19,0.5216397643089294,0.5140815377235413,,3.230769230769231,0.51042914,0.44964862,44.96486282348633
330,330,330,330,330,330,338,CL: Metropolitana-La Florida,-33.538333333333334,-70.55444444444444,-33.538333333333334,-70.55444444444444,222285,164622,8,112,44,0.49745774269104004,0.48909568786621094,,2.5185185185185186,0.49373588,0.4700627,47.00627136230469
331,331,331,331,331,331,339,CL: Metropolitana-San Bernardo,-33.591944444444444,-70.69944444444445,-33.591944444444444,-70.69944444444445,265778,159901,7,55,27,0.49194371700286865,0.47516074776649475,,3.55,0.47879326,0.48430905,47.516075134277344
332,332,332,332,332,332,340,CL: Metropolitana-Puente Alto,-33.611666666666665,-70.57555555555555,-33.611666666666665,-70.57555555555555,301527,131251,8,53,25,0.5130921006202698,0.48108187317848206,,2.8095238095238093,0.4831255,0.47621784,47.62178421020508
333,333,333,333,333,333,341,CL: Metropolitana-Talagante-Padre Hurtado,-33.55694444444444,-70.87055555555555,-33.55694444444444,-70.87055555555555,92287,93698,4,1,1,0.5303407907485962,0.5184161067008972,,3.0,0.51736236,0.47642425,47.642425537109375
334,334,334,334,334,334,342,CL: Metropolitana-Valdivia de Paine,-33.808055555555555,-70.85777777777777,-33.808055555555555,-70.85777777777777,286497,295018,5,2,1,0.5388603210449219,0.5229884386062622,,2.6666666666666665,0.5169768,0.48682854,48.68285369873047
335,335,335,335,335,335,344,CL: Metropolitana-Buin,-33.7325,-70.74277777777777,-33.7325,-70.74277777777777,229524,181157,7,36,19,0.4874723553657532,0.5465758442878723,,2.6,0.5721265,0.4870106,48.7010612487793
336,336,336,336,336,336,345,CL: Metropolitana-Hospital,-33.86805555555556,-70.74555555555555,-33.86805555555556,-70.74555555555555,63389,80518,2,7,4,0.608271062374115,0.49971646070480347,,2.75,0.56640804,0.4371436,43.714359283447266
337,337,337,337,337,337,346,CL: Metropolitana-Penaflor,-33.60611111111111,-70.87638888888888,-33.60611111111111,-70.87638888888888,289990,236964,7,94,48,0.4712522029876709,0.5134764313697815,,3.1666666666666665,0.51057416,0.4630338,46.30337905883789
338,338,338,338,338,338,347,CL: Libertador Bernardo O'Higgins-Las Cabras-El Manzano,-34.15555555555555,-71.45583333333333,-34.15555555555555,-71.45583333333333,13422,5815,26,1,1,0.4478472173213959,0.5038853287696838,,2.1666666666666665,0.48278025,0.49486303,44.78472137451172
339,339,339,339,339,339,348,CL: Metropolitana-Curacavi,-33.3975,-71.12694444444443,-33.3975,-71.12694444444443,129923,138863,14,14,8,0.5131627917289734,0.4719327390193939,,3.2,0.5167389,0.43496507,43.49650573730469
340,340,340,340,340,340,350,CL: Metropolitana-Talagante,-33.66361111111111,-70.92722222222223,-33.66361111111111,-70.92722222222223,256093,249348,5,18,10,0.5124861001968384,0.5476687550544739,,3.142857142857143,0.56515545,0.44243497,44.24349594116211
341,341,341,341,341,341,351,CL: Metropolitana-Melipilla,-33.68888888888888,-71.21527777777779,-33.68888888888888,-71.21527777777779,201919,137497,6,36,11,0.45839422941207886,0.5202492475509644,,3.0,0.5356681,0.46109697,45.83942413330078
342,342,342,342,342,342,352,CL: Libertador Bernardo O'Higgins-Rancagua,-34.170833333333334,-70.74444444444444,-34.170833333333334,-70.74444444444444,411158,162387,10,16,9,0.46349406242370605,0.5217700600624084,,2.789473684210526,0.5368744,0.47685346,46.34940719604492
343,343,343,343,343,343,353,CL: Libertador Bernardo O'Higgins-Malloa,-34.47611111111112,-70.87333333333332,-34.47611111111112,-70.87333333333332,413759,291289,7,2,2,0.39957720041275024,0.5013790726661682,,2.833333333333333,0.48508918,0.47741953,39.95772171020508
344,344,344,344,344,344,354,CL: Libertador Bernardo O'Higgins-Pelequen,-34.46416666666667,-70.89444444444445,-34.46416666666667,-70.89444444444445,251213,228888,8,24,8,0.5554590225219727,0.5125768780708313,,3.571428571428572,0.53859675,0.4638516,46.38515853881836
345,345,345,345,345,345,355,CL: Libertador Bernardo O'Higgins-San Fernando,-34.56638888888889,-70.96861111111112,-34.56638888888889,-70.96861111111112,4673,4855,20,1,1,0.5952606797218323,0.5355369448661804,,2.9166666666666665,0.524599,0.455163,45.516300201416016
346,346,346,346,346,346,356,CL: Libertador Bernardo O'Higgins-Pichidegua-Pataguas Orilla,-34.29972222222222,-71.35555555555555,-34.29972222222222,-71.35555555555555,400210,316877,7,5,2,0.5459151268005371,0.48943331837654114,,3.8,0.48292223,0.44250393,44.25039291381836
347,347,347,347,347,347,357,CL: Libertador Bernardo O'Higgins-Colchagua-Peralillo,-34.448611111111106,-71.38583333333334,-34.448611111111106,-71.38583333333334,20949,10349,43,1,1,0.5217806100845337,0.49766814708709717,,3.0,0.5435225,0.4208252,42.08251953125
348,348,348,348,348,348,358,CL: Maule-Curico,-34.98277777777778,-71.23916666666666,-34.98277777777778,-71.23916666666666,200300,75128,10,33,13,0.47632914781570435,0.5184603929519653,,3.0,0.55215883,0.4625139,46.25138854980469
349,349,349,349,349,349,359,CL: Maule-Parral,-36.14305555555556,-71.82583333333334,-36.14305555555556,-71.82583333333334,252485,236484,8,75,16,0.42497333884239197,0.4939810633659363,,3.0,0.5257102,0.4354753,42.49733352661133
350,350,350,350,350,350,360,CL: Maule-Talca-Lo Figueroa,-35.41277777777778,-71.76027777777777,-35.41277777777778,-71.76027777777777,410961,487384,5,3,1,0.5108985900878906,0.5248761177062988,,3.1666666666666665,0.5263868,0.47238958,47.238956451416016
351,351,351,351,351,351,361,CL: Maule-Linares,-35.84666666666667,-71.59305555555555,-35.84666666666667,-71.59305555555555,338574,241906,8,46,16,0.481375515460968,0.5293319225311279,,3.2,0.52781445,0.4445306,44.453060150146484
352,352,352,352,352,352,362,CL: Maule-Santa Ana de Queri,-35.624722222222225,-71.46027777777778,-35.624722222222225,-71.46027777777778,9910,4491,24,1,1,0.5645090341567993,0.45973140001296997,,2.8,0.503757,0.44686258,44.686256408691406
353,353,353,353,353,353,363,CL: Maule-Talca,-35.42638888888889,-71.65527777777778,-35.42638888888889,-71.65527777777778,175354,120092,10,73,24,0.4424266219139099,0.4684261679649353,,3.25,0.48338223,0.48674852,44.24266052246094
354,354,354,354,354,354,364,CL: Maule-Molina,-35.11416666666667,-71.28222222222222,-35.11416666666667,-71.28222222222222,93292,106464,13,11,8,0.5324016213417053,0.47733619809150696,,3.0,0.5005082,0.46006978,46.00697708129883
355,355,355,355,355,355,365,CL: Maule-Vara Gruesa,-35.8325,-71.52444444444444,-35.8325,-71.52444444444444,32064,16768,21,2,1,0.5596559643745422,0.48444899916648865,,2.4,0.516155,0.43258813,43.258811950683594
356,356,356,356,356,356,366,CL: Bio Bio-Chillan,-36.82861111111112,-71.40972222222223,-36.82861111111112,-71.40972222222223,338605,122934,25,2,1,0.5419844388961792,0.4892345070838928,,2.7857142857142856,0.49723232,0.48010132,48.0101318359375
357,357,357,357,357,357,367,CL: Bio Bio-Caupolican,-37.54833333333333,-73.35888888888888,-37.54833333333333,-73.35888888888888,123703,17172,42,4,1,0.4763868749141693,0.42392703890800476,,3.083333333333333,0.4550068,0.40874586,40.87458419799805
358,358,358,358,358,358,368,CL: Bio Bio-Talcahuano,-36.72472222222223,-73.11666666666666,-36.72472222222223,-73.11666666666666,341894,225686,11,7,7,0.5667160153388977,0.5578718781471252,,3.090909090909091,0.58476174,0.5404557,54.045570373535156
359,359,359,359,359,359,369,CL: Bio Bio-Chiguayante,-36.92555555555556,-73.02833333333334,-36.92555555555556,-73.02833333333334,282318,216291,9,51,16,0.4881722331047058,0.49756285548210144,,3.1666666666666665,0.45917985,0.4629693,45.91798400878906
360,360,360,360,360,360,370,CL: Bio Bio-Concepcion-Hualpen,-36.78888888888888,-73.10138888888888,-36.78888888888888,-73.10138888888888,265918,189961,11,80,24,0.5145742893218994,0.510811984539032,,2.142857142857143,0.51318175,0.5168231,51.081199645996094
361,361,361,361,361,361,371,CL: Bio Bio-Concepcion,-36.82694444444445,-73.04972222222221,-36.82694444444445,-73.04972222222221,227092,215650,8,81,46,0.48988890647888184,0.5042524337768555,,2.8666666666666667,0.5337231,0.4826193,48.26192855834961
362,362,362,362,362,362,372,CL: Bio Bio-Contulmo,-38.01555555555556,-73.22972222222222,-38.01555555555556,-73.22972222222222,338343,242295,5,3,2,0.5091379880905151,0.420023649930954,,3.875,0.44072196,0.45863107,42.00236511230469
363,363,363,363,363,363,373,CL: Bio Bio-Coronel,-37.03361111111111,-73.14,-37.03361111111111,-73.14,384430,331656,11,8,3,0.5394679307937622,0.5052153468132019,,1.625,0.5352546,0.49588257,49.5882568359375
364,364,364,364,364,364,374,CL: Bio Bio-Lota,-37.08972222222222,-73.1575,-37.08972222222222,-73.1575,192952,211667,7,95,21,0.5064533352851868,0.4957892596721649,,3.0,0.5128222,0.54258,49.57892608642578
365,365,365,365,365,365,375,CL: Bio Bio-San Pedro De La Paz,-36.83888888888889,-73.10027777777778,-36.83888888888889,-73.10027777777778,280503,214643,8,45,17,0.5323188304901123,0.5374996066093445,,1.8888888888888888,0.5601357,0.5063293,50.632930755615234
366,366,366,366,366,366,376,CL: Metropolitana-El Carmen,-33.61666666666667,-70.83333333333333,-33.61666666666667,-70.83333333333333,158980,152273,6,12,4,0.5530685782432556,0.5331835746765137,,2.6666666666666665,0.57530737,0.4523047,45.23046875
367,367,367,367,367,367,377,CL: Bio Bio-Yumbel,-37.09805555555556,-72.56083333333333,-37.09805555555556,-72.56083333333333,342487,367458,3,9,4,0.4737810790538788,0.45198380947113037,,3.6666666666666665,0.45753342,0.44220668,44.22066879272461
368,368,368,368,368,368,378,CL: Bio Bio-Millantu,-37.41027777777778,-72.61166666666666,-37.41027777777778,-72.61166666666666,79199,11421,34,2,1,0.4771570563316345,0.5323942303657532,,3.75,0.5286733,0.4805061,47.71570587158203
369,369,369,369,369,369,379,CL: Bio Bio-Penco,-36.74055555555556,-72.99527777777777,-36.74055555555556,-72.99527777777777,257519,249178,3,16,12,0.5144113898277283,0.5041088461875916,,2.333333333333333,0.5013262,0.5497876,50.13262176513672
370,370,370,370,370,370,380,CL: Bio Bio-Tome,-36.6175,-72.95583333333333,-36.6175,-72.95583333333333,181613,163810,6,12,7,0.5000665187835693,0.4630352556705475,,2.6666666666666665,0.48981774,0.4555467,45.55467224121094
371,371,371,371,371,371,381,CL: Bio Bio-Hualqui,-36.9725,-72.93555555555555,-36.9725,-72.93555555555555,240766,216588,4,11,8,0.4409177005290985,0.48374640941619873,,2.1666666666666665,0.4654297,0.4539314,44.09177017211914
372,372,372,372,372,372,382,CL: Bio Bio-Los Angeles,-37.469722222222224,-72.3536111111111,-37.469722222222224,-72.3536111111111,234262,127301,14,31,13,0.4953687787055969,0.5322495698928833,,2.363636363636364,0.5063621,0.46049327,46.0493278503418
373,373,373,373,373,373,383,CL: La Araucania-Freire,-38.92527777777777,-72.65083333333334,-38.92527777777777,-72.65083333333334,67270,12518,35,1,1,0.5223329067230225,0.4654213786125183,,2.833333333333333,0.4983138,0.47672084,46.542137145996094
374,374,374,374,374,374,384,CL: La Araucania-Quitratue,-39.13361111111111,-72.66944444444445,-39.13361111111111,-72.66944444444445,200800,255701,3,1,1,0.5789031386375427,0.4802408516407013,,3.1666666666666665,0.5021235,0.4110037,41.100372314453125
375,375,375,375,375,375,385,CL: La Araucania-Temuco,-38.739444444444445,-72.59833333333333,-38.739444444444445,-72.59833333333333,348602,263215,11,62,31,0.5247366428375244,0.4609259068965912,,2.3684210526315788,0.47879714,0.44373557,44.373558044433594
376,376,376,376,376,376,386,CL: La Araucania-Padre Las Casas,-38.766666666666666,-72.63694444444445,-38.766666666666666,-72.63694444444445,643270,491927,8,1,1,0.546590268611908,0.4676221013069153,,2.5,0.49487543,0.44629154,44.629154205322266
377,377,377,377,377,377,387,CL: La Araucania-San Patricio,-38.10944444444445,-72.87444444444444,-38.10944444444445,-72.87444444444444,229654,17799,39,1,1,0.540857195854187,0.5081343650817871,,3.0,0.5111869,0.44155282,44.15528106689453
378,378,378,378,378,378,388,CL: La Araucania-Cholchol,-38.58305555555556,-72.90194444444445,-38.58305555555556,-72.90194444444445,218032,166295,7,9,4,0.4633811414241791,0.45524632930755615,,3.1666666666666665,0.4275453,0.40677348,40.67734909057617
379,379,379,379,379,379,389,CL: La Araucania-Angol,-37.79444444444445,-72.68722222222223,-37.79444444444445,-72.68722222222223,439829,402124,7,2,2,0.5076184868812561,0.5103406310081482,,2.25,0.5040525,0.46838665,46.83866500854492
380,380,380,380,380,380,390,CL: La Araucania-Vilcun,-38.69083333333333,-72.2875,-38.69083333333333,-72.2875,28536,8629,58,1,1,0.5318580269813538,0.5055912137031555,,3.6,0.5088336,0.4587425,45.87424850463867
381,381,381,381,381,381,391,CL: Los Rios-Valdivia-Mariquina-Pelchuquin,-39.62472222222223,-73.0761111111111,-39.62472222222223,-73.0761111111111,60283,57666,3,24,3,0.6046968698501587,0.4909374713897705,,2.75,0.5127819,0.42709616,42.709617614746094
382,382,382,382,382,382,392,CL: Los Rios-Valdivia-Niebla,-39.865833333333335,-73.39527777777778,-39.865833333333335,-73.39527777777778,289169,271397,13,9,4,0.5094049572944641,0.507559597492218,,3.25,0.50208473,0.56277573,50.208473205566406
383,383,383,383,383,383,393,CL: Los Rios-Valdivia,-39.814166666666665,-73.24583333333334,-39.814166666666665,-73.24583333333334,242968,158986,7,43,14,0.4896405041217804,0.5312592387199402,,2.5454545454545454,0.552175,0.50681055,48.96405029296875
384,384,384,384,384,384,394,CL: Los Lagos-Rio Negro,-40.796388888888885,-73.21527777777779,-40.796388888888885,-73.21527777777779,64475,80724,11,4,2,0.5454819202423096,0.5019364356994629,,2.333333333333333,0.5205477,0.4527596,45.27595901489258
385,385,385,385,385,385,395,CL: Los Lagos-Osorno-Cancura,-40.75972222222222,-72.965,-40.75972222222222,-72.965,65502,63696,5,7,2,0.5445119738578796,0.4670856297016144,,2.8,0.48655415,0.43798557,43.79855728149414
386,386,386,386,386,386,396,CL: Los Lagos-Osorno,-40.573888888888895,-73.13333333333334,-40.573888888888895,-73.13333333333334,319059,240809,11,33,18,0.5256506204605103,0.5320254564285278,,2.6,0.5106156,0.4715473,47.15473175048828
387,387,387,387,387,387,397,CL: Los Lagos-Huelmo,-42.63138888888889,-73.35722222222222,-42.63138888888889,-73.35722222222222,9652,1446,26,1,1,0.4630543887615204,0.47878116369247437,,3.2,0.4702996,0.5432203,46.30543899536133
388,388,388,388,388,388,398,CL: Los Lagos-Puerto Montt-Piedra Azul,-41.48888888888889,-72.81166666666667,-41.48888888888889,-72.81166666666667,106996,20192,38,14,1,0.48538097739219666,0.48537686467170715,,3.0,0.48811874,0.47304958,47.30495834350586
389,389,389,389,389,389,399,CL: Los Lagos-Puerto Varas,-41.31944444444445,-72.98527777777778,-41.31944444444445,-72.98527777777778,321259,130947,19,29,8,0.5086106657981873,0.5266197323799133,,3.8,0.5293768,0.4855752,48.557518005371094
390,390,390,390,390,390,400,CL: Los Lagos-Alerce,-40.23722222222222,-73.67277777777778,-40.23722222222222,-73.67277777777778,84484,15015,57,8,1,0.4322466254234314,0.4893442988395691,,4.0,0.49065197,0.4897299,43.22466278076172
391,391,391,391,391,391,401,CL: Los Lagos-Puerto Montt,-41.469166666666666,-72.94222222222223,-41.469166666666666,-72.94222222222223,219055,186241,11,52,10,0.5379250049591064,0.5052008628845215,,3.8,0.51346177,0.46415374,46.415374755859375
392,392,392,392,392,392,402,CL: Aysen del General Carlos Ibanez del Campo-Coihaique,-45.575,-72.06611111111111,-45.575,-72.06611111111111,141056,73289,4,13,5,0.5316359996795654,0.5204253196716309,,3.0,0.50383854,0.49833652,49.83365249633789
393,393,393,393,393,393,403,CL: Magallanes y la Antartida Chilena-Punta Arenas,-53.15472222222222,-70.91111111111111,-53.15472222222222,-70.91111111111111,321825,240744,21,49,11,0.5216709971427917,0.49690619111061096,,2.363636363636364,0.5153883,0.46924862,46.924861907958984
394,394,394,394,394,394,404,DO: Distrito Nacional-Santo Domingo De Guzman,18.471666666666664,-69.89222222222223,18.471666666666664,-69.89222222222223,37529,14884,29,101,54,0.4303867518901825,0.502622127532959,,3.5625,0.4725948,0.46954903,43.038673400878906
395,395,395,395,395,395,405,DO: Santo Domingo-Santo Domingo Este,18.488333333333333,-69.85694444444444,18.488333333333333,-69.85694444444444,48384,12064,8,273,92,0.46508339047431946,0.4650154411792755,,3.55,0.42153487,0.4586208,42.15348815917969
396,396,396,396,396,396,406,DO: Santo Domingo-Santo Domingo Oeste,18.5,-70.0,18.5,-70.0,45030,16260,9,234,62,0.4877713918685913,0.4179808795452118,,3.466666666666667,0.44368917,0.4417914,41.79808807373047
397,397,397,397,397,397,407,DO: Santo Domingo-Santo Domingo Norte,19.451666666666664,-70.69694444444445,19.451666666666664,-70.69694444444445,28036,10032,10,189,65,0.4245907962322235,0.4937681257724762,,3.333333333333333,0.50872123,0.45027074,42.45907974243164
398,398,398,398,398,398,408,DO: Santo Domingo-Boca Chica (Mun.),18.45694444444444,-69.61388888888888,18.45694444444444,-69.61388888888888,39523,11160,12,27,10,0.48031580448150635,0.4742114841938019,,3.3,0.49146998,0.5173846,47.42115020751953
399,399,399,399,399,399,409,DO: Santo Domingo-San Antonio de Guerra,19.793333333333337,-70.68833333333333,19.793333333333337,-70.68833333333333,45814,23266,13,102,49,0.4758543074131012,0.4901576638221741,,3.8,0.49812126,0.5052274,47.58543014526367
400,400,400,400,400,400,410,DO: Santo Domingo-Los Alcarrizos (DM),18.52777777777778,-70.03611111111111,18.52777777777778,-70.03611111111111,38412,7769,9,91,38,0.4090731739997864,0.4563382565975189,,3.566666666666667,0.45861164,0.44653508,40.907318115234375
401,401,401,401,401,401,411,DO: Santo Domingo-Pedro Brand,18.619444444444444,-70.09055555555555,18.619444444444444,-70.09055555555555,89661,15189,102,1,1,0.46777212619781494,0.4594208896160126,,3.7,0.44534075,0.3984367,39.84366989135742
402,402,402,402,402,402,412,DO: Espaillat - Municipio Moca,19.45722222222222,-70.54333333333334,19.45722222222222,-70.54333333333334,15119,8296,30,48,9,0.46372824907302856,0.4436749219894409,,3.2,0.4379075,0.44671056,43.790748596191406
403,403,403,403,403,403,413,DO: Puerto Plata-Puerto Plata,19.793333333333337,-70.68833333333333,19.793333333333337,-70.68833333333333,45814,23266,13,102,49,0.4758574962615967,0.4901752471923828,,3.263157894736842,0.4972412,0.5052308,47.585750579833984
404,404,404,404,404,404,414,DO: Santiago-Santiago (Mun.),19.451666666666664,-70.69694444444445,19.451666666666664,-70.69694444444445,28036,10032,10,189,65,0.42458629608154297,0.4937582314014435,,3.3529411764705883,0.50873375,0.45024505,42.4586296081543
405,405,405,405,405,405,415,DO: La Vega-La Vega,19.221944444444443,-70.52944444444444,19.221944444444443,-70.52944444444444,29780,11489,30,309,97,0.4098547399044037,0.4702385365962982,,3.1666666666666665,0.46349767,0.4087651,40.87651062011719
406,406,406,406,406,406,416,DO: Monsenor Nouel-Bonao,18.936666666666667,-70.40916666666668,18.936666666666667,-70.40916666666668,7596,1821,23,128,27,0.3981524109840393,0.4163207411766052,,3.0,0.4336842,0.44924733,39.815242767333984
407,407,407,407,407,407,417,DO: Duarte-San Francisco de Macoris,19.300833333333333,-70.2525,19.300833333333333,-70.2525,43665,10199,24,95,48,0.3790256977081299,0.4211767613887787,,3.3157894736842106,0.42942813,0.44186193,37.90256881713867
408,408,408,408,408,408,418,DO: Peravia-Bani,18.279444444444444,-70.33166666666666,18.279444444444444,-70.33166666666666,64542,15639,10,116,56,0.4553612768650055,0.4465793967247009,,3.3,0.45309982,0.45475215,44.65793991088867
409,409,409,409,409,409,419,DO: San Cristobal-San Cristobal (Mun.),18.416666666666668,-70.1,18.416666666666668,-70.1,36259,10000,11,93,45,0.50108802318573,0.44002994894981384,,3.4,0.42746,0.46333557,42.746002197265625
410,410,410,410,410,410,420,DO: San Cristobal-Bajos de Haina,18.41527777777777,-70.03305555555555,18.41527777777777,-70.03305555555555,45618,6924,12,326,60,0.4343264400959015,0.4831436574459076,,3.0,0.4886034,0.46563366,43.43264389038086
411,411,411,411,411,411,421,DO: San Juan-San Juan (Mun.),18.83333333333333,-71.25,18.83333333333333,-71.25,3163,1217,111,36,3,0.5636577606201172,0.4864718019962311,,3.9,0.52130777,0.42518568,42.51856994628906
412,412,412,412,412,412,422,DO: La Altagracia-Higuey,18.615,-68.70777777777778,18.615,-68.70777777777778,41246,13357,18,120,60,0.4670048952102661,0.458169162273407,,3.375,0.47508284,0.44498253,44.498252868652344
413,413,413,413,413,413,423,DO: La Romana-La Romana (Mun.),18.427222222222223,-68.97277777777778,18.427222222222223,-68.97277777777778,26580,6633,26,133,34,0.4131847620010376,0.5416311621665955,,3.5,0.51956767,0.5593135,41.318477630615234
414,414,414,414,414,414,424,DO: San Pedro de Macoris-San Pedro de Macoris (Munic.),18.453888888888887,-69.3086111111111,18.453888888888887,-69.3086111111111,44361,14535,18,64,41,0.46750888228416443,0.5441580414772034,,3.4,0.52403283,0.50153583,46.75088882446289
415,415,415,415,415,415,426,DO: Puerto Plata-Sosua,19.75777777777778,-70.57,19.75777777777778,-70.57,7356,3502,12,5,4,0.5104063153266907,0.49608996510505676,,3.7777777777777777,0.52097684,0.49269712,49.269710540771484
416,416,416,416,416,416,427,DO: Santiago-Bisono,19.56361111111111,-70.87555555555555,19.56361111111111,-70.87555555555555,15940,11073,21,54,13,0.5024891495704651,0.4891209006309509,,3.4,0.48363012,0.39828932,39.82893371582031
417,417,417,417,417,417,428,DO: Santiago-San Jose de las Matas,19.33888888888889,-70.93805555555556,19.33888888888889,-70.93805555555556,38714,17012,20,8,5,0.4213716387748718,0.4002082645893097,,3.4,0.51014507,0.37430653,37.4306526184082
418,418,418,418,418,418,429,DO: Santiago-Villa Gonzalez,19.54055555555556,-70.78833333333333,19.54055555555556,-70.78833333333333,2119,649,191,8,3,0.5065954923629761,0.45335811376571655,,3.3,0.47682914,0.41495278,41.495277404785156
419,419,419,419,419,419,430,DO: La Vega-Constanza,18.81361111111111,-70.6261111111111,18.81361111111111,-70.6261111111111,151436,11326,90,1,1,0.39680013060569763,0.44046783447265625,,3.5,0.4457557,0.4043057,39.68001174926758
420,420,420,420,420,420,431,DO: La Vega-Jima Abajo,19.128888888888888,-70.39527777777778,19.128888888888888,-70.39527777777778,5064,3859,17,24,6,0.5236304402351379,0.4682985246181488,,3.2,0.5135743,0.42080587,42.08058547973633
421,421,421,421,421,421,432,DO: Sanchez Ramirez-Cotui,19.0525,-70.14916666666667,19.0525,-70.14916666666667,21201,5200,39,128,45,0.4517602026462555,0.4423844814300537,,3.2,0.4664446,0.44660783,44.23844909667969
422,422,422,422,422,422,434,DO: Duarte-Villa Riva,19.150277777777777,-69.88361111111112,19.150277777777777,-69.88361111111112,1200,740,22,2,2,0.546771228313446,0.4868573844432831,,3.6,0.5226288,0.41099498,41.0994987487793
423,423,423,423,423,423,435,DO: Maria Trinidad Sanchez-Nagua,19.38305555555556,-69.84722222222221,19.38305555555556,-69.84722222222221,23280,6491,14,66,25,0.49710384011268616,0.4754750430583954,,3.2,0.47155714,0.5296546,47.15571594238281
424,424,424,424,424,424,436,DO: Hermanas Mirabal-Salcedo (Mun.),19.416666666666668,-70.33333333333333,19.416666666666668,-70.33333333333333,1094,498,49,1,1,0.41978275775909424,0.3930169343948364,,3.3,0.4063677,0.40453875,39.301692962646484
425,425,425,425,425,425,437,DO: Samana-Samana,19.25,-69.45,19.25,-69.45,7624,1780,9,1,1,0.48353996872901917,0.3902413845062256,,3.2,0.39997116,0.4356178,39.024139404296875
426,426,426,426,426,426,439,DO: Montecristi-Castanuelas,19.71361111111111,-71.49861111111112,19.71361111111111,-71.49861111111112,5403,2028,16,10,8,0.5281745195388794,0.4931698143482208,,3.4,0.4801248,0.42779282,42.77928161621094
427,427,427,427,427,427,440,DO: Santiago Rodriguez-San Ignacio De Sabaneta,19.47777777777777,-71.3411111111111,19.47777777777777,-71.3411111111111,11492,3506,28,51,16,0.4507075250148773,0.430243581533432,,2.8,0.43671706,0.3830651,38.30651092529297
428,428,428,428,428,428,441,DO: Valverde-Mao,19.551666666666662,-71.07805555555555,19.551666666666662,-71.07805555555555,26628,15991,12,90,31,0.4500093460083008,0.4776913523674011,,3.6,0.51726854,0.4570004,45.00093460083008
429,429,429,429,429,429,442,DO: Valverde-Laguna Salada,19.7,-71.13333333333334,19.7,-71.13333333333334,42637,10905,84,9,2,0.4631403386592865,0.4405136704444885,,3.5,0.42698848,0.4040755,40.40755081176758
430,430,430,430,430,430,443,DO: Azua-Azua,18.453055555555554,-70.73472222222222,18.453055555555554,-70.73472222222222,35355,8946,17,119,40,0.3789650499820709,0.4539000391960144,,3.1,0.4331606,0.49626383,37.89650344848633
431,431,431,431,431,431,444,DO: Azua-Sabana Yegua,18.41361111111111,-70.88805555555557,18.41361111111111,-70.88805555555557,14653,1915,8,2,1,0.4799019694328308,0.4665532410144806,,3.7,0.44326678,0.427896,42.78960037231445
432,432,432,432,432,432,445,DO: San Cristobal-Cambita Garabito,18.5,-70.23333333333333,18.5,-70.23333333333333,12792,7669,86,1,1,0.3944482207298279,0.413621723651886,,3.8,0.42393517,0.41373494,39.444820404052734
433,433,433,433,433,433,446,DO: San Cristobal-Villa Altagracia,18.633333333333333,-70.25,18.633333333333333,-70.25,91899,13719,80,1,1,0.3876675069332123,0.4020509123802185,,3.0,0.3923506,0.4087717,38.76675033569336
434,434,434,434,434,434,447,DO: San Cristobal-San Gregorio de Nigua,18.383333333333333,-70.05222222222221,18.383333333333333,-70.05222222222221,54496,6056,48,14,4,0.45160815119743347,0.48244768381118774,,3.9,0.4892911,0.45472762,45.16081619262695
435,435,435,435,435,435,449,DO: Barahona-Barahona,18.20833333333333,-71.10055555555554,18.20833333333333,-71.10055555555554,34116,9439,16,169,43,0.45048660039901733,0.48685330152511597,,3.1,0.48453447,0.48752633,45.04866027832031
436,436,436,436,436,436,450,DO: Barahona-Paraiso,18.02638888888889,-71.2088888888889,18.02638888888889,-71.2088888888889,55647,9807,128,2,1,0.41621753573417664,0.4399423599243164,,2.8,0.43577832,0.4718296,41.62175369262695
437,437,437,437,437,437,452,DO: Elias Pina-El Llano,18.766666666666666,-71.66666666666667,18.766666666666666,-71.66666666666667,4891,1315,95,1,1,0.5063865184783936,0.459367960691452,,3.5,0.46041277,0.4271222,42.71221923828125
438,438,438,438,438,438,453,DO: San Juan-Las Matas de Farfan,18.87305555555556,-71.51638888888888,18.87305555555556,-71.51638888888888,32670,6169,41,14,5,0.48174747824668884,0.45199114084243774,,3.3,0.4644717,0.40162838,40.162837982177734
439,439,439,439,439,439,454,DO: El Seibo-El Seibo (Mun.),18.8,-69.05,18.8,-69.05,1883,64,67,1,1,0.4652477502822876,0.46518921852111816,,3.6,0.44612524,0.43473622,43.4736213684082
440,440,440,440,440,440,455,DO: La Romana-Villa Hermosa,18.45111111111111,-69.04305555555555,18.45111111111111,-69.04305555555555,4982,1352,8,1,1,0.45666876435279846,0.456238716840744,,4.0,0.46868527,0.52718276,45.623870849609375
441,441,441,441,441,441,456,DO: San Pedro de Macoris-Ramon Santana (Munic.),18.5,-69.16666666666667,18.5,-69.16666666666667,779,409,319,2,1,0.5022044777870178,0.4686843156814575,,3.6,0.45008403,0.4992115,45.00840377807617
442,442,442,442,442,442,457,DO: Monte Plata-Monte Plata (Mun.),18.83333333333333,-69.83333333333333,18.83333333333333,-69.83333333333333,26351,8957,109,11,1,0.45560306310653687,0.4160999655723572,,2.9,0.42917722,0.4067512,40.67511749267578
443,443,443,443,443,443,458,DO: Monte Plata-Yamasa,18.773055555555555,-70.02583333333334,18.773055555555555,-70.02583333333334,33609,3035,20,24,6,0.4051835238933563,0.4142388105392456,,3.8,0.41707972,0.39267853,39.267852783203125
444,444,444,444,444,444,459,EC: El Oro-Huaquillas,-3.475,-80.23083333333334,-3.475,-80.23083333333334,50847,46690,7,90,27,0.43885383009910583,0.508284866809845,,3.25,0.5004712,0.46487337,43.88538360595703
445,445,445,445,445,445,460,EC: El Oro-Machala,-3.258611111111111,-79.96027777777778,-3.258611111111111,-79.96027777777778,78198,59442,12,268,64,0.462900310754776,0.48887166380882263,,3.1,0.48340625,0.47911757,46.29003143310547
446,446,446,446,446,446,461,EC: Esmeraldas-Atacames,0.7919444444444445,-79.85638888888889,0.7919444444444445,-79.85638888888889,7069,15965,16,1,1,0.42510178685188293,0.4082207977771759,,3.208333333333333,0.4178106,0.38718098,38.71809768676758
447,447,447,447,447,447,462,EC: Esmeraldas-Muisne,0.6102777777777778,-80.01861111111111,0.6102777777777778,-80.01861111111111,38328,13013,5,5,1,0.5263533592224121,0.5107051730155945,,2.75,0.52979153,0.46978205,46.978206634521484
448,448,448,448,448,448,463,EC: Guayas-Eloy Alfaro,-2.1691666666666665,-79.83972222222222,-2.1691666666666665,-79.83972222222222,60114,58688,4,115,36,0.49800702929496765,0.5116975903511047,,2.625,0.4910852,0.5288938,49.1085205078125
449,449,449,449,449,449,464,EC: Esmeraldas-Quininde,0.3655555555555554,-79.44972222222222,0.3655555555555554,-79.44972222222222,80469,82333,5,1,1,0.42741045355796814,0.4486553370952606,,3.375,0.43748552,0.44610992,42.74104690551758
450,450,450,450,450,450,465,EC: Guayas-Alfredo Baquerizo Moreno,-1.9166666666666663,-79.51666666666667,-1.9166666666666663,-79.51666666666667,11334,3201,18,1,1,0.49617063999176025,0.4544082581996918,,2.625,0.49209198,0.43756205,43.75620651245117
451,451,451,451,451,451,466,EC: Guayas-Balzar,-1.3652777777777778,-79.905,-1.3652777777777778,-79.905,41081,42393,5,35,9,0.46084603667259216,0.48576876521110535,,2.75,0.48755476,0.4559337,45.59336853027344
452,452,452,452,452,452,467,EC: Guayas-Colimes,-1.5455555555555551,-80.01138888888889,-1.5455555555555551,-80.01138888888889,14803,17489,26,7,4,0.5009278655052185,0.4868071675300598,,3.0,0.51432234,0.43529025,43.52902603149414
453,453,453,453,453,453,468,EC: Guayas-Daule,-1.860277777777778,-79.97666666666667,-1.860277777777778,-79.97666666666667,71916,75717,4,124,40,0.5270025730133057,0.5097302198410034,,3.5625,0.5092355,0.43673402,43.67340087890625
454,454,454,454,454,454,469,EC: Guayas-Guayaquil,-2.196111111111111,-79.88611111111112,-2.196111111111111,-79.88611111111112,69962,47721,8,280,85,0.4646223783493042,0.4921274185180664,,3.3653846153846154,0.49244237,0.55293435,46.46223831176758
455,455,455,455,455,455,470,EC: Guayas-Milagro,-2.133888888888889,-79.59333333333333,-2.133888888888889,-79.59333333333333,83168,85297,5,68,23,0.5257202982902527,0.5002330541610718,,2.958333333333333,0.4744171,0.42696536,42.696537017822266
456,456,456,456,456,456,471,EC: Guayas-Naranjito,-2.170555555555556,-79.465,-2.170555555555556,-79.465,53426,53814,5,54,25,0.45922431349754333,0.49667423963546753,,1.75,0.50788933,0.4427258,44.272579193115234
457,457,457,457,457,457,472,EC: Guayas-Naranjal,-2.676111111111111,-79.61722222222221,-2.676111111111111,-79.61722222222221,70230,72809,7,223,50,0.46186119318008423,0.45617103576660156,,3.125,0.49123558,0.43963382,43.963382720947266
458,458,458,458,458,458,473,EC: Guayas-Samborondon,-1.960555555555556,-79.72555555555556,-1.960555555555556,-79.72555555555556,62819,62014,2,6,3,0.5416744947433472,0.548474133014679,,2.5,0.56132066,0.48873135,48.87313461303711
459,459,459,459,459,459,474,EC: Los Rios-Baba,-1.7833333333333332,-79.66666666666667,-1.7833333333333332,-79.66666666666667,87129,84131,6,33,9,0.5599276423454285,0.48682737350463867,,3.333333333333333,0.51349175,0.439071,43.907100677490234
460,460,460,460,460,460,475,EC: Los Rios-Quevedo,-1.0286111111111111,-79.4625,-1.0286111111111111,-79.4625,68325,67696,10,169,35,0.4480527341365814,0.4806417226791382,,2.789473684210526,0.4232749,0.4153071,41.53071212768555
461,461,461,461,461,461,476,EC: Los Rios-CATARAMA,-1.5708333333333333,-79.47333333333333,-1.5708333333333333,-79.47333333333333,119589,159703,3,1,1,0.4238260090351105,0.4381588101387024,,3.083333333333333,0.43602136,0.40980762,40.98076248168945
462,462,462,462,462,462,477,EC: Los Rios-Babahoyo,-1.8019444444444448,-79.53416666666666,-1.8019444444444448,-79.53416666666666,81085,82413,7,635,58,0.4917544424533844,0.4765251874923706,,3.25,0.52710295,0.4597153,45.97153091430664
463,463,463,463,463,463,478,EC: Los Rios-Puebloviejo,-1.5569444444444445,-79.54027777777777,-1.5569444444444445,-79.54027777777777,33638,29233,4,1,1,0.4215446412563324,0.4149094521999359,,3.125,0.41616422,0.40247267,40.24726867675781
464,464,464,464,464,464,479,EC: Los Rios-SAN JACINTO DE BUENA FE,-0.8938888888888888,-79.48972222222223,-0.8938888888888888,-79.48972222222223,53667,59381,10,14,8,0.4435728192329407,0.44790542125701904,,2.625,0.45783243,0.41180626,41.180625915527344
465,465,465,465,465,465,480,EC: Manabi-Calceta,-0.8455555555555556,-80.16388888888889,-0.8455555555555556,-80.16388888888889,52368,46929,10,29,17,0.4708910882472992,0.4216066598892212,,2.625,0.44798246,0.3859657,38.5965690612793
466,466,466,466,466,466,481,EC: Manabi-El Carmen,-0.3569444444444444,-79.54805555555555,-0.3569444444444444,-79.54805555555555,15584,4272,12,1,1,0.434161901473999,0.39526107907295227,,3.5,0.39891917,0.42506555,39.52610778808594
467,467,467,467,467,467,482,EC: Manabi-Jipijapa,-1.3483333333333332,-80.57888888888888,-1.3483333333333332,-80.57888888888888,78302,71879,8,86,34,0.3887383043766022,0.4470725953578949,,3.375,0.43733287,0.40631396,38.87382888793945
468,468,468,468,468,468,483,EC: Manabi-Manta,-0.9491666666666668,-80.73111111111112,-0.9491666666666668,-80.73111111111112,77722,53637,16,238,63,0.4339043200016022,0.5528159141540527,,2.25,0.5047445,0.5403262,43.39043045043945
469,469,469,469,469,469,484,EC: Manabi-Montecristi,-1.1222222222222222,-80.69500000000001,-1.1222222222222222,-80.69500000000001,61208,93860,4,8,3,0.4786846935749054,0.39814919233322144,,2.375,0.4338468,0.41669503,39.814918518066406
470,470,470,470,470,470,485,EC: Manabi-Portoviejo,-1.0544444444444443,-80.45444444444445,-1.0544444444444443,-80.45444444444445,110315,113669,10,231,53,0.460934579372406,0.473222941160202,,3.466666666666667,0.49440452,0.4177845,41.77845001220703
471,471,471,471,471,471,486,EC: Manabi-FLAVIO ALFARO,-0.3230555555555555,-79.81555555555555,-0.3230555555555555,-79.81555555555555,43462,48436,5,45,3,0.4207400977611542,0.43575552105903625,,3.625,0.47536644,0.44077402,42.07400894165039
472,472,472,472,472,472,487,EC: Manabi-Bahia de Caraquez,-0.6002777777777777,-80.42444444444445,-0.6002777777777777,-80.42444444444445,78497,78874,13,41,13,0.4969126880168915,0.4895399510860443,,3.0,0.54389644,0.5520417,48.95399475097656
473,473,473,473,473,473,488,EC: Manabi-Pajan,-1.6402777777777775,-80.39277777777778,-1.6402777777777775,-80.39277777777778,49967,31251,3,1,1,0.45253604650497437,0.38648128509521484,,2.875,0.42704704,0.40394023,38.648128509521484
474,474,474,474,474,474,489,EC: Manabi-Pedernales,0.0716666666666666,-80.05194444444444,0.0716666666666666,-80.05194444444444,87509,94040,11,98,22,0.4998919367790222,0.4985758066177368,,3.25,0.4930803,0.54203504,49.30802917480469
475,475,475,475,475,475,490,EC: Manabi-Chone,-0.5686111111111111,-80.10111111111111,-0.5686111111111111,-80.10111111111111,4415,4596,25,1,1,0.47505128383636475,0.40608495473861694,,3.125,0.43641412,0.4047169,40.4716911315918
476,476,476,476,476,476,491,EC: Santa Elena-Santa Elena,-2.226111111111112,-80.8586111111111,-2.226111111111112,-80.8586111111111,115986,115366,5,186,42,0.4176199436187744,0.433736115694046,,3.5,0.49978268,0.5298787,41.761993408203125
477,477,477,477,477,477,492,EC: Santa Elena-La Libertad,-2.231388888888889,-80.89972222222222,-2.231388888888889,-80.89972222222222,65033,70295,5,101,25,0.4448395371437073,0.4717239439487457,,3.25,0.46107632,0.49689347,44.48395538330078
478,478,478,478,478,478,493,EC: SANTO DOMINGO DE LOS COLORADOS,-0.2530555555555555,-79.17527777777778,-0.2530555555555555,-79.17527777777778,73411,72198,7,172,54,0.4311608374118805,0.43407556414604187,,2.533333333333333,0.43176875,0.40189072,40.18907165527344
479,479,479,479,479,479,494,EC: Santo Domingo de los Tsachilas-Santo Domingo,-0.2530555555555555,-79.17527777777778,-0.2530555555555555,-79.17527777777778,73411,72198,7,172,54,0.431155800819397,0.4340856969356537,,2.294117647058824,0.43176875,0.40189072,40.18907165527344
480,480,480,480,480,480,495,EC: Azuay-Cuenca,-2.9002777777777777,-79.00444444444445,-2.9002777777777777,-79.00444444444445,49906,47965,9,230,90,0.43754419684410095,0.44518011808395386,,3.1607142857142856,0.4363017,0.41232786,41.232784271240234
481,481,481,481,481,481,496,EC: Bolivar-Guaranda,-1.5925000000000002,-79.00083333333333,-1.5925000000000002,-79.00083333333333,85977,80401,9,54,21,0.5017592310905457,0.42265087366104126,,2.75,0.42670992,0.4001797,40.01797103881836
482,482,482,482,482,482,497,EC: Canar-La Troncal,-2.443888888888889,-79.37916666666666,-2.443888888888889,-79.37916666666666,240025,311501,3,1,1,0.41513270139694214,0.43687185645103455,,2.9375,0.44586548,0.46800688,41.51327133178711
483,483,483,483,483,483,498,EC: Carchi-Tulcan,0.8116666666666668,-77.71722222222222,0.8116666666666668,-77.71722222222222,87685,85729,5,126,48,0.5005316138267517,0.44193753600120544,,3.0625,0.48065597,0.39613038,39.613037109375
484,484,484,484,484,484,499,EC: Chimborazo-Riobamba,-1.6708333333333332,-78.64694444444446,-1.6708333333333332,-78.64694444444446,103278,102980,11,295,74,0.4650692045688629,0.439450740814209,,3.5,0.46151,0.41182816,41.18281555175781
485,485,485,485,485,485,500,EC: Chimborazo-Alausi,-2.2644444444444445,-78.72055555555556,-2.2644444444444445,-78.72055555555556,38442,35837,7,3,2,0.5232877135276794,0.4256814420223236,,2.75,0.4527901,0.4780137,42.568145751953125
486,486,486,486,486,486,501,EC: Chimborazo-Guamote,-2.031944444444445,-78.62722222222222,-2.031944444444445,-78.62722222222222,18133,13248,13,1,1,0.48756712675094604,0.46907272934913635,,3.125,0.46605787,0.43692476,43.692474365234375
487,487,487,487,487,487,502,EC: Chimborazo-PENIPE,-1.5622222222222222,-78.44805555555556,-1.5622222222222222,-78.44805555555556,36608,25245,3,1,1,0.36514556407928467,0.40333154797554016,,3.375,0.40511492,0.42187876,36.514556884765625
488,488,488,488,488,488,503,EC: Cotopaxi-Latacunga,-0.935,-78.61527777777778,-0.935,-78.61527777777778,74066,67050,12,210,63,0.48976969718933105,0.46178263425827026,,3.4166666666666665,0.46997324,0.42292818,42.29281997680664
489,489,489,489,489,489,504,EC: Cotopaxi-Pujili,-0.9841666666666664,-78.88666666666667,-0.9841666666666664,-78.88666666666667,21011,34102,3,1,1,0.4625169336795807,0.44515475630760193,,3.375,0.5026168,0.41328415,41.32841491699219
490,490,490,490,490,490,505,EC: Imbabura-Ibarra,0.3516666666666666,-78.12222222222222,0.3516666666666666,-78.12222222222222,65914,41260,8,483,81,0.48703402280807495,0.4845300018787384,,3.0,0.47108898,0.45371693,45.3716926574707
491,491,491,491,491,491,506,EC: Imbabura-Otavalo,0.2344444444444444,-78.26222222222222,0.2344444444444444,-78.26222222222222,43549,44621,7,131,46,0.508705198764801,0.48543646931648254,,2.375,0.45860237,0.48951608,45.86023712158203
492,492,492,492,492,492,507,EC: Loja-Loja,-3.993055555555556,-79.20416666666667,-3.993055555555556,-79.20416666666667,78099,70417,14,275,88,0.47354239225387573,0.4318944811820984,,3.5625,0.43777657,0.4321291,43.189449310302734
493,493,493,493,493,493,508,EC: Loja-Saraguro,-3.545555555555556,-79.32083333333333,-3.545555555555556,-79.32083333333333,32435,21061,2,1,1,0.4669077396392822,0.4217343330383301,,3.0625,0.4179749,0.4198463,41.797489166259766
494,494,494,494,494,494,509,EC: Loja-Catamayo,-4.0,-79.36666666666666,-4.0,-79.36666666666666,67658,55220,2,1,1,0.5009886622428894,0.4269562363624573,,3.5,0.44934443,0.42239282,42.239280700683594
495,495,495,495,495,495,510,EC: Pichincha-Quito,-0.2297222222222222,-78.52472222222222,-0.2297222222222222,-78.52472222222222,84937,71187,6,311,96,0.47683051228523254,0.46288159489631653,,3.14070351758794,0.4770296,0.45375597,45.3755989074707
496,496,496,496,496,496,511,EC: Pichincha-Sangolqui,-0.3338888888888888,-78.45194444444445,-0.3338888888888888,-78.45194444444445,112043,98805,3,94,38,0.47171860933303833,0.45348337292671204,,3.25,0.46698728,0.40714914,40.71491241455078
497,497,497,497,497,497,512,EC: Pichincha-Cayambe,0.0408333333333333,-78.14611111111111,0.0408333333333333,-78.14611111111111,62339,69665,7,64,28,0.47107720375061035,0.48630693554878235,,2.75,0.5133125,0.44195375,44.19537353515625
498,498,498,498,498,498,513,EC: Tungurahua-Ambato,-1.248888888888889,-78.61666666666666,-1.248888888888889,-78.61666666666666,69219,58601,12,139,53,0.4966133236885071,0.4714876115322113,,3.692307692307693,0.4590901,0.44579604,44.57960510253906
499,499,499,499,499,499,514,EC: Tungurahua-Santiago de Pillaro,-1.148611111111111,-78.45972222222223,-1.148611111111111,-78.45972222222223,15048,13302,9,1,1,0.4830299913883209,0.4599960744380951,,3.5,0.4540455,0.44550094,44.55009460449219
500,500,500,500,500,500,515,EC: Sucumbios-Nueva Loja,0.0858333333333333,-76.89527777777778,0.0858333333333333,-76.89527777777778,152046,146048,11,10,8,0.47966814041137695,0.4348738193511963,,3.875,0.45043033,0.44402972,43.48738098144531
501,501,501,501,501,501,516,EC: Sucumbios-Shushufindi,-0.3105555555555555,-76.41638888888889,-0.3105555555555555,-76.41638888888889,46024,37701,27,3,1,0.3574727177619934,0.4244000017642975,,3.2857142857142856,0.40390006,0.46671066,35.74727249145508
502,502,502,502,502,502,517,EC: Sucumbios-LUMBAQUI,0.0077777777777777,-77.32138888888889,0.0077777777777777,-77.32138888888889,42229,47910,5,5,2,0.43319669365882874,0.40285998582839966,,3.5,0.40335596,0.48869625,40.2859992980957
503,503,503,503,503,503,518,EC: Morona Santiago-Morona,-2.5,-77.91666666666667,-2.5,-77.91666666666667,40384,48044,10,1,1,0.3711576759815216,0.4193185567855835,,3.125,0.42052072,0.38961393,37.11576843261719
504,504,504,504,504,504,519,EC: Orellana-PUERTO FRANCISCO DE ORELLANA,-0.4663888888888889,-76.98694444444445,-0.4663888888888889,-76.98694444444445,60025,55211,12,73,25,0.5089783072471619,0.5103986859321594,,3.0,0.5418842,0.4861832,48.61832046508789
505,505,505,505,505,505,520,SV: La Libertad-Antiguo Cuscatlan,13.6675,-89.2461111111111,13.6675,-89.2461111111111,96095,14087,27,329,91,0.4658896028995514,0.42703551054000854,,3.1,0.45096964,0.4153861,41.538612365722656
506,506,506,506,506,506,521,SV: La Libertad-Nueva San Salvador,13.676944444444445,-89.27972222222222,13.676944444444445,-89.27972222222222,56898,16902,49,129,54,0.44717252254486084,0.46243488788604736,,3.45,0.45243382,0.4218728,42.187278747558594
507,507,507,507,507,507,522,SV: San Salvador-Apopa,13.807222222222222,-89.17916666666667,13.807222222222222,-89.17916666666667,30162,8373,14,223,40,0.43647679686546326,0.4558282792568207,,3.3666666666666667,0.43448526,0.42532226,42.5322265625
508,508,508,508,508,508,523,SV: San Salvador-Ayutuxtepeque,13.758055555555556,-89.19583333333334,13.758055555555556,-89.19583333333334,36070,8497,10,12,6,0.4267670214176178,0.41273385286331177,,3.4,0.4169747,0.42120087,41.27338409423828
509,509,509,509,509,509,524,SV: San Salvador-Cuscatancingo,13.774722222222223,-89.17861111111111,13.774722222222223,-89.17861111111111,26503,6653,51,159,45,0.4836454689502716,0.436087965965271,,2.8,0.43559813,0.4466989,43.559814453125
510,510,510,510,510,510,525,SV: San Salvador-Mejicanos,13.723888888888888,-89.18777777777778,13.723888888888888,-89.18777777777778,41865,11424,44,277,76,0.4839174151420593,0.39453867077827454,,3.3157894736842106,0.40870342,0.4166538,39.4538688659668
511,511,511,511,511,511,526,SV: San Salvador-San Marcos,13.660833333333334,-89.1825,13.660833333333334,-89.1825,42284,8098,26,208,69,0.49709224700927734,0.44794923067092896,,3.5,0.445667,0.42606178,42.606178283691406
512,512,512,512,512,512,527,SV: San Salvador-San Martin,13.743333333333332,-89.06333333333333,13.743333333333332,-89.06333333333333,24145,5495,20,35,15,0.4364106357097626,0.43422749638557434,,3.4,0.424032,0.46860164,42.403202056884766
513,513,513,513,513,513,528,SV: San Salvador-San Salvador,13.689166666666669,-89.18694444444445,13.689166666666669,-89.18694444444445,41573,8088,31,281,70,0.4442121088504791,0.44003769755363464,,3.358974358974359,0.4340363,0.43532422,43.40363311767578
514,514,514,514,514,514,529,SV: San Salvador-Soyapango,13.71,-89.13972222222223,13.71,-89.13972222222223,45699,7504,18,273,108,0.46109360456466675,0.44898635149002075,,3.4,0.45282415,0.48495233,44.89863586425781
515,515,515,515,515,515,530,SV: San Salvador-Tonacatepeque,13.916666666666666,-89.2,13.916666666666666,-89.2,27509,43115,5,1,1,0.49803781509399414,0.45104551315307617,,3.1,0.43110088,0.42002445,42.002445220947266
516,516,516,516,516,516,531,SV: San Salvador-Delgado,13.721666666666668,-89.16861111111112,13.721666666666668,-89.16861111111112,48602,10596,24,254,58,0.4140646755695343,0.4165966808795929,,3.4,0.43091545,0.43697524,41.40646743774414
517,517,517,517,517,517,532,SV: Ahuachapan-Ahuachapan,13.866666666666667,-89.91666666666667,13.866666666666667,-89.91666666666667,5202,500,35,1,1,0.3987239599227905,0.3948732912540436,,3.2,0.4282163,0.40289196,39.487327575683594
518,518,518,518,518,518,533,SV: Santa Ana-Chalchuapa,14.033333333333331,-89.66666666666667,14.033333333333331,-89.66666666666667,3705,302,94,3,1,0.46626269817352295,0.46643587946891785,,3.3684210526315788,0.4514133,0.4021995,40.21995162963867
519,519,519,519,519,519,534,SV: Santa Ana-Metapan,14.3,-89.43333333333334,14.3,-89.43333333333334,4999,5252,6,1,1,0.4327126443386078,0.42635151743888855,,3.2,0.40784767,0.44787136,40.784767150878906
520,520,520,520,520,520,535,SV: Santa Ana-Santa Ana,13.994166666666668,-89.55972222222222,13.994166666666668,-89.55972222222222,59895,10889,23,91,30,0.42135369777679443,0.4234938323497772,,3.282051282051282,0.44017673,0.447549,42.13536834716797
521,521,521,521,521,521,536,SV: Sonsonate-Acajutla,13.592777777777778,-89.8275,13.592777777777778,-89.8275,46396,12677,16,44,18,0.45249637961387634,0.4390650987625122,,3.473684210526316,0.46038476,0.4627095,43.90650939941406
522,522,522,522,522,522,537,SV: Sonsonate-Nahuizalco,13.805833333333334,-89.70194444444445,13.805833333333334,-89.70194444444445,17462,3707,14,1,1,0.4338134229183197,0.42455121874809265,,3.05,0.42789102,0.42579964,42.45512008666992
523,523,523,523,523,523,538,SV: Sonsonate-Sonsonate,13.71888888888889,-89.72416666666666,13.71888888888889,-89.72416666666666,43499,7758,36,82,29,0.4730965793132782,0.474161833524704,,3.4,0.4782953,0.41679445,41.679443359375
524,524,524,524,524,524,539,SV: Chalatenango-La Palma,14.298333333333334,-89.16027777777778,14.298333333333334,-89.16027777777778,120347,12795,130,25,4,0.4401182532310486,0.40950706601142883,,3.4,0.38504326,0.3861876,38.50432586669922
525,525,525,525,525,525,540,SV: La Libertad-Quezaltepeque,13.916666666666666,-89.25,13.916666666666666,-89.25,27509,43115,5,1,1,0.4650888741016388,0.4455874264240265,,3.6,0.42980072,0.40628725,40.628726959228516
526,526,526,526,526,526,541,SV: La Libertad-Zaragoza,13.57861111111111,-89.29777777777778,13.57861111111111,-89.29777777777778,47661,9140,18,374,57,0.44247397780418396,0.4272129535675049,,3.25,0.4198952,0.40839612,40.8396110534668
527,527,527,527,527,527,542,SV: Cuscatlan-Cojutepeque,13.716666666666669,-88.93333333333334,13.716666666666669,-88.93333333333334,20394,5062,9,1,1,0.4418121874332428,0.4500485062599182,,3.7142857142857135,0.47007555,0.40131342,40.131343841552734
528,528,528,528,528,528,543,SV: La Paz-Olocuilta,13.5,-89.1,13.5,-89.1,39701,8203,17,14,3,0.44878825545310974,0.4170535206794739,,3.625,0.43506712,0.422153,41.705352783203125
529,529,529,529,529,529,544,SV: Cabanas-Ilobasco,13.883333333333333,-88.83333333333333,13.883333333333333,-88.83333333333333,5330,484,31,2,2,0.42951685190200806,0.4010107219219208,,3.4,0.41210508,0.39388373,39.38837432861328
530,530,530,530,530,530,545,SV: San Vicente-San Vicente,13.596388888888889,-88.83749999999999,13.596388888888889,-88.83749999999999,21369,2956,7,1,1,0.3977431356906891,0.4116087853908539,,3.5,0.42670783,0.42039174,39.774314880371094
531,531,531,531,531,531,546,SV: Usulutan-Puerto El Triunfo,13.264444444444443,-88.52944444444444,13.264444444444443,-88.52944444444444,15462,4252,15,1,1,0.4174741208553314,0.4750436842441559,,3.4,0.47717348,0.47443876,41.747413635253906
532,532,532,532,532,532,547,SV: San Miguel-Ciudad Barrios,13.762222222222222,-88.28277777777778,13.762222222222222,-88.28277777777778,24203,5143,11,2,1,0.44849857687950134,0.409438818693161,,3.6,0.43486488,0.39918318,39.91831970214844
533,533,533,533,533,533,548,SV: San Miguel-San Miguel,13.483333333333333,-88.18333333333334,13.483333333333333,-88.18333333333334,31676,12947,17,60,29,0.40778565406799316,0.4652406871318817,,3.5357142857142856,0.427868,0.41278046,40.778564453125
534,534,534,534,534,534,549,SV: La Union-Santa Rosa de Lima,13.75,-87.83333333333333,13.75,-87.83333333333333,4452,318,165,5,2,0.45502594113349915,0.39516735076904297,,3.3,0.36220756,0.3782314,36.22075653076172
535,535,535,535,535,535,550,SV: Ahuachapan-Guaymango,13.736666666666666,-89.85194444444444,13.736666666666666,-89.85194444444444,5293,422,42,3,1,0.4673095643520355,0.4226573407649994,,3.2,0.41969693,0.40375802,40.37580108642578
536,536,536,536,536,536,551,SV: Ahuachapan-San Francisco Menendez,13.80638888888889,-90.02888888888889,13.80638888888889,-90.02888888888889,27954,12685,11,4,4,0.4169296324253082,0.40693509578704834,,3.888888888888889,0.4085165,0.39014602,39.01460266113281
537,537,537,537,537,537,552,SV: Ahuachapan-Turin,13.961666666666666,-89.77333333333333,13.961666666666666,-89.77333333333333,4469,5095,5,1,1,0.4384151101112366,0.46815335750579834,,3.555555555555556,0.45474118,0.43564478,43.564476013183594
538,538,538,538,538,538,553,SV: Sonsonate-Cuisnahuat,13.625555555555556,-89.63305555555554,13.625555555555556,-89.63305555555554,6271,898,16,1,1,0.43718409538269043,0.40625548362731934,,3.4,0.41590247,0.4047522,40.4752197265625
539,539,539,539,539,539,554,SV: Sonsonate-Izalco,13.813333333333334,-89.63222222222221,13.813333333333334,-89.63222222222221,10895,11967,32,8,8,0.40008413791656494,0.47202837467193604,,3.2,0.48479107,0.4999757,40.00841522216797
540,540,540,540,540,540,555,SV: Sonsonate-Santo Domingo,13.715555555555556,-89.79777777777778,13.715555555555556,-89.79777777777778,273882,11368,123,2,1,0.495039701461792,0.4442249834537506,,3.2,0.46395075,0.39875692,39.87569046020508
541,541,541,541,541,541,556,SV: Chalatenango-Chalatenango,14.133333333333333,-89.01666666666667,14.133333333333333,-89.01666666666667,5657,423,37,2,2,0.4042298197746277,0.3846685290336609,,3.3,0.3710433,0.3914135,37.10432815551758
542,542,542,542,542,542,557,SV: Chalatenango-Nueva Concepcion,14.113888888888887,-89.30472222222222,14.113888888888887,-89.30472222222222,42692,9681,11,19,8,0.44211649894714355,0.4219619035720825,,3.1,0.4258921,0.40445143,40.44514465332031
543,543,543,543,543,543,558,SV: Chalatenango-Tejutla,14.216666666666669,-89.16666666666667,14.216666666666669,-89.16666666666667,3863,382,95,1,1,0.40980765223503113,0.386898398399353,,3.4,0.40729845,0.39329445,38.68983840942383
544,544,544,544,544,544,559,SV: La Libertad-Ciudad Arce,13.810833333333337,-89.41805555555555,13.810833333333337,-89.41805555555555,52268,72231,10,12,3,0.5357627868652344,0.4337340295314789,,3.3,0.45955908,0.41870588,41.87058639526367
545,545,545,545,545,545,560,SV: La Libertad-Colon,13.714444444444444,-89.35277777777777,13.714444444444444,-89.35277777777777,28905,5783,16,49,18,0.4246169328689575,0.4276648461818695,,3.3,0.4314328,0.44122463,42.461692810058594
546,546,546,546,546,546,561,SV: La Libertad-Jicalapa,13.530833333333334,-89.50666666666666,13.530833333333334,-89.50666666666666,130660,9677,139,17,1,0.4339603781700134,0.4474914073944092,,3.4,0.43689638,0.4317385,43.173851013183594
547,547,547,547,547,547,562,SV: La Libertad-San Jose Villanueva,13.559722222222224,-89.27055555555556,13.559722222222224,-89.27055555555556,173264,13772,17,4,3,0.447856068611145,0.4439017176628113,,3.5,0.41653073,0.42018107,41.653072357177734
548,548,548,548,548,548,563,SV: La Libertad-San Juan de Opico,13.866666666666667,-89.4,13.866666666666667,-89.4,26105,5158,17,6,1,0.4629264771938324,0.4133576452732086,,3.3,0.4184992,0.4198139,41.33576583862305
549,549,549,549,549,549,564,SV: La Libertad-Talnique,13.67,-89.39944444444446,13.67,-89.39944444444446,2041,241,34,1,1,0.4432545006275177,0.4221368432044983,,3.5,0.42010358,0.41018116,41.01811599731445
550,550,550,550,550,550,565,SV: San Salvador-Guazapa,13.890833333333331,-89.16416666666667,13.890833333333331,-89.16416666666667,21579,4582,36,93,7,0.47497522830963135,0.4198858141899109,,3.9,0.44787845,0.408723,40.87229919433594
551,551,551,551,551,551,566,SV: San Salvador-Ilopango,13.699444444444444,-89.11972222222222,13.699444444444444,-89.11972222222222,51732,8515,29,327,68,0.529755175113678,0.48064643144607544,,4.0,0.44478294,0.46002632,44.478294372558594
552,552,552,552,552,552,567,SV: San Salvador-Nejapa,13.841666666666669,-89.22166666666666,13.841666666666669,-89.22166666666666,13330,5586,11,2,2,0.4734072983264923,0.4292202293872833,,3.2222222222222223,0.45324212,0.43553203,42.92202377319336
553,553,553,553,553,553,568,SV: Cuscatlan-Candelaria,13.681666666666668,-88.96916666666667,13.681666666666668,-88.96916666666667,5104,502,36,1,1,0.39294132590293884,0.45022252202033997,,3.2222222222222223,0.43011042,0.44944987,39.294132232666016
554,554,554,554,554,554,569,SV: Cuscatlan-San Cristobal,13.7,-88.88333333333334,13.7,-88.88333333333334,26648,21225,14,117,2,0.43603870272636414,0.40313321352005005,,3.5,0.39960667,0.40432218,39.96066665649414
555,555,555,555,555,555,570,SV: Cuscatlan-San Pedro Perulapan,13.778611111111111,-89.01277777777777,13.778611111111111,-89.01277777777777,34509,13333,126,135,1,0.4464952349662781,0.3960714638233185,,3.4,0.38626915,0.408367,38.626914978027344
556,556,556,556,556,556,571,SV: Cuscatlan-Tenancingo,13.82638888888889,-88.96916666666667,13.82638888888889,-88.96916666666667,101949,9791,124,79,4,0.45698660612106323,0.415808767080307,,3.0,0.42298818,0.39676487,39.67648696899414
557,557,557,557,557,557,572,SV: La Paz-Paraiso de Osorio,13.633333333333333,-88.96083333333334,13.633333333333333,-88.96083333333334,21973,3953,58,8,2,0.42127346992492676,0.41479745507240295,,3.2,0.41947722,0.43795902,41.47974395751953
558,558,558,558,558,558,573,SV: La Paz-San Luis Talpa,13.466666666666669,-89.08333333333333,13.466666666666669,-89.08333333333333,21577,4233,12,3,3,0.48861536383628845,0.4880773425102234,,3.4,0.48484614,0.44352907,44.3529052734375
559,559,559,559,559,559,574,SV: La Paz-Santiago Nonualco,13.48472222222222,-88.95583333333333,13.48472222222222,-88.95583333333333,19120,7853,139,18,1,0.48641905188560486,0.4204195439815521,,3.4,0.45667,0.40199846,40.19984436035156
560,560,560,560,560,560,575,SV: La Paz-Zacatecoluca,13.5,-88.86666666666666,13.5,-88.86666666666666,29137,7927,34,58,18,0.44253265857696533,0.42924389243125916,,3.7,0.4585781,0.44650137,42.92438888549805
561,561,561,561,561,561,576,SV: Cabanas-Tejutepeque,13.853333333333332,-88.9225,13.853333333333332,-88.9225,26026,6887,23,4,3,0.4725998342037201,0.4017878472805023,,3.1,0.4147929,0.38938648,38.93864822387695
562,562,562,562,562,562,577,SV: San Vicente-Santo Domingo,13.706944444444444,-88.85472222222222,13.706944444444444,-88.85472222222222,4399,322,45,9,1,0.4733826220035553,0.40704402327537537,,3.4,0.40491524,0.39190775,39.19077682495117
563,563,563,563,563,563,578,SV: San Vicente-Tecoluca,13.410833333333334,-88.74944444444445,13.410833333333334,-88.74944444444445,3918,356,72,4,1,0.4296131432056427,0.4322704076766968,,3.0,0.42857376,0.44947138,42.85737609863281
564,564,564,564,564,564,579,SV: Usulutan-El Triunfo,13.598055555555556,-88.41527777777779,13.598055555555556,-88.41527777777779,44108,7626,34,3,2,0.4261561334133148,0.41266509890556335,,3.2,0.4026184,0.39462462,39.46246337890625
565,565,565,565,565,565,580,SV: Usulutan-Jucuapa,13.516666666666667,-88.38333333333334,13.516666666666667,-88.38333333333334,36801,8935,13,17,8,0.426485538482666,0.40350615978240967,,3.5,0.44617894,0.4117833,40.350616455078125
566,566,566,566,566,566,581,SV: Usulutan-San Agustin,13.45611111111111,-88.58972222222222,13.45611111111111,-88.58972222222222,3132,504,124,2,1,0.4224684536457062,0.3973347842693329,,3.3,0.42266014,0.42566764,39.73347854614258
567,567,567,567,567,567,582,SV: Usulutan-Usulutan,13.35,-88.45,13.35,-88.45,23527,2286,101,16,6,0.45343926548957825,0.4458140730857849,,3.333333333333333,0.4233015,0.42198914,42.19891357421875
568,568,568,568,568,568,583,SV: San Miguel-Comacaran,13.52888888888889,-88.05777777777777,13.52888888888889,-88.05777777777777,5334,463,36,1,1,0.44547945261001587,0.41987448930740356,,3.6,0.4220748,0.40183207,40.18320846557617
569,569,569,569,569,569,584,SV: San Miguel-Lolotique,13.5925,-88.33944444444444,13.5925,-88.33944444444444,4525,3458,57,1,1,0.42200008034706116,0.3913271427154541,,3.7,0.38490444,0.39512497,38.49044418334961
570,570,570,570,570,570,585,SV: San Miguel-San Luis de La Reina,13.82861111111111,-88.35555555555555,13.82861111111111,-88.35555555555555,3677,688,36,6,3,0.3881961703300476,0.40886199474334717,,3.5,0.40500304,0.4094855,38.819618225097656
571,571,571,571,571,571,586,SV: San Miguel-Sesori,13.783333333333331,-88.41666666666667,13.783333333333331,-88.41666666666667,3974,390,37,1,1,0.38694050908088684,0.4324643015861511,,3.2,0.41183597,0.39677697,38.69404983520508
572,572,572,572,572,572,587,SV: Morazan-Guatajiagua,13.680555555555555,-88.22500000000001,13.680555555555555,-88.22500000000001,12319,5791,161,34,2,0.42618077993392944,0.40197262167930603,,3.2222222222222223,0.43023807,0.38726255,38.726253509521484
573,573,573,573,573,573,588,SV: Morazan-San Francisco Gotera,13.7,-88.1,13.7,-88.1,45104,9270,14,57,23,0.42382004857063293,0.40470948815345764,,3.333333333333333,0.442223,0.39220968,39.22096633911133
574,574,574,574,574,574,589,SV: La Union-Bolivar,13.583333333333334,-87.95,13.583333333333334,-87.95,4920,1110,38,1,1,0.4126241207122803,0.42627161741256714,,3.1,0.4060091,0.39038134,39.03813171386719
575,575,575,575,575,575,590,SV: La Union-El Carmen,13.32,-87.99361111111111,13.32,-87.99361111111111,19330,4098,13,22,1,0.5337781310081482,0.4174959361553192,,3.6,0.41150653,0.46141958,41.15065383911133
576,576,576,576,576,576,591,SV: La Union-Pasaquina,13.510555555555555,-87.81777777777778,13.510555555555555,-87.81777777777778,10918,11297,2,1,1,0.43897905945777893,0.4095248281955719,,3.555555555555556,0.40406078,0.42374998,40.40607833862305
577,577,577,577,577,577,592,SV: La Union-Yayantique,13.442777777777778,-88.01861111111111,13.442777777777778,-88.01861111111111,90512,10391,136,7,1,0.49825894832611084,0.3967670500278473,,3.6,0.40892884,0.38224187,38.224185943603516
578,578,578,578,578,578,593,GT: Guatemala-Amatitlan,14.477222222222222,-90.63472222222222,14.477222222222222,-90.63472222222222,110260,34110,5,7,2,0.5500865578651428,0.49791234731674194,,3.6,0.49041387,0.48625562,48.62556076049805
579,579,579,579,579,579,594,GT: Guatemala-Chinautla,14.702777777777778,-90.49972222222222,14.702777777777778,-90.49972222222222,9292,4284,15,13,4,0.4397852420806885,0.4304766356945038,,3.6,0.45150316,0.41634157,41.634159088134766
580,580,580,580,580,580,595,GT: Guatemala-Guatemala,15.5,-90.25,15.5,-90.25,86009,14191,15,1,1,0.4003101587295532,0.393725723028183,,3.466666666666667,0.4088522,0.40795276,39.37257385253906
581,581,581,581,581,581,596,GT: Guatemala-Mixco,14.630555555555556,-90.60694444444444,14.630555555555556,-90.60694444444444,49686,11486,12,139,50,0.4668262004852295,0.46380865573883057,,3.3666666666666667,0.5220613,0.44080514,44.08051300048828
582,582,582,582,582,582,597,GT: Guatemala-Palencia,14.661111111111111,-90.32305555555556,14.661111111111111,-90.32305555555556,20856,3841,23,2,1,0.43918073177337646,0.4014703631401062,,3.2,0.38053647,0.37593558,37.59355926513672
583,583,583,583,583,583,598,GT: Guatemala-Petapa,14.501666666666669,-90.56194444444444,14.501666666666669,-90.56194444444444,56585,18500,9,123,37,0.4986993670463562,0.5148138999938965,,3.5,0.531891,0.45771372,45.7713737487793
584,584,584,584,584,584,599,GT: Guatemala-San Juan Sacatepequez,14.71888888888889,-90.64416666666668,14.71888888888889,-90.64416666666668,42634,10356,12,66,19,0.4815235435962677,0.403969943523407,,3.45,0.4277072,0.45526224,40.396995544433594
585,585,585,585,585,585,600,GT: Guatemala-San Pedro Sacatepequez,14.675555555555556,-90.6297222222222,14.675555555555556,-90.6297222222222,7598,8421,7,1,1,0.46643900871276855,0.5158190131187439,,3.7,0.42836118,0.4270756,42.707557678222656
586,586,586,586,586,586,601,GT: Guatemala-Villa Canales,14.48277777777778,-90.53416666666666,14.48277777777778,-90.53416666666666,39084,10019,13,591,34,0.4983873665332794,0.5220956206321716,,3.2,0.49524942,0.45715433,45.71543502807617
587,587,587,587,587,587,602,GT: Guatemala-Villa Nueva,14.525,-90.58527777777778,14.525,-90.58527777777778,59982,11908,12,52,26,0.4430750906467438,0.523823618888855,,3.5,0.47920856,0.46533373,44.30751037597656
588,588,588,588,588,588,603,GT: Alta Verapaz-Coban,15.470833333333331,-90.37083333333332,15.470833333333331,-90.37083333333332,34985,9196,13,28,5,0.5161159634590149,0.4285205602645874,,3.5,0.44920653,0.39198953,39.198951721191406
589,589,589,589,589,589,604,GT: Alta Verapaz-San Pedro Carcha,15.5675,-90.18138888888888,15.5675,-90.18138888888888,64877,14673,23,1,1,0.4563802182674408,0.4034692943096161,,3.4444444444444446,0.39090887,0.4301306,39.090885162353516
590,590,590,590,590,590,605,GT: Chimaltenango-Chimaltenango,14.666666666666666,-90.91666666666669,14.666666666666666,-90.91666666666669,20569,35804,7,4,1,0.50076824426651,0.4131566286087036,,3.1,0.4417197,0.40369964,40.369964599609375
591,591,591,591,591,591,606,GT: Chimaltenango-Tecpan Guatemala,14.79861111111111,-91.015,14.79861111111111,-91.015,16350,8308,14,2,2,0.4069354832172394,0.4280007779598236,,3.1,0.40808102,0.43173394,40.69355010986328
592,592,592,592,592,592,607,GT: Chiquimula-Chiquimula,14.8,-89.54583333333333,14.8,-89.54583333333333,57009,22464,12,94,25,0.4502667188644409,0.44660142064094543,,3.2,0.45034525,0.42125788,42.125789642333984
593,593,593,593,593,593,608,GT: Escuintla-Escuintla,14.300833333333332,-90.78555555555556,14.300833333333332,-90.78555555555556,38965,9601,11,75,22,0.4457564353942871,0.46920111775398254,,3.1,0.48629466,0.41935983,41.93598175048828
594,594,594,594,594,594,609,GT: Escuintla-Santa Lucia Cotzumalguapa,14.335,-91.02333333333333,14.335,-91.02333333333333,13322,3652,16,43,13,0.4922184348106384,0.46288397908210754,,3.5,0.46516305,0.42630538,42.63053894042969
595,595,595,595,595,595,610,GT: Huehuetenango-Chiantla,15.448611111111113,-91.42861111111112,15.448611111111113,-91.42861111111112,8897,1165,51,1,1,0.48171472549438477,0.41772282123565674,,3.7,0.39872825,0.43678966,39.872825622558594
596,596,596,596,596,596,611,GT: Huehuetenango-Santa Cruz Barillas,15.931388888888888,-91.22111111111111,15.931388888888888,-91.22111111111111,80126,11178,216,1,1,0.4186900854110718,0.4163834750652313,,3.4,0.40497845,0.4098212,40.49784469604492
597,597,597,597,597,597,612,GT: Izabal-Morales,15.444722222222222,-88.76638888888888,15.444722222222222,-88.76638888888888,5062,12753,70,1,1,0.473497211933136,0.43677622079849243,,3.5,0.4378479,0.43315032,43.315032958984375
598,598,598,598,598,598,613,GT: Izabal-Puerto Barrios,15.727777777777778,-88.59444444444443,15.727777777777778,-88.59444444444443,60012,49533,12,111,33,0.4444660246372223,0.49097177386283875,,2.8,0.48833686,0.4590321,44.44660186767578
599,599,599,599,599,599,614,GT: Jalapa-Jalapa,14.63472222222222,-89.9888888888889,14.63472222222222,-89.9888888888889,39041,11530,15,68,20,0.4593358337879181,0.4527110457420349,,3.5,0.50077134,0.4066568,40.665679931640625
600,600,600,600,600,600,615,GT: Jutiapa-Jutiapa,14.291666666666666,-89.89583333333334,14.291666666666666,-89.89583333333334,24199,8890,17,8,6,0.4690089523792267,0.47916221618652344,,3.4,0.457273,0.4124351,41.24351119995117
601,601,601,601,601,601,616,GT: Peten-La Libertad,17.003888888888888,-90.5822222222222,17.003888888888888,-90.5822222222222,2630,2454,30,3,2,0.48176974058151245,0.41827628016471863,,3.4,0.4418057,0.39863712,39.863712310791016
602,602,602,602,602,602,617,GT: Quetzaltenango-Coatepeque,14.703888888888889,-91.86416666666666,14.703888888888889,-91.86416666666666,50553,12501,19,79,19,0.49135762453079224,0.44818392395973206,,3.7,0.4903081,0.4428872,44.288719177246094
603,603,603,603,603,603,618,GT: Quetzaltenango-Quetzaltenango,14.834722222222222,-91.51805555555556,14.834722222222222,-91.51805555555556,41669,14017,11,172,42,0.44468554854393005,0.4678422510623932,,3.4,0.4389282,0.4481735,43.892818450927734
604,604,604,604,604,604,619,GT: Quiche-Chichicastenango,14.943333333333332,-91.1111111111111,14.943333333333332,-91.1111111111111,23189,8329,22,100,25,0.43087151646614075,0.4317694902420044,,3.05,0.42063394,0.40121934,40.12193298339844
605,605,605,605,605,605,620,GT: Quiche-Nebaj,15.561388888888889,-91.17305555555556,15.561388888888889,-91.17305555555556,14388,4521,29,2,1,0.43041983246803284,0.39977359771728516,,3.3,0.42638206,0.43615192,39.977359771728516
606,606,606,606,606,606,621,GT: San Marcos-Malacatan,14.911111111111111,-92.05777777777776,14.911111111111111,-92.05777777777776,52586,17230,16,42,17,0.43726587295532227,0.42038193345069885,,3.4,0.4348638,0.39090693,39.090694427490234
607,607,607,607,607,607,622,GT: Solola-Solola,14.666666666666666,-91.25,14.666666666666666,-91.25,18695,21107,5,8,2,0.3847522735595703,0.47281405329704285,,3.4,0.47486112,0.48076522,38.47522735595703
608,608,608,608,608,608,623,GT: Totonicapan-Momostenango,15.044166666666667,-91.40861111111111,15.044166666666667,-91.40861111111111,15421,10096,21,12,6,0.4503962993621826,0.39964279532432556,,3.7,0.40529492,0.392004,39.200401306152344
609,609,609,609,609,609,624,GT: Totonicapan-Totonicapan,14.911666666666669,-91.3611111111111,14.911666666666669,-91.3611111111111,20694,16045,18,121,33,0.4586114287376404,0.44994184374809265,,3.5,0.4515187,0.4468098,44.68098068237305
610,610,610,610,610,610,625,GT: Alta Verapaz-Chahal,15.72861111111111,-89.56472222222222,15.72861111111111,-89.56472222222222,490,656,133,1,1,0.4105602204799652,0.3963843286037445,,2.5,0.37780547,0.37264132,37.26413345336914
611,611,611,611,611,611,626,GT: Alta Verapaz-Fray Bartolome de las Casas,15.866388888888888,-89.73694444444445,15.866388888888888,-89.73694444444445,4588,4635,14,1,1,0.4514208436012268,0.43865612149238586,,2.75,0.41974816,0.39442456,39.44245529174805
612,612,612,612,612,612,627,GT: Alta Verapaz-San Cristobal Verapaz,15.396388888888888,-90.55944444444444,15.396388888888888,-90.55944444444444,15112,3399,25,8,4,0.46942025423049927,0.40195325016975403,,3.5,0.39501026,0.459551,39.50102615356445
613,613,613,613,613,613,628,GT: Alta Verapaz-Santa Cruz Verapaz,15.338333333333336,-90.41388888888888,15.338333333333336,-90.41388888888888,10427,2013,23,1,1,0.5116094350814819,0.4369964301586151,,3.5,0.4391198,0.41463125,41.4631233215332
614,614,614,614,614,614,629,GT: Alta Verapaz-Tactic,15.320277777777775,-90.34805555555556,15.320277777777775,-90.34805555555556,18605,5672,26,14,9,0.48905110359191895,0.4191558361053467,,3.5,0.44452423,0.42260256,41.915584564208984
615,615,615,615,615,615,630,GT: Baja Verapaz-Purulha,15.215,-90.03833333333333,15.215,-90.03833333333333,2076,2568,22,1,1,0.4701901376247406,0.4026421308517456,,3.111111111111111,0.414746,0.40417123,40.26421356201172
616,616,616,616,616,616,631,GT: Baja Verapaz-Salama,15.102777777777778,-90.31805555555556,15.102777777777778,-90.31805555555556,44113,12718,13,30,13,0.4919128119945526,0.4805302917957306,,3.5,0.4988456,0.46072456,46.07245635986328
617,617,617,617,617,617,632,GT: Chimaltenango-El Tejar,14.670555555555556,-90.78972222222222,14.670555555555556,-90.78972222222222,8220,5486,8,2,1,0.4798871576786041,0.43322885036468506,,3.5,0.46357915,0.43577403,43.32288360595703
618,618,618,618,618,618,633,GT: Chimaltenango-San Jose Poaquil,14.85388888888889,-90.905,14.85388888888889,-90.905,11867,10883,0,1,1,0.4371984004974365,0.39850878715515137,,2.9,0.38687518,0.39849073,38.68751907348633
619,619,619,619,619,619,634,GT: Chimaltenango-Yepocapa,14.467222222222222,-90.97416666666666,14.467222222222222,-90.97416666666666,5780,1809,5,1,1,0.3896996080875397,0.4565744996070862,,3.2,0.44432828,0.4252981,38.9699592590332
620,620,620,620,620,620,635,GT: Chiquimula-Ipala,14.582222222222224,-89.60472222222222,14.582222222222224,-89.60472222222222,4551,2955,73,1,1,0.5188117623329163,0.46120864152908325,,3.2,0.48294732,0.4578208,45.782081604003906
621,621,621,621,621,621,636,GT: Chiquimula-San Jacinto,14.674444444444443,-89.51694444444445,14.674444444444443,-89.51694444444445,12086,12198,28,7,2,0.4364503026008606,0.41635704040527344,,3.3,0.4203244,0.41491476,41.49147415161133
622,622,622,622,622,622,637,GT: El Progreso-Sanarate,14.821388888888889,-90.2125,14.821388888888889,-90.2125,20003,19063,17,1,1,0.5015901327133179,0.41375380754470825,,3.4,0.4232578,0.42021674,41.37538146972656
623,623,623,623,623,623,638,GT: Escuintla-Masagua,14.085,-90.80888888888887,14.085,-90.80888888888887,28318,31395,14,2,2,0.4668295085430145,0.43965259194374084,,3.6,0.4357749,0.4203826,42.03825759887695
624,624,624,624,624,624,639,GT: Escuintla-Palin,14.39111111111111,-90.7002777777778,14.39111111111111,-90.7002777777778,38566,8481,17,47,9,0.4524528980255127,0.4507043957710266,,3.8,0.4602377,0.4525448,45.070438385009766
625,625,625,625,625,625,640,GT: Escuintla-Tiquizate,14.283333333333331,-91.36055555555556,14.283333333333331,-91.36055555555556,59657,8472,43,12,5,0.5167985558509827,0.48062971234321594,,3.3,0.497354,0.46333665,46.33366394042969
626,626,626,626,626,626,641,GT: Huehuetenango-Cuilco,15.416111111111112,-91.99194444444444,15.416111111111112,-91.99194444444444,2669,828,41,1,1,0.4445398151874542,0.43543902039527893,,3.4,0.440782,0.4253953,42.53953170776367
627,627,627,627,627,627,642,GT: Huehuetenango-La Democracia,15.633055555555556,-91.88333333333334,15.633055555555556,-91.88333333333334,20107,6462,21,15,5,0.41342198848724365,0.4336698055267334,,3.4,0.42562738,0.41477606,41.34219741821289
628,628,628,628,628,628,643,GT: Huehuetenango-San Gaspar Ixchil,15.390277777777778,-91.72916666666669,15.390277777777778,-91.72916666666669,15508,4650,21,32,6,0.47469040751457214,0.3901006579399109,,3.4,0.41406107,0.3854734,38.547340393066406
629,629,629,629,629,629,644,GT: Huehuetenango-San Rafael la Independencia,15.706388888888888,-91.53305555555556,15.706388888888888,-91.53305555555556,3425,3125,29,1,1,0.44166192412376404,0.424010694026947,,3.8,0.41028592,0.41573608,41.02859115600586
630,630,630,630,630,630,645,GT: Huehuetenango-Santa Eulalia,15.74972222222222,-91.32527777777776,15.74972222222222,-91.32527777777776,12219,2629,20,5,3,0.40417832136154175,0.4487460255622864,,3.5,0.44495386,0.41430253,40.41783142089844
631,631,631,631,631,631,646,GT: Izabal-El Estor,15.428055555555554,-89.44861111111112,15.428055555555554,-89.44861111111112,29255,22359,17,1,1,0.415305495262146,0.43602728843688965,,2.7,0.4406284,0.43648568,41.530548095703125
632,632,632,632,632,632,647,GT: Izabal-Los Amates,15.257222222222222,-89.10083333333333,15.257222222222222,-89.10083333333333,7212,699,53,2,1,0.4679219126701355,0.4565538763999939,,3.2,0.45082244,0.40983516,40.983516693115234
633,633,633,633,633,633,648,GT: Jalapa-San Pedro Pinula,14.70611111111111,-89.84861111111111,14.70611111111111,-89.84861111111111,10674,2077,49,8,4,0.44859376549720764,0.39494413137435913,,3.1,0.4048288,0.41308877,39.49441146850586
634,634,634,634,634,634,649,GT: Jutiapa-Comapa,14.113888888888887,-89.90055555555556,14.113888888888887,-89.90055555555556,10381,2021,19,1,1,0.43057870864868164,0.3996565043926239,,3.4,0.4193622,0.3972346,39.72345733642578
635,635,635,635,635,635,650,GT: Jutiapa-Quezada,14.279722222222222,-90.0586111111111,14.279722222222222,-90.0586111111111,14330,4331,22,6,4,0.46842747926712036,0.4126456677913666,,3.7,0.4224298,0.3973772,39.73772048950195
636,636,636,636,636,636,651,GT: Peten-Flores,16.9225,-89.89916666666667,16.9225,-89.89916666666667,49434,11951,28,75,17,0.4409012496471405,0.5099523067474365,,3.5,0.5071451,0.47121793,44.090126037597656
637,637,637,637,637,637,652,GT: Peten-San Benito,16.916666666666668,-89.91888888888889,16.916666666666668,-89.91888888888889,47005,13408,18,61,15,0.4576859176158905,0.4624423682689667,,3.1,0.43666473,0.47797775,43.666473388671875
638,638,638,638,638,638,653,GT: Quetzaltenango-Cabrican,15.103055555555557,-91.64916666666667,15.103055555555557,-91.64916666666667,5716,11811,12,2,1,0.46636438369750977,0.4441201984882355,,3.9,0.45343184,0.41630566,41.63056564331055
639,639,639,639,639,639,654,GT: Quetzaltenango-Flores Costa Cuca,14.632222222222223,-91.86333333333332,14.632222222222223,-91.86333333333332,10738,3831,44,5,2,0.4486634433269501,0.4998876452445984,,3.7,0.4656069,0.42924625,42.924625396728516
640,640,640,640,640,640,655,GT: Quetzaltenango-Salcaja,14.876111111111111,-91.46166666666667,14.876111111111111,-91.46166666666667,20873,16436,10,42,15,0.4860668182373047,0.4220349192619324,,3.7,0.42952216,0.4453493,42.2034912109375
641,641,641,641,641,641,656,GT: Quetzaltenango-Sibilia,14.989166666666666,-91.6413888888889,14.989166666666666,-91.6413888888889,33215,33399,6,1,1,0.5117531418800354,0.4151865839958191,,3.9,0.4203053,0.43716004,41.51865768432617
642,642,642,642,642,642,657,GT: Quiche-Chinique,15.069444444444445,-91.01777777777778,15.069444444444445,-91.01777777777778,2830,3798,40,1,1,0.4427986741065979,0.40445077419281006,,3.1,0.37773365,0.41331038,37.77336502075195
643,643,643,643,643,643,658,GT: Quiche-Sacapulas,15.263055555555557,-91.11277777777777,15.263055555555557,-91.11277777777777,25089,5320,27,1,1,0.4016641676425934,0.45805928111076355,,3.2,0.4340171,0.41162786,40.16641616821289
644,644,644,644,644,644,659,GT: Quiche-San Pedro Jocopilas,15.154722222222222,-91.15583333333332,15.154722222222222,-91.15583333333332,14978,5861,15,38,2,0.4381480813026428,0.4159221947193146,,3.6,0.4142262,0.4153391,41.4226188659668
645,645,645,645,645,645,660,GT: Retalhuleu-El Asintal,14.566944444444443,-91.74861111111112,14.566944444444443,-91.74861111111112,11936,5884,61,1,1,0.40073472261428833,0.4327501654624939,,3.7777777777777777,0.43390197,0.4204915,40.07347106933594
646,646,646,646,646,646,661,GT: Retalhuleu-Retalhuleu,14.536111111111111,-91.67777777777778,14.536111111111111,-91.67777777777778,55226,14123,6,42,14,0.4544507563114166,0.4653455317020416,,3.7,0.44951096,0.4703404,44.95109558105469
647,647,647,647,647,647,662,GT: Sacatepequez-Alotenango,14.46472222222222,-90.8275,14.46472222222222,-90.8275,176742,21949,10,2,2,0.42808130383491516,0.4417591989040375,,3.2,0.4183665,0.44107562,41.83665084838867
648,648,648,648,648,648,663,GT: Sacatepequez-San Lucas Sacatepequez,14.5975,-90.64944444444446,14.5975,-90.64944444444446,73443,15813,13,293,43,0.4932849705219269,0.4489572048187256,,3.4,0.45800087,0.43798548,43.79854965209961
649,649,649,649,649,649,664,GT: Sacatepequez-Sumpango,14.64611111111111,-90.73416666666668,14.64611111111111,-90.73416666666668,56225,14539,7,80,28,0.4295479953289032,0.42975375056266785,,3.4,0.4280239,0.43224317,42.802391052246094
650,650,650,650,650,650,665,GT: San Marcos-Concepcion Tutuapa,15.287777777777778,-91.8672222222222,15.287777777777778,-91.8672222222222,18522,3303,22,2,1,0.43963003158569336,0.37363433837890625,,3.5,0.38635138,0.42453137,37.363433837890625
651,651,651,651,651,651,666,GT: San Marcos-Ixchiguan,15.142777777777775,-91.9152777777778,15.142777777777775,-91.9152777777778,16495,4150,21,2,1,0.4521598517894745,0.43060436844825745,,3.8,0.45553067,0.41720316,41.720314025878906
652,652,652,652,652,652,667,GT: San Marcos-San Lorenzo,15.026944444444446,-91.745,15.026944444444446,-91.745,531,1389,24,1,1,0.5050988793373108,0.41761428117752075,,3.5,0.4457548,0.44777846,41.76142883300781
653,653,653,653,653,653,668,GT: San Marcos-San Pablo,14.95361111111111,-91.97055555555556,14.95361111111111,-91.97055555555556,9520,872,17,1,1,0.46367985010147095,0.42245548963546753,,3.6,0.4427461,0.41945776,41.945777893066406
654,654,654,654,654,654,669,GT: San Marcos-Tacana,15.255,-92.1225,15.255,-92.1225,4461,2430,39,1,1,0.46842291951179504,0.42654603719711304,,3.7,0.43615693,0.4210095,42.1009521484375
655,655,655,655,655,655,670,GT: Santa Rosa-Barberena,14.307222222222222,-90.40777777777778,14.307222222222222,-90.40777777777778,16378,4017,14,5,3,0.47291237115859985,0.4378461241722107,,3.4,0.4633131,0.43205187,43.20518493652344
656,656,656,656,656,656,671,GT: Santa Rosa-Cuilapa,14.27638888888889,-90.29888888888888,14.27638888888889,-90.29888888888888,52432,10033,23,5,3,0.4722726047039032,0.42707520723342896,,3.6,0.47732124,0.41054878,41.05487823486328
657,657,657,657,657,657,672,GT: Santa Rosa-Santa Cruz Naranjo,14.383055555555556,-90.36888888888888,14.383055555555556,-90.36888888888888,22994,10866,14,6,5,0.45089444518089294,0.40918058156967163,,3.7,0.4106127,0.44410828,40.91805648803711
658,658,658,658,658,658,673,GT: Solola-Nahuala,14.842777777777778,-91.31777777777778,14.842777777777778,-91.31777777777778,18924,3612,34,30,10,0.473293662071228,0.42406201362609863,,3.6,0.44411764,0.44319156,42.40620040893555
659,659,659,659,659,659,674,GT: Solola-Santa Catarina Ixtahuacan,14.72,-91.3797222222222,14.72,-91.3797222222222,4624,4638,24,1,1,0.42307525873184204,0.4320637583732605,,2.6,0.40605494,0.40256697,40.25669860839844
660,660,660,660,660,660,675,GT: Suchitepequez-Chicacao,14.542777777777776,-91.3261111111111,14.542777777777776,-91.3261111111111,16170,1833,20,1,1,0.4745756983757019,0.41171178221702576,,3.9,0.40865305,0.4088777,40.86530685424805
661,661,661,661,661,661,676,GT: Suchitepequez-San Antonio Suchitepequez,14.518333333333334,-91.40416666666668,14.518333333333334,-91.40416666666668,53165,14373,10,1,1,0.4967538118362427,0.4652594029903412,,3.7,0.47424755,0.4175018,41.750179290771484
662,662,662,662,662,662,677,GT: Suchitepequez-San Pablo Jocopilas,14.589444444444444,-91.42833333333334,14.589444444444444,-91.42833333333334,18997,3714,266,11,5,0.4674496650695801,0.4188612699508667,,3.3,0.42071232,0.43387336,41.88612747192383
663,663,663,663,663,663,678,GT: Totonicapan-San Cristobal Totonicapan,14.928055555555554,-91.47444444444444,14.928055555555554,-91.47444444444444,22328,18852,11,4,2,0.4460308253765106,0.42387649416923523,,3.6,0.42371455,0.421023,42.10230255126953
664,664,664,664,664,664,679,GT: Zacapa-Cabanas,14.888333333333334,-89.77583333333334,14.888333333333334,-89.77583333333334,1016,4355,17,1,1,0.41053834557533264,0.4207230806350708,,3.3,0.42676228,0.44886103,41.0538330078125
665,665,665,665,665,665,680,GT: Zacapa-Usumatlan,14.988888888888887,-89.78805555555556,14.988888888888887,-89.78805555555556,12807,3063,9,3,1,0.44564974308013916,0.48116734623908997,,3.3,0.4581108,0.47389236,44.56497573852539
666,666,666,666,666,666,681,HO: Cortes-San Pedro Sula,15.504166666666666,-88.025,15.504166666666666,-88.025,39229,17232,12,162,62,0.425710529088974,0.40524595975875854,,3.0942028985507246,0.44906285,0.4504707,40.52459716796875
667,667,667,667,667,667,682,HO: Francisco Morazan-Distrito Central-Amarateca,14.233333333333333,-87.36666666666666,14.233333333333333,-87.36666666666666,15104,3734,11,19,4,0.5154132843017578,0.46486321091651917,,3.0786516853932584,0.48725885,0.41777536,41.77753448486328
668,668,668,668,668,668,683,HO: Atlantida-La Ceiba,15.759444444444444,-86.78194444444445,15.759444444444444,-86.78194444444445,18855,3481,10,12,4,0.5029590725898743,0.4359486997127533,,3.025,0.44515988,0.5288431,43.594871520996094
669,669,669,669,669,669,684,HO: Atlantida-Tela,15.775833333333336,-87.47583333333334,15.775833333333336,-87.47583333333334,23631,5194,15,35,14,0.497262567281723,0.49376794695854187,,3.3,0.4904991,0.4927168,49.04991149902344
670,670,670,670,670,670,685,HO: Choluteca-Choluteca,13.300277777777778,-87.19083333333333,13.300277777777778,-87.19083333333333,36049,6900,18,47,18,0.4524593949317932,0.45396730303764343,,3.15,0.46860224,0.4423163,44.23162841796875
671,671,671,671,671,671,686,HO: Choluteca-San Marcos de Colon,13.415,-86.82083333333333,13.415,-86.82083333333333,27591,35258,52,4,3,0.43408650159835815,0.41472378373146057,,3.5,0.4464156,0.3795126,37.95125961303711
672,672,672,672,672,672,687,HO: Colon-Tocoa,15.683333333333334,-86.0,15.683333333333334,-86.0,16157,11543,21,3,3,0.4682965576648712,0.46479272842407227,,3.4,0.457503,0.43722185,43.72218704223633
673,673,673,673,673,673,688,HO: Comayagua-Comayagua,14.451388888888888,-87.6375,14.451388888888888,-87.6375,44110,15831,11,25,10,0.474636435508728,0.46849149465560913,,3.4,0.5158026,0.4257451,42.57450866699219
674,674,674,674,674,674,689,HO: Comayagua-Siguatepeque,14.634166666666664,-87.84527777777777,14.634166666666664,-87.84527777777777,6462,22718,2,6,1,0.45824190974235535,0.4397871196269989,,3.9,0.44512928,0.40154627,40.15462875366211
675,675,675,675,675,675,690,HO: Copan-Santa Rosa de Copan,14.766666666666667,-88.77916666666667,14.766666666666667,-88.77916666666667,36084,30905,10,178,21,0.45694756507873535,0.43890446424484253,,3.333333333333333,0.45599058,0.38944262,38.94426345825195
676,676,676,676,676,676,691,HO: Cortes-Choloma,15.614444444444445,-87.95277777777778,15.614444444444445,-87.95277777777778,37338,8173,12,35,16,0.49526262283325195,0.4896685481071472,,3.2,0.5249393,0.4167497,41.67496871948242
677,677,677,677,677,677,692,HO: Cortes-La Lima,15.433333333333334,-87.91666666666667,15.433333333333334,-87.91666666666667,31313,10989,10,17,4,0.45630350708961487,0.49620378017425537,,3.4,0.47840023,0.43805364,43.805362701416016
678,678,678,678,678,678,693,HO: Cortes-Omoa,15.658611111111112,-88.1286111111111,15.658611111111112,-88.1286111111111,37954,46481,4,17,1,0.3893181383609772,0.42327889800071716,,3.3,0.398509,0.41677457,38.93181228637695
679,679,679,679,679,679,694,HO: Cortes-Puerto Cortes,15.825555555555557,-87.92944444444444,15.825555555555557,-87.92944444444444,42397,19200,14,28,6,0.5468462109565735,0.47606387734413147,,3.3,0.47658527,0.5159222,47.606388092041016
680,680,680,680,680,680,695,HO: Cortes-San Manuel,15.372777777777776,-87.90166666666667,15.372777777777776,-87.90166666666667,27955,27136,6,15,5,0.464734822511673,0.4688081443309784,,3.2,0.47696957,0.44932282,44.932281494140625
681,681,681,681,681,681,696,HO: Cortes-Villanueva,15.324444444444444,-88.04333333333334,15.324444444444444,-88.04333333333334,37685,74864,3,3,2,0.44534027576446533,0.4289408326148987,,3.3,0.43456504,0.39436272,39.43627166748047
682,682,682,682,682,682,697,HO: El Paraiso-Danli,14.033333333333331,-86.58333333333333,14.033333333333331,-86.58333333333333,35274,7530,11,9,6,0.49207550287246704,0.43006616830825806,,3.0,0.4414576,0.40593156,40.59315490722656
683,683,683,683,683,683,698,HO: Intibuca-Intibuca,14.333333333333334,-88.16666666666667,14.333333333333334,-88.16666666666667,29424,28061,20,7,1,0.4983850121498108,0.4399140477180481,,2.857142857142857,0.41982263,0.39110088,39.11008834838867
684,684,684,684,684,684,699,HO: La Paz-Marcala,14.148333333333332,-88.02388888888889,14.148333333333332,-88.02388888888889,17292,19711,13,9,3,0.4424232840538025,0.39622077345848083,,3.5,0.4168423,0.3918712,39.1871223449707
685,685,685,685,685,685,700,HO: Olancho-Catacamas,14.60361111111111,-85.5425,14.60361111111111,-85.5425,903,1948,174,1,1,0.3809798061847687,0.3971277177333832,,3.25,0.40430477,0.412822,38.09798049926758
686,686,686,686,686,686,701,HO: Olancho-Juticalpa,14.666666666666666,-86.21944444444445,14.666666666666666,-86.21944444444445,23429,6492,20,40,21,0.44447702169418335,0.41540226340293884,,3.8,0.41902527,0.41872892,41.540225982666016
687,687,687,687,687,687,702,HO: Santa Barbara-Macuelizo,15.2975,-88.54166666666667,15.2975,-88.54166666666667,10623,12792,5,2,1,0.46712633967399597,0.4472869336605072,,3.5,0.46300128,0.41553232,41.55323028564453
688,688,688,688,688,688,703,HO: Valle-Nacaome,13.536111111111111,-87.4875,13.536111111111111,-87.4875,29580,12063,16,90,20,0.45839259028434753,0.49693724513053894,,2.9,0.5110851,0.4398961,43.98960876464844
689,689,689,689,689,689,704,HO: Yoro-El Progreso,15.4,-87.8,15.4,-87.8,40606,6799,26,37,13,0.4563325047492981,0.4714098274707794,,3.2,0.4466611,0.425353,42.53529739379883
690,690,690,690,690,690,705,HO: Yoro-Morazan,15.330833333333333,-87.55166666666666,15.330833333333333,-87.55166666666666,13123,11687,4,2,2,0.45142173767089844,0.45440107583999634,,3.0,0.45951512,0.42014325,42.01432418823242
691,691,691,691,691,691,706,HO: Yoro-Santa Rita,15.18,-87.81,15.18,-87.81,28072,19391,7,1,1,0.4458485245704651,0.4388805627822876,,3.2,0.4171133,0.41405243,41.405242919921875
692,692,692,692,692,692,707,HO: Choluteca-El Triunfo,13.08,-87.01777777777778,13.08,-87.01777777777778,47672,20417,7,6,1,0.4299977719783783,0.39591050148010254,,3.6,0.38880998,0.43351972,38.88099670410156
693,693,693,693,693,693,708,HO: Choluteca-Pespire,13.565555555555555,-87.31555555555555,13.565555555555555,-87.31555555555555,24795,25746,10,2,1,0.48888733983039856,0.4338327646255493,,2.75,0.479858,0.40251046,40.25104522705078
694,694,694,694,694,694,709,HO: Colon-Saba,15.486388888888888,-86.16305555555556,15.486388888888888,-86.16305555555556,20242,22964,18,3,1,0.42995643615722656,0.4291065037250519,,3.2,0.4435577,0.3984913,39.84912872314453
695,695,695,695,695,695,710,HO: Colon-Trujillo,15.916666666666666,-85.95416666666667,15.916666666666666,-85.95416666666667,27380,19110,19,64,24,0.4256775677204132,0.4766289293766022,,3.3,0.44759178,0.5225427,42.56775665283203
696,696,696,696,696,696,711,HO: Comayagua-Esquias,14.65,-87.41000000000001,14.65,-87.41000000000001,3141,2575,7,1,1,0.4525097608566284,0.39474350214004517,,3.4,0.421066,0.37701863,37.70186233520508
697,697,697,697,697,697,712,HO: Comayagua-San Jeronimo,14.640277777777778,-87.5675,14.640277777777778,-87.5675,21533,15543,9,1,1,0.43913838267326355,0.4246806204319,,2.4444444444444446,0.41723374,0.38009235,38.00923538208008
698,698,698,698,698,698,713,HO: Copan-Copan Ruinas,14.850833333333332,-89.12777777777777,14.850833333333332,-89.12777777777777,8678,7044,92,8,3,0.48312726616859436,0.41697174310684204,,3.4,0.44531363,0.3889649,38.896488189697266
699,699,699,699,699,699,714,HO: Copan-La Union,14.693333333333332,-88.94722222222222,14.693333333333332,-88.94722222222222,6550,6733,28,5,3,0.44314631819725037,0.40571749210357666,,3.1,0.4097017,0.4151938,40.57175064086914
700,700,700,700,700,700,715,HO: Cortes-San Francisco de Yojoa,15.018055555555556,-87.98166666666667,15.018055555555556,-87.98166666666667,57484,17885,4,10,2,0.4040290117263794,0.4344135522842407,,3.3,0.41097212,0.40439823,40.40290069580078
701,701,701,701,701,701,716,HO: El Paraiso-Alauca,13.84,-86.69500000000001,13.84,-86.69500000000001,7528,2759,28,1,1,0.45100024342536926,0.40609076619148254,,3.1,0.409056,0.39779863,39.77986145019531
702,702,702,702,702,702,717,HO: El Paraiso-San Lucas,13.745833333333332,-86.95138888888889,13.745833333333332,-86.95138888888889,7014,3620,35,3,1,0.42345380783081055,0.40994328260421753,,2.9,0.4087119,0.42329618,40.871192932128906
703,703,703,703,703,703,718,HO: El Paraiso-Trojes,14.059444444444445,-86.00166666666667,14.059444444444445,-86.00166666666667,4212,8572,50,27,4,0.5101072192192078,0.4560607075691223,,3.4,0.48371813,0.42918864,42.91886520385742
704,704,704,704,704,704,719,HO: Francisco Morazan-La Libertad,13.706388888888888,-87.50416666666666,13.706388888888888,-87.50416666666666,4853,4958,14,2,1,0.4742637276649475,0.4111522436141968,,3.5,0.42550442,0.37678024,37.67802429199219
705,705,705,705,705,705,720,HO: Francisco Morazan-San Antonio de Oriente,14.038333333333334,-86.98944444444444,14.038333333333334,-86.98944444444444,49241,34158,12,2,2,0.4012540876865387,0.542142391204834,,1.7777777777777777,0.45770743,0.4120673,40.12540817260742
706,706,706,706,706,706,721,HO: Francisco Morazan-Villa de San Francisco,14.186666666666667,-86.95333333333333,14.186666666666667,-86.95333333333333,18200,19865,11,14,6,0.5034101009368896,0.4549705386161804,,3.6666666666666665,0.46332315,0.42858765,42.8587646484375
707,707,707,707,707,707,722,HO: Intibuca-Colomoncagua,13.972222222222223,-88.27666666666667,13.972222222222223,-88.27666666666667,2128,1878,25,2,1,0.4047379493713379,0.4025208055973053,,2.7,0.40287966,0.41388705,40.252079010009766
708,708,708,708,708,708,723,HO: Intibuca-Masaguara,14.404166666666669,-87.98222222222222,14.404166666666669,-87.98222222222222,29919,33858,19,2,1,0.41816815733909607,0.4123062491416931,,3.2,0.437754,0.3944663,39.446632385253906
709,709,709,709,709,709,724,HO: La Paz-Aguanqueterique,13.985833333333332,-87.64611111111111,13.985833333333332,-87.64611111111111,48880,202,31,1,1,0.47261518239974976,0.4113738238811493,,3.2,0.39069554,0.39751592,39.06955337524414
710,710,710,710,710,710,725,HO: La Paz-Santa Elena,14.071388888888889,-88.15444444444445,14.071388888888889,-88.15444444444445,2718,20104,51,1,1,0.47387218475341797,0.42044445872306824,,3.4,0.4221944,0.41280943,41.28094482421875
711,711,711,711,711,711,726,HO: Lempira-Gracias,14.5,-88.58333333333333,14.5,-88.58333333333333,20110,19905,18,1,1,0.41444697976112366,0.4141704738140106,,3.375,0.41481233,0.39675277,39.67527770996094
712,712,712,712,712,712,727,HO: Lempira-Lepaera,14.814722222222224,-88.59277777777777,14.814722222222224,-88.59277777777777,10591,11129,5,3,1,0.4106194078922272,0.38364171981811523,,3.6666666666666665,0.39758775,0.38839257,38.364173889160156
713,713,713,713,713,713,728,HO: Lempira-Talgua,14.681111111111113,-88.72777777777777,14.681111111111113,-88.72777777777777,3474,1479,50,1,1,0.39197832345962524,0.3738483488559723,,3.3,0.39916095,0.39465928,37.38483428955078
714,714,714,714,714,714,730,HO: Olancho-Guata,15.151111111111112,-86.3761111111111,15.151111111111112,-86.3761111111111,22667,24732,24,3,2,0.43331098556518555,0.39872244000434875,,3.4444444444444446,0.4018654,0.410617,39.87224578857422
715,715,715,715,715,715,731,HO: Olancho-San Esteban,15.294444444444444,-85.69472222222223,15.294444444444444,-85.69472222222223,1692,605,28,1,1,0.44001510739326477,0.40424537658691406,,3.7777777777777777,0.42829105,0.3805414,38.054141998291016
716,716,716,716,716,716,732,HO: Santa Barbara-Petoa,15.26,-88.24,15.26,-88.24,3231,2352,94,1,1,0.3975914418697357,0.40589314699172974,,3.1666666666666665,0.42346302,0.39437366,39.4373664855957
717,717,717,717,717,717,733,HO: Santa Barbara-San Marcos,15.239999999999998,-88.39,15.239999999999998,-88.39,5433,3865,9,1,1,0.44795504212379456,0.39641791582107544,,3.25,0.42480952,0.41032782,39.64179229736328
718,718,718,718,718,718,734,HO: Valle-Goascoran,13.59,-87.7,13.59,-87.7,27891,27954,12,7,1,0.4626444876194,0.40967121720314026,,3.5,0.42998722,0.4111813,40.96712112426758
719,719,719,719,719,719,735,HO: Yoro-El Negrito,15.42,-87.68,15.42,-87.68,10741,2925,10,1,1,0.4380345046520233,0.41523662209510803,,2.8,0.40297517,0.40852198,40.297515869140625
720,720,720,720,720,720,736,HO: Yoro-Olanchito,15.507777777777775,-86.57333333333332,15.507777777777775,-86.57333333333332,19083,19453,10,3,3,0.4672085642814636,0.4419856071472168,,3.1,0.44128925,0.42582852,42.58285140991211
721,721,721,721,721,721,737,HO: Yoro-Yoro,15.25,-87.16666666666667,15.25,-87.16666666666667,10649,7993,8,2,2,0.377361536026001,0.40564581751823425,,3.125,0.4161546,0.39869314,37.73615264892578
722,722,722,722,722,722,739,MX: Norte/Baja California/Mexicali,32.62777777777778,-115.45444444444443,32.62777777777778,-115.45444444444443,55340,30850,12,22,14,0.5471261143684387,0.4458891749382019,,3.7916666666666665,0.48200977,0.5334765,44.58891677856445
723,723,723,723,723,723,740,MX: Norte/Baja California/Tijuana,32.5025,-117.00361111111113,32.5025,-117.00361111111113,117938,42631,5,102,25,0.5169118642807007,0.44899338483810425,,3.75,0.4633235,0.47062558,44.89933776855469
724,724,724,724,724,724,742,MX: Norte/Coahuila/Allende,22.383333333333333,-102.03333333333332,22.383333333333333,-102.03333333333332,5587,1411,16,2,1,0.5591309666633606,0.4556269645690918,,3.4166666666666665,0.4898212,0.42304513,42.30451202392578
725,725,725,725,725,725,743,MX: Norte/Coahuila/Matamoros,25.682222222222222,-100.3111111111111,25.682222222222222,-100.3111111111111,100279,51561,7,72,35,0.5189604163169861,0.4660460352897644,,3.25,0.4814921,0.49234805,46.6046028137207
726,726,726,726,726,726,744,MX: Occidente/Colima/Villa de Alvarez,19.243333333333336,-103.72472222222224,19.243333333333336,-103.72472222222224,47442,24537,18,126,48,0.42374444007873535,0.4447857439517975,,2.75,0.45082337,0.42779922,42.37444305419922
727,727,727,727,727,727,745,MX: Sur/Chiapas/Mapastepec,16.41,-92.40861111111111,16.41,-92.40861111111111,49938,10457,66,5,1,0.4412754774093628,0.42621609568595886,,2.833333333333333,0.4062782,0.40677533,40.6278190612793
728,728,728,728,728,728,746,MX: Sur/Chiapas/Reforma,22.383333333333333,-102.03333333333332,22.383333333333333,-102.03333333333332,5587,1411,16,2,1,0.5591309666633606,0.4556320905685425,,3.083333333333333,0.4898218,0.42304575,42.3045768737793
729,729,729,729,729,729,747,MX: Sur/Chiapas/Tapachula,14.898888888888887,-92.26777777777778,14.898888888888887,-92.26777777777778,78720,64877,27,124,45,0.4505777060985565,0.44265952706336975,,2.5,0.41510972,0.42356306,41.51097106933594
730,730,730,730,730,730,748,MX: Sur/Chiapas/Villa Corzo,16.747222222222224,-93.10388888888887,16.747222222222224,-93.10388888888887,81985,44540,14,85,33,0.45495912432670593,0.4130653440952301,,3.083333333333333,0.4209755,0.4298373,41.30653381347656
731,731,731,731,731,731,749,MX: Norte/Chihuahua/Delicias,28.211111111111112,-105.48111111111112,28.211111111111112,-105.48111111111112,29925,13023,7,13,5,0.5831013321876526,0.49991118907928467,,3.25,0.5425923,0.47161904,47.161903381347656
732,732,732,732,732,732,750,MX: Norte/Chihuahua/Juarez,31.72,-106.46083333333334,31.72,-106.46083333333334,63939,23479,5,9,5,0.504783034324646,0.4548555910587311,,3.5454545454545454,0.49301147,0.47455922,45.485557556152344
733,733,733,733,733,733,752,MX: Centro/Distrito Federal/Gustavo A. Madero,19.43277777777778,-99.13333333333333,19.43277777777778,-99.13333333333333,121427,68459,13,1058,246,0.4710615575313568,0.4124448895454407,,3.1666666666666665,0.41857708,0.44163564,41.24448776245117
734,734,734,734,734,734,753,MX: Centro/Distrito Federal/Iztacalco,19.43277777777778,-99.13333333333333,19.43277777777778,-99.13333333333333,121427,68459,13,1058,246,0.4710571765899658,0.4124481976032257,,2.9166666666666665,0.41596267,0.44164264,41.24481964111328
735,735,735,735,735,735,754,MX: Centro/Distrito Federal/Iztapalapa,19.357222222222223,-99.04472222222222,19.357222222222223,-99.04472222222222,79976,28018,8,322,86,0.5543923377990723,0.49722617864608765,,2.6666666666666665,0.48959738,0.45740858,45.7408561706543
736,736,736,736,736,736,755,MX: Centro/Distrito Federal/Alvaro Obregon,19.35,-99.16166666666668,19.35,-99.16166666666668,120871,53475,10,318,118,0.4440467059612274,0.4579354524612427,,3.0,0.44470856,0.40448183,40.44818115234375
737,737,737,737,737,737,756,MX: Centro/Distrito Federal/Miguel Hidalgo,25.566666666666663,-99.97055555555556,25.566666666666663,-99.97055555555556,39183,3323,12,1,1,0.5166241526603699,0.546459972858429,,3.083333333333333,0.5608559,0.44148302,44.14830017089844
738,738,738,738,738,738,757,MX: Norte/Durango/Durango,24.77805555555556,-104.45833333333334,24.77805555555556,-104.45833333333334,2169,1135,25,4,2,0.46739616990089417,0.47158539295196533,,3.4166666666666665,0.4715279,0.4232159,42.321590423583984
739,739,739,739,739,739,758,MX: Norte/Durango/Suchil,24.934722222222224,-104.91194444444444,24.934722222222224,-104.91194444444444,1901,1928,66,1,1,0.5001910328865051,0.44638821482658386,,3.4166666666666665,0.52230406,0.48812497,44.63882064819336
740,740,740,740,740,740,759,MX: Occidente/Guanajuato/Leon,20.566666666666663,-103.6763888888889,20.566666666666663,-103.6763888888889,96555,12520,50,5,2,0.5050383806228638,0.4759388566017151,,3.4347826086956523,0.4979214,0.44886088,44.88608932495117
741,741,741,741,741,741,761,MX: Occidente/Guanajuato/San Jose Iturbide,20.566666666666663,-103.6763888888889,20.566666666666663,-103.6763888888889,96555,12520,50,5,2,0.5050358176231384,0.47592946887016296,,2.833333333333333,0.49790785,0.44885913,44.88591384887695
742,742,742,742,742,742,763,MX: Sur/Guerrero/Coyuca De Benitez,17.28333333333333,-100.88333333333333,17.28333333333333,-100.88333333333333,35150,35631,11,1,1,0.43747302889823914,0.42034947872161865,,2.4166666666666665,0.43427643,0.46873102,42.03494644165039
743,743,743,743,743,743,764,MX: Sur/Guerrero/Chilpancingo de los Bravo,17.399444444444445,-99.59833333333331,17.399444444444445,-99.59833333333331,2718,587,40,3,1,0.39344146847724915,0.40148255228996277,,3.1666666666666665,0.4261679,0.4143163,39.344146728515625
744,744,744,744,744,744,765,MX: Centro/Hidalgo/Huejutla de Reyes,19.354166666666668,-99.63083333333331,19.354166666666668,-99.63083333333331,60918,25147,18,16,7,0.4690980911254883,0.4517833888530731,,3.4166666666666665,0.40862906,0.4749564,40.86290740966797
745,745,745,745,745,745,766,MX: Centro/Hidalgo/Pachuca de Soto,20.124166666666667,-98.73416666666668,20.124166666666667,-98.73416666666668,93780,53941,8,256,89,0.45116034150123596,0.48621904850006104,,2.4166666666666665,0.4677728,0.4581487,45.11603546142578
746,746,746,746,746,746,767,MX: Centro/Hidalgo/Tulancingo de Bravo,19.354166666666668,-99.63083333333331,19.354166666666668,-99.63083333333331,60918,25147,18,16,7,0.46907803416252136,0.45178353786468506,,2.5,0.4086238,0.47501686,40.86238098144531
747,747,747,747,747,747,768,MX: Occidente/Jalisco/Arandas,20.566666666666663,-103.6763888888889,20.566666666666663,-103.6763888888889,96555,12520,50,5,2,0.5050383806228638,0.4759386479854584,,3.25,0.49792486,0.44886142,44.88614273071289
748,748,748,748,748,748,769,MX: Occidente/Jalisco/Guadalajara,20.566666666666663,-103.6763888888889,20.566666666666663,-103.6763888888889,96555,12520,50,5,2,0.5050440430641174,0.47592440247535706,,2.9722222222222223,0.49792674,0.44886053,44.886051177978516
749,749,749,749,749,749,770,MX: Occidente/Jalisco/Jocotepec,20.566666666666663,-103.6763888888889,20.566666666666663,-103.6763888888889,96555,12520,50,5,2,0.5050310492515564,0.47593897581100464,,2.583333333333333,0.49791712,0.44886068,44.88606643676758
750,750,750,750,750,750,771,MX: Occidente/Jalisco/Zapopan,20.566666666666663,-103.6763888888889,20.566666666666663,-103.6763888888889,96555,12520,50,5,2,0.5050466060638428,0.4759305417537689,,3.0,0.49791017,0.44886088,44.88608932495117
751,751,751,751,751,751,772,MX: Occidente/Jalisco/Zapotlanejo,20.566666666666663,-103.6763888888889,20.566666666666663,-103.6763888888889,96555,12520,50,5,2,0.5050440430641174,0.47593843936920166,,2.5,0.49792287,0.44886205,44.88620376586914
752,752,752,752,752,752,773,MX: Centro/Mexico/Almoloya de Juarez,19.42388888888889,-99.75055555555556,19.42388888888889,-99.75055555555556,141000,11090,29,1,1,0.5066990256309509,0.4661976099014282,,2.5,0.50277394,0.460528,46.052799224853516
753,753,753,753,753,753,774,MX: Centro/Mexico/Atizapan de Zaragoza,19.43277777777778,-99.13333333333333,19.43277777777778,-99.13333333333333,121427,68459,13,1058,246,0.4710545241832733,0.4124356508255005,,3.25,0.41857746,0.44164813,41.24356460571289
754,754,754,754,754,754,775,MX: Centro/Mexico/Chicoloapan,19.40611111111111,-98.89027777777778,19.40611111111111,-98.89027777777778,49812,11144,11,72,29,0.4929012358188629,0.45493602752685547,,2.583333333333333,0.42685375,0.46874315,42.68537521362305
755,755,755,755,755,755,776,MX: Centro/Mexico/Mexicaltzingo,19.43277777777778,-99.13333333333333,19.43277777777778,-99.13333333333333,121427,68459,13,1058,246,0.4710594415664673,0.4124384820461273,,3.333333333333333,0.41596198,0.44163924,41.24384689331055
756,756,756,756,756,756,777,MX: Centro/Mexico/Naucalpan de Juarez,19.4725,-99.23305555555557,19.4725,-99.23305555555557,89308,45061,12,146,55,0.5527304410934448,0.43988490104675293,,2.458333333333333,0.4952445,0.4495058,43.98849105834961
757,757,757,757,757,757,778,MX: Centro/Mexico/Nextlalpan,19.79694444444445,-99.09916666666666,19.79694444444445,-99.09916666666666,62708,28992,8,260,57,0.45870670676231384,0.4941824674606323,,2.6666666666666665,0.50213027,0.46974763,45.870670318603516
758,758,758,758,758,758,779,MX: Centro/Mexico/San Felipe del Progreso,19.698055555555555,-99.93,19.698055555555555,-99.93,1687,797,32,1,1,0.46394091844558716,0.446500301361084,,2.6666666666666665,0.44720685,0.47428265,44.65003204345703
759,759,759,759,759,759,780,MX: Centro/Mexico/Teoloyucan,19.79694444444445,-99.09916666666666,19.79694444444445,-99.09916666666666,62708,28992,8,260,57,0.45870551466941833,0.4941783845424652,,2.6666666666666665,0.50213027,0.46974766,45.87055206298828
760,760,760,760,760,760,781,MX: Centro/Mexico/Toluca,19.28833333333333,-99.65583333333332,19.28833333333333,-99.65583333333332,71155,38219,9,210,76,0.465166836977005,0.4481346011161804,,3.25,0.45612755,0.42798138,42.79813766479492
761,761,761,761,761,761,782,MX: Centro/Mexico/Xonacatlan,19.292222222222225,-99.6538888888889,19.292222222222225,-99.6538888888889,98211,47958,6,177,67,0.4802606999874115,0.4592593014240265,,2.6666666666666665,0.45000675,0.44669655,44.669654846191406
762,762,762,762,762,762,783,MX: Centro/Mexico/Ixtapaluca,19.316666666666663,-98.8852777777778,19.316666666666663,-98.8852777777778,66593,14633,15,177,61,0.5083836317062378,0.48514872789382935,,2.1666666666666665,0.4709481,0.47006974,47.00697326660156
763,763,763,763,763,763,784,MX: Centro/Mexico/Acolman,19.63888888888889,-98.91,19.63888888888889,-98.91,88050,23577,14,68,27,0.5476740002632141,0.4668007791042328,,2.583333333333333,0.49566135,0.42880052,42.88005065917969
764,764,764,764,764,764,785,MX: Occidente/Michoacan/Morelia,19.096666666666664,-103.96083333333334,19.096666666666664,-103.96083333333334,3329,17414,98,5,3,0.38827335834503174,0.4307357966899872,,2.9166666666666665,0.43272018,0.42614534,38.827335357666016
765,765,765,765,765,765,787,MX: Occidente/Michoacan/Sahuayo,20.566666666666663,-103.6763888888889,20.566666666666663,-103.6763888888889,96555,12520,50,5,2,0.5050358176231384,0.47594165802001953,,2.6666666666666665,0.49792027,0.4488603,44.88602828979492
766,766,766,766,766,766,788,MX: Centro/Morelos/Jiutepec,18.88305555555556,-99.17527777777778,18.88305555555556,-99.17527777777778,82423,32661,7,104,34,0.428396999835968,0.4504275619983673,,3.0,0.42436963,0.43522558,42.43696212768555
767,767,767,767,767,767,789,MX: Centro/Morelos/Tlayacapan,18.956666666666667,-98.9825,18.956666666666667,-98.9825,67971,17783,14,43,19,0.4548049569129944,0.4153887629508972,,2.583333333333333,0.4147301,0.4479426,41.4730110168457
768,768,768,768,768,768,791,MX: Norte/Nuevo Leon/Guadalupe,27.48638888888889,-99.50805555555556,27.48638888888889,-99.50805555555556,77412,43632,10,92,27,0.44099491834640503,0.5046877264976501,,3.6666666666666665,0.4924173,0.4934282,44.099491119384766
769,769,769,769,769,769,792,MX: Norte/Nuevo Leon/General Escobedo,25.83222222222222,-100.38416666666669,25.83222222222222,-100.38416666666669,79166,37149,4,7,4,0.4497007131576538,0.4921954870223999,,3.25,0.49849144,0.47592482,44.970069885253906
770,770,770,770,770,770,793,MX: Norte/Nuevo Leon/Monterrey,25.636388888888888,-100.2925,25.636388888888888,-100.2925,106413,44905,7,154,19,0.47883594036102295,0.47296857833862305,,3.333333333333333,0.44678748,0.47973806,44.678749084472656
771,771,771,771,771,771,794,MX: Sur/Oaxaca/Monjas,16.39361111111111,-96.63416666666669,16.39361111111111,-96.63416666666669,92072,12007,75,10,2,0.5422555208206177,0.41493305563926697,,2.75,0.42707118,0.43551043,41.49330520629883
772,772,772,772,772,772,795,MX: Sur/Oaxaca/Ixtlan De Juarez,16.898055555555555,-96.41416666666667,16.898055555555555,-96.41416666666667,4547,28213,78,1,1,0.44989681243896484,0.4169636070728302,,2.4166666666666665,0.44199276,0.43355238,41.69636154174805
773,773,773,773,773,773,797,MX: Sur/Oaxaca/Tlacolula de Matamoros,16.898055555555555,-96.41416666666667,16.898055555555555,-96.41416666666667,4547,28213,78,1,1,0.44989681243896484,0.41696053743362427,,2.5,0.44199276,0.4335542,41.69605255126953
774,774,774,774,774,774,799,MX: Centro/Puebla/Puebla,19.355,-98.60583333333332,19.355,-98.60583333333332,23664,6847,41,9,1,0.4512912929058075,0.47200194001197815,,2.4444444444444446,0.4894911,0.40614206,40.61420440673828
775,775,775,775,775,775,800,MX: Centro/Puebla/Tehuacan,18.462777777777777,-97.3913888888889,18.462777777777777,-97.3913888888889,62267,33947,11,186,73,0.4240436553955078,0.439466267824173,,2.75,0.45936197,0.46016097,42.40436553955078
776,776,776,776,776,776,801,MX: Centro/Queretaro/Colon,20.61722222222222,-100.18583333333332,20.61722222222222,-100.18583333333332,31216,8760,11,3,3,0.5476891994476318,0.5748952627182007,,3.583333333333333,0.5566862,0.49400902,49.400901794433594
777,777,777,777,777,777,802,MX: Centro/Queretaro/Queretaro,20.44333333333333,-99.97083333333332,20.44333333333333,-99.97083333333332,34195,15138,11,1,1,0.5526760220527649,0.5408765077590942,,3.5,0.546371,0.474548,47.45479965209961
778,778,778,778,778,778,803,MX: Sur/Quintana Roo/Benito Juarez,22.383333333333333,-102.03333333333332,22.383333333333333,-102.03333333333332,5587,1411,16,2,1,0.5591309666633606,0.45563435554504395,,2.333333333333333,0.4898218,0.42304024,42.30402374267578
779,779,779,779,779,779,804,MX: Norte/San Luis Potosi/San Luis Potosi,22.614722222222223,-99.79416666666668,22.614722222222223,-99.79416666666668,3454,4314,114,1,1,0.4730621874332428,0.4688064754009247,,3.6666666666666665,0.49814504,0.44030195,44.03019714355469
780,780,780,780,780,780,805,MX: Norte/San Luis Potosi/Soledad de Graciano Sanchez,22.20805555555556,-100.93611111111112,22.20805555555556,-100.93611111111112,27699,16775,31,31,10,0.5382446050643921,0.44567805528640747,,3.083333333333333,0.4746194,0.43230245,43.23024368286133
781,781,781,781,781,781,806,MX: Norte/Sinaloa/Culiacan,25.011666666666667,-107.33333333333331,25.011666666666667,-107.33333333333331,5504,2014,28,7,2,0.4430347681045532,0.43680816888809204,,2.75,0.41849837,0.41351128,41.35112762451172
782,782,782,782,782,782,807,MX: Norte/Sinaloa/Guasave,29.64611111111111,-110.86888888888888,29.64611111111111,-110.86888888888888,6094,455,22,1,1,0.41297394037246704,0.41826412081718445,,2.9166666666666665,0.44749498,0.40286666,40.28666687011719
783,783,783,783,783,783,808,MX: Norte/Sinaloa/Rosario,23.24138888888889,-106.40972222222224,23.24138888888889,-106.40972222222224,66090,20514,12,80,36,0.4951373040676117,0.5351108908653259,,2.75,0.49017552,0.5408489,49.01755142211914
784,784,784,784,784,784,809,MX: Norte/Sonora/Hermosillo,28.636388888888888,-111.65833333333336,28.636388888888888,-111.65833333333336,24013,2689,595,1,1,0.4163942039012909,0.4067337214946747,,2.6666666666666665,0.4213933,0.5059706,40.673370361328125
785,785,785,785,785,785,810,MX: Norte/Sonora/Cajeme,27.405,-109.82916666666668,27.405,-109.82916666666668,34551,18070,3,1,1,0.5471343994140625,0.5943911075592041,,3.0,0.5671418,0.5350136,53.50136184692383
786,786,786,786,786,786,813,MX: Norte/Tamaulipas/Padilla,24.03333333333333,-98.7,24.03333333333333,-98.7,160113,14024,52,1,1,0.47289615869522095,0.4886575937271118,,3.333333333333333,0.506462,0.4668833,46.688331604003906
787,787,787,787,787,787,814,MX: Norte/Tamaulipas/Reynosa,26.056944444444444,-98.37777777777777,26.056944444444444,-98.37777777777777,82648,25874,20,27,16,0.5224781036376953,0.4935188591480255,,3.25,0.5052314,0.4616222,46.1622200012207
788,788,788,788,788,788,815,MX: Norte/Tamaulipas/Tampico,25.682222222222222,-100.3111111111111,25.682222222222222,-100.3111111111111,100279,51561,7,72,35,0.5189604163169861,0.4660460352897644,,3.333333333333333,0.4814779,0.49271157,46.6046028137207
789,789,789,789,789,789,819,MX: Sur/Veracruz/Rafael Delgado,18.13777777777777,-94.43527777777778,18.13777777777777,-94.43527777777778,96446,41220,16,32,13,0.4343472421169281,0.5568901300430298,,3.083333333333333,0.47965744,0.55775523,43.434722900390625
790,790,790,790,790,790,821,MX: Sur/Veracruz/Tuxpam de Rodriguez Cano,19.433333333333334,-96.38333333333333,19.433333333333334,-96.38333333333333,12556,2021,174,1,1,0.5179948806762695,0.47800272703170776,,2.333333333333333,0.5191141,0.42000002,42.0
791,791,791,791,791,791,822,MX: Sur/Veracruz/Veracruz,17.986666666666668,-94.73138888888889,17.986666666666668,-94.73138888888889,7816,27,160,1,1,0.4897279143333435,0.4659276008605957,,2.6666666666666665,0.47566807,0.4398922,43.989219665527344
792,792,792,792,792,792,824,MX: Sur/Yucatan/Merida,20.90694444444444,-89.6211111111111,20.90694444444444,-89.6211111111111,58434,20871,17,96,24,0.4998384118080139,0.48514503240585327,,2.6666666666666665,0.47987702,0.50662965,47.987701416015625
793,793,793,793,793,793,826,PA: Colon-Colon,9.354444444444445,-79.9,9.354444444444445,-79.9,103797,68141,11,78,26,0.5951333045959473,0.5402987003326416,,3.533333333333333,0.57096726,0.47823873,47.82387161254883
794,794,794,794,794,794,827,PA: Panama-Chepo,9.17,-79.10083333333333,9.17,-79.10083333333333,103352,49059,6,7,3,0.4853624403476715,0.4593760073184967,,3.5,0.45207474,0.48172385,45.20747375488281
795,795,795,795,795,795,828,PA: Panama-Panama,9.0,-80.0,9.0,-80.0,20576,9804,110,2,1,0.4516938626766205,0.4509182870388031,,3.395348837209302,0.43323037,0.44102785,43.323036193847656
796,796,796,796,796,796,829,PA: Panama-San Miguelito,9.050277777777778,-79.47055555555556,9.050277777777778,-79.47055555555556,189292,58802,8,195,48,0.5323575735092163,0.4881388545036316,,3.2666666666666666,0.52478427,0.5003136,48.81388473510742
797,797,797,797,797,797,830,PA: Panama Oeste - Arraijan,8.939722222222223,-79.64027777777778,8.939722222222223,-79.64027777777778,130147,14086,11,7,4,0.40970760583877563,0.4218990206718445,,3.4857142857142858,0.4363293,0.47122687,40.970760345458984
798,798,798,798,798,798,831,PA: Panama Oeste - Capira,8.789722222222222,-80.01805555555555,8.789722222222222,-80.01805555555555,66164,6444,128,2,1,0.41587045788764954,0.44965746998786926,,3.2,0.41779464,0.44281194,41.5870475769043
799,799,799,799,799,799,832,PA: Panama Oeste - Chame,8.616944444444444,-79.91777777777779,8.616944444444444,-79.91777777777779,207987,14557,137,4,2,0.4455450773239136,0.47008323669433594,,3.5,0.4097828,0.40650544,40.650543212890625
800,800,800,800,800,800,833,PA: Panama Oeste - La Chorrera,8.880277777777778,-79.78333333333333,8.880277777777778,-79.78333333333333,193390,22760,11,87,23,0.4141554832458496,0.4917990267276764,,3.26,0.4880195,0.47159252,41.415550231933594
801,801,801,801,801,801,834,PA: Panama Oeste - San Carlos,8.626944444444446,-80.04722222222222,8.626944444444446,-80.04722222222222,5090,7446,65,10,3,0.43717557191848755,0.4445676803588867,,3.3,0.44854587,0.44663778,43.71755599975586
802,802,802,802,802,802,835,PA: Bocas del Toro-Bocas del Toro,9.116944444444444,-82.87416666666665,9.116944444444444,-82.87416666666665,14589,20983,12,5,1,0.4016427993774414,0.41542357206344604,,2.7,0.4146016,0.42524257,40.16427993774414
803,803,803,803,803,803,836,PA: Bocas Del Toro-Changuinola,9.116944444444444,-82.87416666666665,9.116944444444444,-82.87416666666665,14589,20983,12,5,1,0.4016427993774414,0.4154137969017029,,3.55,0.41460466,0.42625645,40.16427993774414
804,804,804,804,804,804,837,PA: Bocas Del Toro-Chiriqui Grande,8.95,-82.11666666666666,8.95,-82.11666666666666,25457,6409,97,23,3,0.5171974301338196,0.48129093647003174,,3.4,0.4877285,0.42829716,42.829715728759766
805,805,805,805,805,805,838,PA: Cocle-Aguadulce,8.212499999999999,-80.61416666666666,8.212499999999999,-80.61416666666666,258725,2329,125,1,1,0.5006896257400513,0.4810838997364044,,3.1,0.4868325,0.43646452,43.64645004272461
806,806,806,806,806,806,839,PA: Cocle-Anton,8.463055555555554,-80.19527777777778,8.463055555555554,-80.19527777777778,162912,11773,132,10,1,0.43326520919799805,0.3866523802280426,,3.25,0.43764603,0.40305597,38.66523742675781
807,807,807,807,807,807,840,PA: Cocle-Nata,8.359722222222222,-80.56444444444445,8.359722222222222,-80.56444444444445,90264,8231,14,5,3,0.4668310582637787,0.4291166663169861,,3.0,0.4504541,0.42113557,42.113555908203125
808,808,808,808,808,808,841,PA: Cocle-Penonome,8.51888888888889,-80.35722222222222,8.51888888888889,-80.35722222222222,81901,70177,18,23,13,0.5036670565605164,0.4425051808357239,,3.35,0.49036068,0.42033464,42.03346252441406
809,809,809,809,809,809,842,PA: Colon-Chagres,9.122777777777776,-80.11833333333333,9.122777777777776,-80.11833333333333,124336,8491,103,5,1,0.4324837028980255,0.43490055203437805,,3.4,0.46985582,0.4243121,42.43121337890625
810,810,810,810,810,810,843,PA: Chiriqui-Alanje,8.385555555555555,-82.61861111111111,8.385555555555555,-82.61861111111111,19790,19603,9,1,1,0.4911685883998871,0.4652511477470398,,3.5,0.489257,0.4185439,41.85438919067383
811,811,811,811,811,811,844,PA: Chiriqui-Baru,8.809166666666668,-82.54138888888889,8.809166666666668,-82.54138888888889,245616,240786,12,1,1,0.4632946252822876,0.4502282738685608,,3.6,0.47347292,0.42458883,42.45888137817383
812,812,812,812,812,812,845,PA: Chiriqui-Boqueron,8.616666666666667,-82.56666666666666,8.616666666666667,-82.56666666666666,91274,985,129,1,1,0.36978793144226074,0.41152629256248474,,3.5,0.40604135,0.41119704,36.97879409790039
813,813,813,813,813,813,846,PA: Chiriqui-Bugaba,8.545277777777777,-82.68444444444445,8.545277777777777,-82.68444444444445,512771,535680,12,1,1,0.44402676820755005,0.44704440236091614,,3.3,0.42444828,0.39870688,39.870689392089844
814,814,814,814,814,814,847,PA: Chiriqui-David,8.427222222222222,-82.43083333333334,8.427222222222222,-82.43083333333334,160352,38658,15,140,37,0.44874268770217896,0.42992284893989563,,3.1,0.41695437,0.45037746,41.695438385009766
815,815,815,815,815,815,848,PA: Chiriqui-Dolega,8.634444444444444,-82.47694444444444,8.634444444444444,-82.47694444444444,144458,53012,10,3,3,0.49443116784095764,0.42336779832839966,,3.6,0.42708123,0.40436232,40.43623352050781
816,816,816,816,816,816,849,PA: Chiriqui-Renacimiento,8.74472222222222,-82.78999999999999,8.74472222222222,-82.78999999999999,1389,1166,314,1,1,0.3935982584953308,0.3799956738948822,,3.2,0.40655428,0.37099528,37.09952926635742
817,817,817,817,817,817,850,PA: Darien-Chepigana,7.923888888888889,-77.94027777777778,7.923888888888889,-77.94027777777778,133694,12297,131,10,2,0.36625155806541443,0.40131211280822754,,3.3,0.37444514,0.43710336,36.62515640258789
818,818,818,818,818,818,851,PA: Darien-Pinogana,8.352222222222222,-77.83222222222221,8.352222222222222,-77.83222222222221,200184,14955,133,1,1,0.36513081192970276,0.42393985390663147,,2.9,0.38048628,0.4281215,36.51308059692383
819,819,819,819,819,819,852,PA: Herrera-Chitre,7.960555555555556,-80.42944444444444,7.960555555555556,-80.42944444444444,154204,91588,11,23,9,0.5203972458839417,0.44167038798332214,,3.7,0.4448021,0.43590945,43.590946197509766
820,820,820,820,820,820,853,PA: Herrera-Los Pozos,7.709444444444444,-80.64305555555556,7.709444444444444,-80.64305555555556,7056,7449,22,2,1,0.4636083245277405,0.41442108154296875,,3.375,0.43448943,0.39701983,39.70198440551758
821,821,821,821,821,821,854,PA: Herrera-Pese,7.881944444444445,-80.6325,7.881944444444445,-80.6325,6228,9835,10,1,1,0.4420490860939026,0.396744966506958,,3.0,0.41771364,0.38636616,38.63661575317383
822,822,822,822,822,822,855,PA: Los Santos-Las Tablas,7.648333333333332,-80.29916666666666,7.648333333333332,-80.29916666666666,98262,7465,132,2,2,0.4593649208545685,0.4045448899269104,,3.625,0.4160076,0.38536438,38.53643798828125
823,823,823,823,823,823,856,PA: Los Santos-Los Santos,7.583333333333333,-80.33333333333333,7.583333333333333,-80.33333333333333,18935,19949,8,1,1,0.48751524090766907,0.4118433892726898,,3.0,0.4176411,0.39601144,39.60114288330078
824,824,824,824,824,824,857,PA: Los Santos-Tonosi,7.421111111111111,-80.51722222222222,7.421111111111111,-80.51722222222222,52748,129650,8,2,1,0.4872875213623047,0.4429362416267395,,3.1,0.4677939,0.40365618,40.36561965942383
825,825,825,825,825,825,858,PA: Veraguas-Canazas,8.355833333333333,-81.28611111111111,8.355833333333333,-81.28611111111111,82873,4972,12,2,1,0.5063167214393616,0.44550374150276184,,3.5,0.46224084,0.41429102,41.42910385131836
826,826,826,826,826,826,859,PA: Veraguas-Las Palmas,8.064166666666667,-81.51361111111112,8.064166666666667,-81.51361111111112,107821,10173,100,3,1,0.4137560725212097,0.40464574098587036,,3.0,0.41198954,0.39973348,39.97334671020508
827,827,827,827,827,827,860,PA: Veraguas-Santa Fe,8.672777777777776,-80.99138888888889,8.672777777777776,-80.99138888888889,17041,11178,92,8,1,0.37727242708206177,0.3825858533382416,,3.1,0.40541878,0.39974946,37.72724151611328
828,828,828,828,828,828,861,PA: Veraguas-Santiago,8.1,-80.98333333333333,8.1,-80.98333333333333,141085,12432,14,19,10,0.4956915080547333,0.4360177516937256,,3.2,0.46436667,0.42007935,42.0079345703125
829,829,829,829,829,829,862,PA: Veraguas-Sona,7.89111111111111,-81.33527777777778,7.89111111111111,-81.33527777777778,69045,4930,15,4,1,0.41272056102752686,0.38579633831977844,,2.9,0.36963147,0.37763453,36.9631462097168
830,830,830,830,830,830,863,PA: Guna Yala-Guna Yala,9.25,-78.25,9.25,-78.25,101101,18757,136,5,1,0.37924057245254517,0.42547544836997986,,3.1,0.41519594,0.43460467,37.92405700683594
831,831,831,831,831,831,864,PA: Ngobe Bugle-Besiko,8.54861111111111,-82.08972222222222,8.54861111111111,-82.08972222222222,202299,11654,104,2,1,0.4407733082771301,0.3795371651649475,,1.8,0.39293072,0.3834464,37.95371627807617
832,832,832,832,832,832,865,PA: Ngobe Bugle-Mirono,8.404444444444445,-81.83055555555555,8.404444444444445,-81.83055555555555,4877,8968,58,6,1,0.44386792182922363,0.41386041045188904,,3.1,0.42180336,0.39263287,39.26328659057617
833,833,833,833,833,833,866,PA: Ngobe Bugle-Muna,8.350277777777777,-81.67194444444445,8.350277777777777,-81.67194444444445,4704,948,23,1,1,0.4142743945121765,0.39101412892341614,,3.2222222222222223,0.38495633,0.38992137,38.49563217163086
834,834,834,834,834,834,867,PA: Ngobe Bugle-Kankintu,8.895,-81.85749999999999,8.895,-81.85749999999999,68476,4891,140,4,3,0.48320168256759644,0.47860848903656006,,3.6,0.48398617,0.4553472,45.53472137451172
835,835,835,835,835,835,868,PA: Ngobe Bugle-Kusapin,9.171111111111111,-81.89611111111111,9.171111111111111,-81.89611111111111,47666,391,165,1,1,0.37691205739974976,0.46915557980537415,,3.2,0.41945267,0.5227231,37.69120407104492
836,836,836,836,836,836,869,PY: Alto Parana-Presidente Franco,-25.56361111111111,-54.61083333333333,-25.56361111111111,-54.61083333333333,84093,42320,14,36,7,0.40501800179481506,0.5403773784637451,,2.9,0.48644516,0.49095944,40.501800537109375
837,837,837,837,837,837,870,PY: Guaira-Mauricio Jose Troche,-25.621111111111112,-56.15416666666667,-25.621111111111112,-56.15416666666667,4452,2875,22,5,1,0.4844276010990143,0.42473137378692627,,2.92,0.41577452,0.42389154,41.57745361328125
838,838,838,838,838,838,871,PY: Central-Luque,-25.266944444444444,-57.490833333333335,-25.266944444444444,-57.490833333333335,91528,24980,12,138,29,0.5104884505271912,0.4418160915374756,,3.1041666666666665,0.4388393,0.42005023,42.00502395629883
839,839,839,839,839,839,872,PY: Asuncion-Asuncion,-25.28638888888889,-57.64694444444444,-25.28638888888889,-57.64694444444444,126348,28207,8,72,28,0.43256762623786926,0.5138813257217407,,3.081967213114754,0.50762796,0.5023842,43.25676345825195
840,840,840,840,840,840,873,PY: San Pedro-Guayaibi,-24.53333333333333,-56.403888888888886,-24.53333333333333,-56.403888888888886,23675,34499,12,53,11,0.45709535479545593,0.4478711187839508,,2.888888888888889,0.43725815,0.4245534,42.45533752441406
841,841,841,841,841,841,874,PY: Central-Julian Augusto Saldivar,-25.45,-57.43333333333333,-25.45,-57.43333333333333,90524,31472,3,1,1,0.5175114274024963,0.4767162501811981,,2.894736842105264,0.52961653,0.41169104,41.169105529785156
842,842,842,842,842,842,875,PY: Central-Nemby,-25.39472222222222,-57.535555555555554,-25.39472222222222,-57.535555555555554,137953,30820,11,6,3,0.4845522344112396,0.41902944445610046,,3.5,0.45507377,0.46338707,41.9029426574707
843,843,843,843,843,843,876,PY: Canindeyu-Curuguaty,-24.33611111111111,-55.77444444444444,-24.33611111111111,-55.77444444444444,5431,5734,20,1,1,0.4581212103366852,0.546052098274231,,3.1,0.5286662,0.5495915,45.8121223449707
844,844,844,844,844,844,877,PY: Central-San Lorenzo,-25.33944444444444,-57.50861111111111,-25.33944444444444,-57.50861111111111,123905,22971,10,52,17,0.44914889335632324,0.40206435322761536,,3.208333333333333,0.4189583,0.409965,40.20643615722656
845,845,845,845,845,845,878,PY: San Pedro-Villa Del Rosario,-24.56083333333333,-57.07694444444445,-24.56083333333333,-57.07694444444445,34783,42036,12,1,1,0.42877015471458435,0.4907929301261902,,2.6,0.51176167,0.45808405,42.87701416015625
846,846,846,846,846,846,879,PY: San Pedro-Chore,-24.184166666666663,-56.632777777777775,-24.184166666666663,-56.632777777777775,18754,18225,9,1,1,0.5330912470817566,0.5216488838195801,,3.2222222222222223,0.49728268,0.5040887,49.728267669677734
847,847,847,847,847,847,880,PY: Central-Limpio,-25.16611111111111,-57.48555555555556,-25.16611111111111,-57.48555555555556,70383,13558,12,6,3,0.4525524377822876,0.42770904302597046,,3.25,0.45339385,0.4839433,42.770904541015625
848,848,848,848,848,848,881,PY: Paraguari-Acahay,-25.889166666666664,-57.07638888888889,-25.889166666666664,-57.07638888888889,114815,28662,12,19,4,0.4002470076084137,0.43160107731819153,,3.1,0.44993648,0.3891986,38.91986083984375
849,849,849,849,849,849,882,PY: San Pedro-San Estanislao,-24.64555555555556,-56.39222222222222,-24.64555555555556,-56.39222222222222,12399,29817,7,1,1,0.46177971363067627,0.4510346055030823,,3.1,0.48202005,0.42585838,42.585838317871094
850,850,850,850,850,850,883,PY: Cordillera-Eusebio Ayala,-25.361111111111114,-56.97138888888889,-25.361111111111114,-56.97138888888889,143836,33707,10,2,2,0.4289228320121765,0.44910308718681335,,2.7,0.4908859,0.41272762,41.272762298583984
851,851,851,851,851,851,884,PY: Guaira-Itape,-25.854444444444447,-56.56666666666667,-25.854444444444447,-56.56666666666667,5157,2373,29,3,2,0.4465179741382599,0.4408314824104309,,3.2857142857142856,0.4397009,0.46605223,43.970088958740234
852,852,852,852,852,852,885,PY: Caazapa-Caazapa,-26.25,-56.06666666666667,-26.25,-56.06666666666667,4608,2459,20,1,1,0.4782605469226837,0.4657149016857147,,3.2222222222222223,0.4293872,0.44301116,42.938720703125
853,853,853,853,853,853,886,PY: Paraguari-Quyquyho,-26.2525,-57.01027777777778,-26.2525,-57.01027777777778,2956,1551,69,1,1,0.43605920672416687,0.4220612943172455,,3.4,0.409734,0.38621157,38.621158599853516
854,854,854,854,854,854,887,PY: Guaira-Paso Yobai,-25.739166666666662,-55.91305555555555,-25.739166666666662,-55.91305555555555,9119,6623,10,1,1,0.5162856578826904,0.4493703246116638,,2.6666666666666665,0.44592756,0.4265636,42.6563606262207
855,855,855,855,855,855,888,PY: Caazapa-Yuty,-26.607222222222223,-56.335,-26.607222222222223,-56.335,9473,5256,39,1,1,0.49556276202201843,0.47928762435913086,,3.5,0.5071452,0.48819098,47.92876434326172
856,856,856,856,856,856,890,PY: Cordillera-Arroyos y Esteros,-25.04277777777778,-57.16222222222222,-25.04277777777778,-57.16222222222222,26865,1550,54,12,1,0.47338828444480896,0.4511803388595581,,3.0,0.45174128,0.45615566,45.11803436279297
857,857,857,857,857,857,891,PY: Cordillera-Emboscada,-25.12861111111112,-57.36277777777778,-25.12861111111112,-57.36277777777778,119534,114332,7,13,1,0.4289173483848572,0.4327865540981293,,2.7777777777777777,0.45307934,0.4391043,42.8917350769043
858,858,858,858,858,858,892,PY: Caaguazu-Doctor Juan Eulogio Estigarribia,-25.371666666666663,-55.70444444444445,-25.371666666666663,-55.70444444444445,80892,26325,20,2,2,0.42924052476882935,0.5231022834777832,,2.772727272727273,0.5183591,0.44358093,42.92405319213867
859,859,859,859,859,859,893,PY: Caaguazu-Coronel Oviedo,-25.444444444444446,-56.44027777777777,-25.444444444444446,-56.44027777777777,96724,28521,10,60,17,0.4359366297721863,0.3996041417121887,,3.25,0.4062826,0.43001688,39.96041488647461
860,860,860,860,860,860,894,PY: Central-Lambare,-25.346666666666664,-57.60638888888889,-25.346666666666664,-57.60638888888889,100672,27325,11,75,10,0.44555220007896423,0.39757055044174194,,2.9,0.4065835,0.5009959,39.75705337524414
861,861,861,861,861,861,895,PY: Central-Aregua,-25.3125,-57.38472222222222,-25.3125,-57.38472222222222,41259,13180,18,3,3,0.4113155007362366,0.443488746881485,,3.272727272727273,0.4393009,0.46446002,41.13154983520508
862,862,862,862,862,862,896,PY: Caaguazu-Jose Domingo Ocampos,-25.440277777777776,-55.4375,-25.440277777777776,-55.4375,15936,13400,2,4,2,0.5458838939666748,0.4958546757698059,,3.0,0.48682842,0.44226477,44.22647476196289
863,863,863,863,863,863,897,PY: Alto Parana-Itakyry,-24.81416666666667,-55.1525,-24.81416666666667,-55.1525,1722,2731,21,2,1,0.5004616379737854,0.5343530774116516,,2.8461538461538463,0.51946986,0.5246185,50.046165466308594
864,864,864,864,864,864,898,PY: Alto Parana-Ciudad Del Este,-25.509722222222223,-54.61111111111112,-25.509722222222223,-54.61111111111112,98037,39170,12,184,66,0.5138265490531921,0.46941637992858887,,3.5454545454545454,0.4819084,0.4931917,46.9416389465332
865,865,865,865,865,865,899,PY: Alto Parana-Minga Guazu,-25.50333333333333,-54.84138888888889,-25.50333333333333,-54.84138888888889,6239,3587,21,1,1,0.5045385956764221,0.5086234211921692,,3.4,0.51088184,0.45345637,45.345638275146484
866,866,866,866,866,866,900,PY: Central-Capiata,-25.355,-57.445277777777775,-25.355,-57.445277777777775,69359,19670,14,7,5,0.43897131085395813,0.40214839577674866,,3.25,0.422752,0.40520936,40.214839935302734
867,867,867,867,867,867,901,PY: Alto Parana-Yguazu,-25.41777777777778,-55.1,-25.41777777777778,-55.1,12800,6516,18,13,1,0.5329169631004333,0.5857973694801331,,3.2142857142857144,0.57863694,0.5219471,52.19470977783203
868,868,868,868,868,868,902,PY: Itapua-Capitan Miranda,-27.189444444444444,-55.81166666666666,-27.189444444444444,-55.81166666666666,208050,132754,3,1,1,0.5497310161590576,0.5459063053131104,,3.0454545454545454,0.53710073,0.4181742,41.817420959472656
869,869,869,869,869,869,903,PY: Amambay-Pedro Juan Caballero,-22.547222222222224,-55.73333333333333,-22.547222222222224,-55.73333333333333,77348,45778,14,64,23,0.4894131124019623,0.45044076442718506,,3.4,0.44145298,0.48872262,44.14529800415039
870,870,870,870,870,870,905,PY: Canindeyu-Nueva Esperanza,-24.581666666666667,-54.653888888888886,-24.581666666666667,-54.653888888888886,11196,19776,12,23,2,0.5119049549102783,0.5398043394088745,,2.9,0.49816617,0.48951715,48.95171356201172
871,871,871,871,871,871,906,PY: Alto Parana-Doctor Juan Leon Mallorquin,-25.48361111111112,-55.254444444444445,-25.48361111111112,-55.254444444444445,4027,2435,9,1,1,0.5138117074966431,0.5181427597999573,,2.8,0.57014424,0.48956582,48.956581115722656
872,872,872,872,872,872,907,PY: Concepcion-Horqueta,-23.343055555555555,-57.051944444444445,-23.343055555555555,-57.051944444444445,219094,31545,16,12,4,0.413149893283844,0.4426111578941345,,3.3,0.4722572,0.3947065,39.47064971923828
873,873,873,873,873,873,908,PY: Alto Parana-Minga Pora,-24.866666666666667,-54.91666666666666,-24.866666666666667,-54.91666666666666,55366,59076,2,10,2,0.5456807017326355,0.5799487233161926,,3.1666666666666665,0.5230053,0.4740288,47.40287780761719
874,874,874,874,874,874,909,PY: Alto Parana-San Alberto,-24.97583333333333,-54.90611111111111,-24.97583333333333,-54.90611111111111,92059,76163,2,6,6,0.5045050978660583,0.5773219466209412,,3.555555555555556,0.5691287,0.4701482,47.01482009887695
875,875,875,875,875,875,910,PY: Presidente Hayes-Pozo Colorado,-23.466666666666665,-58.96666666666667,-23.466666666666665,-58.96666666666667,100310,9464,59,2,2,0.3630460500717163,0.43506520986557007,,3.1818181818181817,0.41462648,0.46150708,36.304603576660156
876,876,876,876,876,876,911,PY: Central-Itaugua,-25.3925,-57.35416666666667,-25.3925,-57.35416666666667,165789,37071,9,8,6,0.44725948572158813,0.41631558537483215,,3.5,0.44589454,0.5247391,41.63155746459961
877,877,877,877,877,877,912,PY: San Pedro-Capiibary,-24.745833333333334,-55.99138888888889,-24.745833333333334,-55.99138888888889,6209,4488,16,3,2,0.46352845430374146,0.43642735481262207,,3.1,0.4517882,0.44839248,43.64273452758789
878,878,878,878,878,878,913,PY: Paraguari-General Bernardino Caballero,-25.76,-56.88611111111111,-25.76,-56.88611111111111,830,996,138,1,1,0.5742250680923462,0.4395267963409424,,3.588235294117647,0.4017671,0.4218488,40.17671203613281
879,879,879,879,879,879,914,PY: Itapua-Bella Vista,-26.99527777777778,-55.545,-26.99527777777778,-55.545,5395,4369,34,65,1,0.5594237446784973,0.5570663213729858,,3.0,0.56521195,0.46436444,46.43644332885742
880,880,880,880,880,880,915,PY: San Pedro-San Pedro de Ycuamandiyu,-24.085277777777776,-57.08722222222222,-24.085277777777776,-57.08722222222222,7014,7600,17,4,2,0.4667549133300781,0.44456714391708374,,3.090909090909091,0.4387176,0.43213016,43.213016510009766
881,881,881,881,881,881,916,PY: Central-Mariano Roque Alonso,-25.20777777777778,-57.53194444444444,-25.20777777777778,-57.53194444444444,92974,21440,8,40,16,0.45443183183670044,0.48502829670906067,,2.555555555555556,0.45281047,0.47603387,45.28104782104492
882,882,882,882,882,882,917,PY: Concepcion-Yby Ya'u,-22.96611111111111,-56.54055555555556,-22.96611111111111,-56.54055555555556,22906,7481,26,2,2,0.47882649302482605,0.4504210352897644,,3.1,0.44690335,0.4188553,41.88553237915039
883,883,883,883,883,883,918,PY: Alto Parana-Hernandarias,-25.315,-54.77777777777778,-25.315,-54.77777777777778,27067,15184,10,2,1,0.5395720601081848,0.5859811305999756,,3.35,0.5502309,0.53688514,53.688514709472656
884,884,884,884,884,884,919,PY: Central-Ita,-25.50027777777778,-57.36694444444444,-25.50027777777778,-57.36694444444444,54848,23565,5,13,6,0.4424334764480591,0.4482482671737671,,3.1,0.44751438,0.38740414,38.740413665771484
885,885,885,885,885,885,920,PY: Caaguazu-Carayao,-25.18722222222222,-56.32888888888889,-25.18722222222222,-56.32888888888889,12998,13833,22,1,1,0.4624618589878082,0.4347497522830963,,2.8,0.44211933,0.41994786,41.99478530883789
886,886,886,886,886,886,921,PY: Presidente Hayes-Nanawa,-25.282777777777778,-57.70055555555556,-25.282777777777778,-57.70055555555556,1662,939,120,1,1,0.5186129808425903,0.4469774067401886,,3.555555555555556,0.44151053,0.49825183,44.15105438232422
887,887,887,887,887,887,922,PY: Misiones-Santa Maria de Fe,-26.78361111111112,-56.94333333333333,-26.78361111111112,-56.94333333333333,6371,9194,8,4,2,0.4337519407272339,0.4780580699443817,,3.2,0.50487757,0.48662826,43.37519454956055
888,888,888,888,888,888,923,PY: Central-San Antonio,-25.42111111111112,-57.54722222222222,-25.42111111111112,-57.54722222222222,85168,25236,16,20,6,0.4136542081832886,0.4992735981941223,,3.1,0.45489767,0.45376316,41.365421295166016
889,889,889,889,889,889,924,PY: San Pedro-General Elizardo Aquino,-24.44527777777778,-56.899166666666666,-24.44527777777778,-56.899166666666666,11354,9940,18,9,1,0.4746588170528412,0.46234166622161865,,3.363636363636364,0.5055818,0.414842,41.48419952392578
890,890,890,890,890,890,925,PY: Central-Chaco-Colonia Menno,-21.51,-60.7,-21.51,-60.7,9506,2132,27,1,1,0.4501158595085144,0.49353888630867004,,3.2,0.48539972,0.45259762,45.0115852355957
891,891,891,891,891,891,926,PY: Cordillera-Primero de Marzo,-25.126944444444444,-56.97083333333334,-25.126944444444444,-56.97083333333334,2281,19,46,1,1,0.4740232825279236,0.45443522930145264,,2.8,0.44269833,0.4660402,44.269832611083984
892,892,892,892,892,892,927,PY: Itapua-La Encarnacion,-26.97777777777777,-55.89722222222222,-26.97777777777777,-55.89722222222222,60223,85904,10,32,2,0.5034183859825134,0.5382223725318909,,3.090909090909091,0.5576109,0.45072466,45.07246780395508
893,893,893,893,893,893,928,PY: Paraguari-Ybycui,-26.02055555555556,-57.01694444444444,-26.02055555555556,-57.01694444444444,93054,37844,7,1,1,0.4379907548427582,0.44745078682899475,,3.111111111111111,0.45216176,0.43272573,43.2725715637207
894,894,894,894,894,894,929,PY: Itapua-Natalio,-26.734166666666667,-55.13916666666667,-26.734166666666667,-55.13916666666667,10527,5881,12,2,2,0.5430267453193665,0.538810133934021,,2.6666666666666665,0.5563266,0.436365,43.63650131225586
895,895,895,895,895,895,930,PY: Caaguazu-Caaguazu,-25.2,-55.833333333333336,-25.2,-55.833333333333336,23581,22030,7,1,1,0.5027564167976379,0.49564871191978455,,2.7,0.4988829,0.48896614,48.89661407470703
896,896,896,896,896,896,932,PY: Concepcion,-23.399722222222223,-57.43222222222222,-23.399722222222223,-57.43222222222222,82796,26506,10,30,12,0.4417146146297455,0.4874647855758667,,3.3,0.44946384,0.51808983,44.17146301269531
897,897,897,897,897,897,933,PY: Caaguazu-San Jose De Los Arroyos,-25.539166666666667,-56.69861111111111,-25.539166666666667,-56.69861111111111,20422,28401,4,1,1,0.5058426856994629,0.4592042565345764,,3.2,0.45460445,0.43692386,43.692386627197266
898,898,898,898,898,898,934,PY: Itapua-Mayor Julio Dionisio Otano,-26.35333333333333,-54.72055555555556,-26.35333333333333,-54.72055555555556,8732,7566,19,15,3,0.4177635610103607,0.45312005281448364,,2.7222222222222223,0.46716252,0.45249352,41.7763557434082
899,899,899,899,899,899,935,PY: Misiones-Ayolas,-27.384166666666665,-56.839444444444446,-27.384166666666665,-56.839444444444446,97604,80736,23,8,4,0.4436548948287964,0.45868542790412903,,3.1,0.46824008,0.47426975,44.3654899597168
900,900,900,900,900,900,936,PY: Central-Fernando de la Mora,-25.33833333333333,-57.52166666666667,-25.33833333333333,-57.52166666666667,25069,33913,10,19,4,0.47407087683677673,0.413049578666687,,3.1,0.4323736,0.40290695,40.29069519042969
901,901,901,901,901,901,937,PY: Itapua-San Rafael del Parana,-26.439444444444444,-55.10055555555556,-26.439444444444444,-55.10055555555556,6825,3825,11,1,1,0.5076643228530884,0.5658164620399475,,3.0,0.5512632,0.4628338,46.28337860107422
902,902,902,902,902,902,938,PY: Paraguari-Escobar,-25.66861111111111,-57.02555555555556,-25.66861111111111,-57.02555555555556,50639,50443,6,1,1,0.4416792392730713,0.44793441891670227,,3.6666666666666665,0.46166086,0.40865767,40.86576843261719
903,903,903,903,903,903,939,PY: Itapua-Tomas Romero Pereira,-26.473333333333333,-55.282222222222224,-26.473333333333333,-55.282222222222224,75743,17384,10,6,2,0.5316332578659058,0.48933905363082886,,3.111111111111111,0.5077688,0.45277488,45.277488708496094
904,904,904,904,904,904,940,PY: Central-Ypane,-25.460277777777776,-57.509166666666665,-25.460277777777776,-57.509166666666665,84035,23332,15,7,5,0.4626774489879608,0.42417314648628235,,3.9,0.47569793,0.47029194,42.41731643676758
905,905,905,905,905,905,941,PY: Central-Villa Elisa,-25.3675,-57.5925,-25.3675,-57.5925,102899,38676,7,22,11,0.4815690219402313,0.47984403371810913,,3.1,0.39894935,0.47058648,39.894935607910156
906,906,906,906,906,906,942,PY: Itapua-Pirapo,-26.83333333333333,-55.51472222222223,-26.83333333333333,-55.51472222222223,13418,17331,13,1,1,0.5138907432556152,0.5082622170448303,,3.111111111111111,0.5099148,0.45940632,45.94063186645508
907,907,907,907,907,907,943,PY: Caaguazu-Repatriacion,-25.58388888888889,-55.80305555555555,-25.58388888888889,-55.80305555555555,26397,12673,8,14,1,0.4652184844017029,0.5503281354904175,,2.5,0.5341024,0.50474286,46.521846771240234
908,908,908,908,908,908,944,PE: Gran Lima,-12.082222222222224,-77.04527777777777,-12.082222222222224,-77.04527777777777,166724,134283,6,456,159,0.49273839592933655,0.4611675441265106,,3.118279569892473,0.4425327,0.48136845,44.25326919555664
909,909,909,909,909,909,945,PE: Lima-Huaral,-11.495,-77.20777777777778,-11.495,-77.20777777777778,88672,71954,9,81,20,0.4058365821838379,0.44916099309921265,,3.066666666666667,0.47380453,0.43723357,40.583656311035156
910,910,910,910,910,910,946,PE: Lambayeque-Chiclayo,-6.771111111111111,-79.84083333333332,-6.771111111111111,-79.84083333333332,137047,123917,11,74,33,0.41059333086013794,0.456927090883255,,3.2,0.47836202,0.43200722,41.05933380126953
911,911,911,911,911,911,947,PE: La Libertad-Trujillo,-8.115833333333333,-79.02972222222222,-8.115833333333333,-79.02972222222222,137574,98557,12,204,65,0.44033563137054443,0.44805288314819336,,3.3666666666666667,0.45233318,0.5372936,44.03356170654297
912,912,912,912,912,912,948,PE: Ancash-Huaraz,-9.52777777777778,-77.52777777777777,-9.52777777777778,-77.52777777777777,136290,126852,19,83,20,0.4417262077331543,0.4190937280654907,,3.1,0.4399165,0.41463745,41.4637451171875
913,913,913,913,913,913,949,PE: Arequipa-Arequipa,-16.398888888888887,-71.535,-16.398888888888887,-71.535,48777,24621,30,120,42,0.4519897699356079,0.4828767776489258,,3.111111111111111,0.45937362,0.39472973,39.47297286987305
914,914,914,914,914,914,950,PE: Lambayeque-TUCUME,-6.506111111111111,-79.85722222222222,-6.506111111111111,-79.85722222222222,125327,93729,15,12,7,0.5065298080444336,0.4753558337688446,,3.0,0.48221537,0.4551144,45.51144027709961
915,915,915,915,915,915,951,PE: Piura-Piura,-5.194444444444445,-80.63277777777778,-5.194444444444445,-80.63277777777778,105278,48141,16,34,15,0.4594663083553314,0.4968140721321106,,3.12,0.46866497,0.4442882,44.42881774902344
916,916,916,916,916,916,952,PE: Junin-Huancayo,-12.065,-75.20472222222223,-12.065,-75.20472222222223,66369,22615,16,171,40,0.47253888845443726,0.48440903425216675,,2.96,0.45657343,0.43339252,43.33925247192383
917,917,917,917,917,917,953,PE: Junin-Ingenio,-11.797777777777778,-75.17222222222223,-11.797777777777778,-75.17222222222223,9643,3725,12,2,1,0.4195195138454437,0.4688481390476227,,3.0,0.46832758,0.5045619,41.95195007324219
918,918,918,918,918,918,954,PE: Piura-La Arena,-4.807777777777778,-81.205,-4.807777777777778,-81.205,2451,3084,70,2,1,0.4217953681945801,0.46959930658340454,,3.2,0.4588226,0.4779467,42.179534912109375
919,919,919,919,919,919,955,PE: Ancash-QUILLO,-9.226666666666668,-77.81555555555555,-9.226666666666668,-77.81555555555555,19431,19180,29,2,1,0.4586887061595917,0.4741814136505127,,2.5,0.4900743,0.45702767,45.70276641845703
920,920,920,920,920,920,956,PE: Loreto-Iquitos,-3.748888888888889,-73.25361111111111,-3.748888888888889,-73.25361111111111,35607,8954,76,78,9,0.4763910472393036,0.5092318654060364,,2.966666666666667,0.5096978,0.5548669,47.639102935791016
921,921,921,921,921,921,957,PE: Cusco-Cusco,-13.5225,-71.96722222222222,-13.5225,-71.96722222222222,73448,38045,27,130,46,0.5259310007095337,0.47878018021583557,,2.8,0.5306516,0.45786932,45.78693389892578
922,922,922,922,922,922,958,PE: Cajamarca-Cachachi,-7.5675,-78.25333333333333,-7.5675,-78.25333333333333,46491,33662,34,6,2,0.4921706020832062,0.45046117901802063,,3.466666666666667,0.43485412,0.44525254,43.48541259765625
923,923,923,923,923,923,959,PE: Piura-Frias,-4.926666666666667,-79.9713888888889,-4.926666666666667,-79.9713888888889,8740,8002,34,5,3,0.4453010857105255,0.3947623074054718,,3.333333333333333,0.39988303,0.4461889,39.47623062133789
924,924,924,924,924,924,960,PE: Ica-Nazca,-14.830833333333333,-74.9388888888889,-14.830833333333333,-74.9388888888889,87139,108917,9,6,4,0.4800857603549957,0.49838921427726746,,2.9,0.48579213,0.46335623,46.33562088012695
925,925,925,925,925,925,961,PE: Junin-La Oroya,-11.51888888888889,-75.89916666666667,-11.51888888888889,-75.89916666666667,14262,5385,15,5,3,0.5308651328086853,0.5189453363418579,,3.2,0.5100647,0.48739573,48.73957443237305
926,926,926,926,926,926,962,PE: Cajamarca-Cajamarca,-7.163611111111112,-78.50027777777778,-7.163611111111112,-78.50027777777778,95517,52718,13,64,17,0.5009675025939941,0.4384152591228485,,3.733333333333333,0.4676055,0.4577189,43.84152603149414
927,927,927,927,927,927,963,PE: Amazonas-BAGUA,-5.09,-78.39972222222222,-5.09,-78.39972222222222,12430,16348,46,10,1,0.39150553941726685,0.38802042603492737,,3.2,0.38457462,0.46724543,38.457462310791016
928,928,928,928,928,928,964,PE: Lambayeque-Ferrenafe,-6.328888888888889,-79.46166666666667,-6.328888888888889,-79.46166666666667,12006,11987,28,1,1,0.4053974449634552,0.43565797805786133,,3.05,0.43378073,0.42777818,40.53974533081055
929,929,929,929,929,929,965,PE: Cusco-LARES,-13.199166666666668,-72.04472222222222,-13.199166666666668,-72.04472222222222,17794,15724,27,1,1,0.5303043127059937,0.5224226713180542,,2.6666666666666665,0.519498,0.52490765,51.949798583984375
930,930,930,930,930,930,966,PE: Cajamarca-Encanada,-6.985,-78.40277777777779,-6.985,-78.40277777777779,32559,22528,38,1,1,0.4801649749279022,0.440378338098526,,2.8,0.46589038,0.4706485,44.03783416748047
931,931,931,931,931,931,967,PE: Huanuco-Huanuco,-9.930555555555555,-76.24222222222222,-9.930555555555555,-76.24222222222222,118774,53086,22,122,29,0.4951069951057434,0.4971005320549011,,2.571428571428572,0.45775202,0.4567208,45.672080993652344
932,932,932,932,932,932,968,PE: Cajamarca-QUEROCOTILLO,-6.215277777777778,-79.24416666666667,-6.215277777777778,-79.24416666666667,3796,948,23,1,1,0.4203279912471771,0.48588481545448303,,3.0,0.4994985,0.4684513,42.032798767089844
933,933,933,933,933,933,969,PE: Loreto-JENARO HERRERA,-4.996111111111111,-73.69833333333334,-4.996111111111111,-73.69833333333334,8004,1588,48,3,2,0.37648117542266846,0.42221537232398987,,2.7,0.4233708,0.47851175,37.64811706542969
934,934,934,934,934,934,970,PE: Cajamarca-Huarango,-5.081111111111111,-78.70916666666668,-5.081111111111111,-78.70916666666668,19391,25661,50,1,1,0.37056171894073486,0.39557895064353943,,3.533333333333333,0.39560658,0.39173827,37.05617141723633
935,935,935,935,935,935,971,PE: Piura-Talara,-4.577222222222222,-81.27194444444444,-4.577222222222222,-81.27194444444444,128636,147391,20,54,17,0.5533928275108337,0.4952571988105774,,3.2,0.5032873,0.4912823,49.128231048583984
936,936,936,936,936,936,972,PE: La Libertad-Laredo,-8.089444444444444,-78.96000000000001,-8.089444444444444,-78.96000000000001,726,1510,9,1,1,0.5811125040054321,0.5088210105895996,,3.8,0.53691685,0.47021386,47.021385192871094
937,937,937,937,937,937,973,PE: Huanuco-Chinchao,-9.606944444444444,-76.07138888888889,-9.606944444444444,-76.07138888888889,235731,34165,25,1,1,0.39748522639274597,0.4045420289039612,,2.5454545454545454,0.4109896,0.44857106,39.7485237121582
938,938,938,938,938,938,974,PE: Loreto-Fernando Lores,-4.003055555555555,-73.15833333333335,-4.003055555555555,-73.15833333333335,80535,22146,46,1,1,0.44110992550849915,0.476188063621521,,3.0,0.4608296,0.52212065,44.110992431640625
939,939,939,939,939,939,975,PE: San Martin-Tarapoto,-6.508611111111111,-76.37305555555555,-6.508611111111111,-76.37305555555555,161046,164088,24,28,7,0.5243381261825562,0.4394005835056305,,3.066666666666667,0.45498523,0.41959044,41.95904541015625
940,940,940,940,940,940,976,PE: Apurimac-Curahuasi,-13.63861111111111,-72.61805555555554,-13.63861111111111,-72.61805555555554,14293,30222,30,2,1,0.434674471616745,0.45621049404144287,,3.111111111111111,0.480949,0.46808445,43.467445373535156
941,941,941,941,941,941,977,PE: Ancash-Chimbote,-9.075,-78.5936111111111,-9.075,-78.5936111111111,87514,64799,28,28,17,0.4763752818107605,0.48667415976524353,,3.1333333333333333,0.5207121,0.5096026,47.63752746582031
942,942,942,942,942,942,978,PE: Ayacucho-Ayacucho,-13.158611111111112,-74.22305555555556,-13.158611111111112,-74.22305555555556,75696,71063,25,116,44,0.4917605519294739,0.4359739124774933,,2.933333333333333,0.4577136,0.4040134,40.40134048461914
943,943,943,943,943,943,979,PE: Piura-Santo Domingo,-5.053055555555555,-79.91055555555556,-5.053055555555555,-79.91055555555556,10683,6605,32,7,2,0.4310048520565033,0.41754937171936035,,3.0,0.52447665,0.4223348,41.75493621826172
944,944,944,944,944,944,980,PE: San Martin-RIOJA,-6.067777777777778,-77.15972222222223,-6.067777777777778,-77.15972222222223,52913,65642,102,3,2,0.5025118589401245,0.44928330183029175,,3.2666666666666666,0.47731093,0.40092194,40.092193603515625
945,945,945,945,945,945,981,PE: Junin-SAN RAMON,-11.124166666666667,-75.35722222222222,-11.124166666666667,-75.35722222222222,30500,33357,13,24,8,0.5023558735847473,0.4367348849773407,,2.466666666666667,0.44389158,0.39986768,39.98676681518555
946,946,946,946,946,946,982,PE: Puno-Juliaca,-15.5,-70.13333333333334,-15.5,-70.13333333333334,79619,62976,27,45,13,0.5137544274330139,0.48935478925704956,,2.6666666666666665,0.49471098,0.4938758,48.93547821044922
947,947,947,947,947,947,983,PE: Puno-ORURILLO,-14.686111111111112,-70.4875,-14.686111111111112,-70.4875,13384,9026,39,2,2,0.472914457321167,0.5571260452270508,,2.5,0.5210844,0.51499254,47.291446685791016
948,948,948,948,948,948,984,PE: La Libertad-Usquil,-7.754444444444444,-78.4063888888889,-7.754444444444444,-78.4063888888889,64798,24310,53,2,1,0.47870269417762756,0.4222954213619232,,3.333333333333333,0.4194059,0.44679025,41.940589904785156
949,949,949,949,949,949,985,PE: Huancavelica-Acoria,-12.599444444444446,-74.82333333333332,-12.599444444444446,-74.82333333333332,30686,33963,32,1,1,0.4441765248775482,0.46828362345695496,,2.8,0.4395725,0.444219,43.957252502441406
950,950,950,950,950,950,986,PE: Tacna-Tacna,-18.014444444444443,-70.25361111111111,-18.014444444444443,-70.25361111111111,165701,161024,9,46,22,0.5103427767753601,0.4680604040622711,,2.8,0.4832139,0.4608136,46.08135986328125
951,951,951,951,951,951,987,PE: Ayacucho-Vinchos,-13.14472222222222,-73.99111111111111,-13.14472222222222,-73.99111111111111,33940,44073,15,3,1,0.4504205882549286,0.44629380106925964,,2.2,0.47018936,0.45523256,44.62937927246094
952,952,952,952,952,952,988,PE: Puno-Huancane,-15.151944444444444,-69.6211111111111,-15.151944444444444,-69.6211111111111,185704,257281,32,5,1,0.5066763758659363,0.49243655800819397,,3.066666666666667,0.49257284,0.48449737,48.449737548828125
953,953,953,953,953,953,989,PE: Ancash-CACERES DEL PERU,-8.900833333333333,-78.15305555555557,-8.900833333333333,-78.15305555555557,180589,25274,51,2,1,0.4682932496070862,0.458159863948822,,2.6666666666666665,0.45081538,0.45407924,45.081539154052734
954,954,954,954,954,954,990,PE: Ica-Yauca Del Rosario,-14.135277777777777,-75.5736111111111,-14.135277777777777,-75.5736111111111,92235,145359,6,4,2,0.4325902462005615,0.45314309000968933,,2.9,0.47230038,0.47037312,43.25902557373047
955,955,955,955,955,955,991,PE: Puno-Puno,-15.841944444444444,-70.01972222222223,-15.841944444444444,-70.01972222222223,198653,106777,18,61,21,0.5515297651290894,0.5263864994049072,,2.6,0.5504877,0.46395704,46.39570236206055
956,956,956,956,956,956,992,PE: Junin-Rio Tambo,-11.530833333333334,-73.81416666666667,-11.530833333333334,-73.81416666666667,7382,26955,30,3,1,0.3747553527355194,0.4125918745994568,,2.6,0.41401333,0.4468726,37.47553634643555
957,957,957,957,957,957,993,PE: Ica-Chincha,-13.409722222222223,-76.13222222222221,-13.409722222222223,-76.13222222222221,110528,111898,14,51,24,0.5353561639785767,0.47488272190093994,,3.15,0.44624758,0.46410668,44.624755859375
958,958,958,958,958,958,994,PE: Puno-Pomata,-16.35666666666667,-69.28805555555556,-16.35666666666667,-69.28805555555556,6547,10915,40,1,1,0.4591143727302551,0.4215400815010071,,3.1333333333333333,0.44813657,0.42705733,42.15400695800781
959,959,959,959,959,959,995,PE: San Martin-TINGO DE PONASA,-6.970277777777778,-76.21194444444444,-6.970277777777778,-76.21194444444444,12013,14228,53,446,1,0.45733964443206787,0.4456873834133148,,3.333333333333333,0.5200718,0.4317838,43.17837905883789
960,960,960,960,960,960,996,UY: Montevideo,-34.903055555555554,-56.18805555555555,-34.903055555555554,-56.18805555555555,137518,48286,7,168,80,0.44120433926582336,0.5045145750045776,,3.152,0.508387,0.5005069,44.12043380737305
961,961,961,961,961,961,997,UY: Canelones-Paso Carrasco,-34.83833333333334,-56.03055555555555,-34.83833333333334,-56.03055555555555,16612,19708,5,2,2,0.5602903962135315,0.5004655122756958,,2.9,0.54056525,0.47435895,47.43589401245117
962,962,962,962,962,962,998,UY: Canelones-Empalme Olmos,-34.64055555555556,-55.8775,-34.64055555555556,-55.8775,24910,37737,4,8,1,0.4531504809856415,0.444582462310791,,2.9,0.46842137,0.42660457,42.660457611083984
963,963,963,963,963,963,999,UY: Canelones-Santa Lucia,-34.45333333333333,-56.39055555555556,-34.45333333333333,-56.39055555555556,4693,22261,22,2,2,0.42670872807502747,0.44543129205703735,,2.7,0.45549104,0.4232469,42.32468795776367
964,964,964,964,964,964,1000,UY: Canelones-Pinamar - Pinepark,-34.775,-55.84027777777778,-34.775,-55.84027777777778,32795,25763,5,1,1,0.4285131096839905,0.5134716629981995,,3.1,0.49969128,0.5032471,42.85131072998047
965,965,965,965,965,965,1001,UY: Canelones-San Jose de Carrasco,-34.86666666666667,-56.0,-34.86666666666667,-56.0,216414,31596,4,53,12,0.5653764605522156,0.4640030562877655,,3.5,0.50384444,0.49123538,46.400306701660156
966,966,966,966,966,966,1002,UY: Canelones-Canelones rural,-34.64194444444444,-54.87972222222222,-34.64194444444444,-54.87972222222222,1791,1502,371,3,1,0.4954364001750946,0.47861501574516296,,3.2,0.4827684,0.41901007,41.90100860595703
967,967,967,967,967,967,1003,UY: Canelones-Colonia Nicolich,-34.815,-56.024166666666666,-34.815,-56.024166666666666,40473,39902,3,1,1,0.5259941816329956,0.5253193378448486,,3.1,0.4984989,0.4795874,47.958740234375
968,968,968,968,968,968,1004,UY: Rocha-Rocha,-34.3825,-54.67444444444444,-34.3825,-54.67444444444444,30297,32903,18,4,2,0.5675994753837585,0.4514867663383484,,3.3,0.4346042,0.40597585,40.59758377075195
969,969,969,969,969,969,1005,UY: Canelones-Lomas de Solymar,-34.81666666666667,-55.956944444444446,-34.81666666666667,-55.956944444444446,130174,21774,5,11,1,0.5243995189666748,0.4658786356449127,,3.4,0.47589308,0.49061322,46.58786392211914
970,970,970,970,970,970,1006,UY: Canelones-El Pinar,-34.79472222222222,-55.88944444444444,-34.79472222222222,-55.88944444444444,121754,71962,60,2,2,0.48516348004341125,0.4941568374633789,,3.3,0.52401,0.4879194,48.51634979248047
971,971,971,971,971,971,1007,UY: Canelones-La Paz,-34.76027777777778,-56.22583333333333,-34.76027777777778,-56.22583333333333,65462,28256,5,65,2,0.4696997106075287,0.5102627873420715,,2.6,0.4786167,0.41272414,41.27241516113281
972,972,972,972,972,972,1008,UY: Lavalleja-Minas,-34.37583333333333,-55.2375,-34.37583333333333,-55.2375,279899,67043,13,4,2,0.4246959984302521,0.4702294170856476,,3.4,0.4776271,0.41725117,41.72511672973633
973,973,973,973,973,973,1009,UY: Soriano-Dolores,-33.53,-58.21694444444445,-33.53,-58.21694444444445,151029,47761,12,3,1,0.4244649112224579,0.49714842438697815,,3.0,0.50011814,0.4805046,42.44649124145508
974,974,974,974,974,974,1010,UY: Canelones-Sauce,-34.62027777777778,-56.06444444444444,-34.62027777777778,-56.06444444444444,1361,457,21,1,1,0.5243792533874512,0.4779801666736603,,2.6,0.45672688,0.4122119,41.22119140625
975,975,975,975,975,975,1011,UY: Canelones-Las Piedras,-34.730000000000004,-56.21888888888889,-34.730000000000004,-56.21888888888889,234593,24865,9,4,3,0.40169546008110046,0.45853474736213684,,3.0,0.47091222,0.42479038,40.1695442199707
976,976,976,976,976,976,1012,UY: Colonia-Colonia del Sacramento,-34.462500000000006,-57.83972222222222,-34.462500000000006,-57.83972222222222,210054,29216,8,5,4,0.510812520980835,0.47258642315864563,,2.5,0.5199816,0.4851299,47.258644104003906
977,977,977,977,977,977,1013,UY: Canelones-Pando,-34.716944444444444,-55.958333333333336,-34.716944444444444,-55.958333333333336,90140,25199,8,14,9,0.4709354341030121,0.4987400770187378,,3.0,0.48598158,0.41863263,41.86326217651367
978,978,978,978,978,978,1014,UY: Florida-Florida,-33.833333333333336,-55.91666666666666,-33.833333333333336,-55.91666666666666,4220,433,46,1,1,0.43297967314720154,0.4857630431652069,,3.3,0.4329836,0.43938294,43.29796600341797
979,979,979,979,979,979,1015,UY: Rio Negro-Fray Bentos,-33.11638888888889,-58.31055555555555,-33.11638888888889,-58.31055555555555,96557,32279,18,14,8,0.5226742029190063,0.4969722032546997,,3.2,0.5026513,0.4864429,48.644290924072266
980,980,980,980,980,980,1016,UY: Cerro Largo-Melo,-32.37027777777778,-54.1675,-32.37027777777778,-54.1675,197277,38894,13,20,5,0.4151318371295929,0.4524962604045868,,3.2,0.470482,0.43196478,41.51318359375
981,981,981,981,981,981,1017,UY: Soriano-Mercedes,-33.25222222222222,-58.030277777777776,-33.25222222222222,-58.030277777777776,79468,29303,8,7,3,0.3939048945903778,0.49165093898773193,,3.55,0.50745445,0.45174673,39.39048767089844
982,982,982,982,982,982,1018,UY: Rivera-Rivera,-30.905277777777776,-55.55055555555556,-30.905277777777776,-55.55055555555556,35855,36997,16,1,1,0.503491997718811,0.4407735764980316,,3.05,0.4766563,0.41665912,41.66591262817383
983,983,983,983,983,983,1019,UY: Canelones-Solymar,-34.82888888888889,-55.96361111111111,-34.82888888888889,-55.96361111111111,184974,35945,5,32,7,0.47174015641212463,0.48443135619163513,,3.2,0.47697607,0.49116433,47.174015045166016
984,984,984,984,984,984,1020,UY: Artigas-Artigas,-30.4,-56.46666666666667,-30.4,-56.46666666666667,243015,30285,16,26,7,0.40850380063056946,0.49634891748428345,,2.8,0.48859465,0.4774083,40.850379943847656
985,985,985,985,985,985,1021,UY: Colonia-Carmelo,-34.0,-58.28388888888889,-34.0,-58.28388888888889,98885,31510,14,22,3,0.48639529943466187,0.4842257797718048,,3.6,0.49181846,0.49966827,48.422576904296875
986,986,986,986,986,986,1022,UY: Paysandu-Paysandu,-32.316944444444445,-58.08055555555556,-32.316944444444445,-58.08055555555556,67243,40906,12,16,10,0.39960628747940063,0.4406317174434662,,3.0526315789473686,0.40717894,0.4701898,39.960628509521484
987,987,987,987,987,987,1023,UY: Maldonado-Pinares Las Delicias,-34.9025,-54.94861111111111,-34.9025,-54.94861111111111,289618,42833,7,22,7,0.45962241291999817,0.5404518246650696,,3.4,0.44271562,0.5288226,44.27156066894531
988,988,988,988,988,988,1024,UY: Maldonado-Canteras de Marelli,-34.843333333333334,-54.94499999999999,-34.843333333333334,-54.94499999999999,21834,30671,6,2,1,0.5047640204429626,0.49784407019615173,,3.4,0.5020733,0.47990584,47.99058532714844
989,989,989,989,989,989,1025,UY: Maldonado-Maldonado,-34.9,-54.95,-34.9,-54.95,179431,29946,7,1,1,0.4538910984992981,0.534536600112915,,3.272727272727273,0.465121,0.545179,45.38911056518555
990,990,990,990,990,990,1026,UY: Maldonado-San Carlos,-34.79111111111111,-54.918055555555554,-34.79111111111111,-54.918055555555554,130001,28608,13,13,6,0.38853123784065247,0.46380358934402466,,3.1,0.45992407,0.44855332,38.85312271118164
991,991,991,991,991,991,1027,UY: San Jose-Delta del Tigre y Villas,-34.766666666666666,-56.38055555555555,-34.766666666666666,-56.38055555555555,71116,87669,5,1,1,0.5343125462532043,0.5229619741439819,,3.6,0.49644557,0.5371449,49.64455795288086
992,992,992,992,992,992,1028,UY: Salto-Salto,-31.383333333333333,-57.96666666666667,-31.383333333333333,-57.96666666666667,203627,26133,31,13,3,0.4169299602508545,0.5101564526557922,,3.125,0.471571,0.5094747,41.692996978759766
993,993,993,993,993,993,1029,UY: Artigas-Artigas rural,-32.78944444444444,-57.44777777777777,-32.78944444444444,-57.44777777777777,2211,36498,21,2,1,0.46482720971107483,0.4980015754699707,,2.8,0.49166456,0.43590403,43.59040069580078
994,994,994,994,994,994,1030,UY: Canelones-Barros Blancos,-34.75222222222222,-56.0025,-34.75222222222222,-56.0025,307664,38422,7,2,2,0.5373021960258484,0.47049951553344727,,3.3,0.4860881,0.43837255,43.83725357055664
995,995,995,995,995,995,1031,UY: Rocha-Chuy,-33.73111111111111,-53.5,-33.73111111111111,-53.5,7858,9556,24,1,1,0.4829738736152649,0.5080367922782898,,2.7777777777777777,0.47201338,0.468062,46.80620193481445
996,996,996,996,996,996,1032,UY: Colonia-Tarariras,-34.26555555555556,-57.61861111111112,-34.26555555555556,-57.61861111111112,704230,108624,12,1,1,0.5016241073608398,0.46720343828201294,,3.0,0.516475,0.4401295,44.01294708251953
997,997,997,997,997,997,1033,UY: Maldonado-Aigua,-34.254444444444445,-54.64333333333333,-34.254444444444445,-54.64333333333333,30297,32903,18,4,2,0.4238872528076172,0.4113937020301819,,3.0,0.39962974,0.38569763,38.56976318359375
998,998,998,998,998,998,1034,UY: Artigas-Pintadito,-30.431944444444447,-56.45666666666667,-30.431944444444447,-56.45666666666667,11425,31653,13,2,1,0.49721768498420715,0.47879183292388916,,2.7,0.4733922,0.46954104,46.954105377197266
999,999,999,999,999,999,1035,UY: Colonia-Juan Lacaze,-34.39194444444444,-57.43194444444444,-34.39194444444444,-57.43194444444444,179186,42400,10,2,2,0.5451693534851074,0.5483276844024658,,3.4,0.54719114,0.49911085,49.91108322143555
1000,1000,1000,1000,1000,1000,1036,UY: San Jose-San Jose de Mayo,-34.337500000000006,-56.71361111111111,-34.337500000000006,-56.71361111111111,64571,21253,14,10,6,0.4252550005912781,0.4862911105155945,,3.2,0.48723805,0.46224424,42.5255012512207
1001,1001,1001,1001,1001,1001,1037,UY: Maldonado-Maldonado Rural,-34.64194444444444,-54.87972222222222,-34.64194444444444,-54.87972222222222,1791,1502,371,3,1,0.49543893337249756,0.47861501574516296,,3.4,0.48277462,0.4190084,41.900840759277344
1002,1002,1002,1002,1002,1002,1038,UY: Durazno-Durazno,-33.38055555555555,-56.52361111111111,-33.38055555555555,-56.52361111111111,31699,42181,8,2,1,0.45670145750045776,0.4800960123538971,,3.5,0.47189063,0.46198565,45.67014694213867
1003,1003,1003,1003,1003,1003,1039,UY: Rocha-San Luis al Medio,-33.60333333333333,-53.71638888888889,-33.60333333333333,-53.71638888888889,1526,10815,46,4,1,0.5357996821403503,0.44977617263793945,,3.090909090909091,0.48151198,0.4449814,44.498138427734375
1004,1004,1004,1004,1004,1004,1040,UY: Soriano-Chacras de Dolores,-33.55416666666667,-58.21083333333333,-33.55416666666667,-58.21083333333333,250959,33177,9,3,1,0.5180237293243408,0.4850218892097473,,3.2,0.51174706,0.5593101,48.50218963623047
1005,1005,1005,1005,1005,1005,1041,UY: Treinta y Tres-Treinta y Tres,-33.233333333333334,-54.38333333333333,-33.233333333333334,-54.38333333333333,56102,31366,13,4,3,0.4137655794620514,0.4982351064682007,,3.375,0.48423365,0.4251924,41.376556396484375
1006,1006,1006,1006,1006,1006,1042,UY: Colonia-Colonia rural,-34.71666666666667,-55.95,-34.71666666666667,-55.95,84698,40971,2,4,1,0.49714386463165283,0.48251214623451233,,3.4,0.4651876,0.42801812,42.80181121826172
1007,1007,1007,1007,1007,1007,1043,UY: Rio Negro-Young,-32.69833333333333,-57.626666666666665,-32.69833333333333,-57.626666666666665,364982,32416,21,2,1,0.47724422812461853,0.4830867350101471,,3.0,0.47981498,0.4437793,44.3779296875
1008,1008,1008,1008,1008,1008,1044,UY: San Jose-San Jose Rural,-34.64194444444444,-54.87972222222222,-34.64194444444444,-54.87972222222222,1791,1502,371,3,1,0.49543121457099915,0.47861501574516296,,3.333333333333333,0.48277503,0.41901004,41.901004791259766
1009,1009,1009,1009,1009,1009,1045,UY: Maldonado-Piriapolis,-34.809999999999995,-55.25861111111111,-34.809999999999995,-55.25861111111111,765,5228,27,1,1,0.4323626458644867,0.4432511329650879,,3.4285714285714284,0.4766242,0.5162065,43.236263275146484
1010,1010,1010,1010,1010,1010,1046,UY: Rivera-Mandubi,-30.931944444444447,-55.55722222222222,-30.931944444444447,-55.55722222222222,403075,34354,14,3,1,0.5445907711982727,0.4846993386745453,,3.1,0.5181426,0.45459944,45.45994567871094
1011,1011,1011,1011,1011,1011,1047,UY: Florida-Veinticinco de Agosto,-34.41166666666666,-56.40222222222222,-34.41166666666666,-56.40222222222222,267389,32807,5,2,1,0.5052169561386108,0.48835375905036926,,3.0,0.51178247,0.4492945,44.92945098876953
1012,1012,1012,1012,1012,1012,1048,UY: Tacuarembo-Tacuarembo,-31.716944444444444,-55.98111111111111,-31.716944444444444,-55.98111111111111,20143,25099,12,10,1,0.4565015137195587,0.47513195872306824,,3.05,0.49323437,0.43786755,43.7867546081543
1013,1013,1013,1013,1013,1013,1049,UY: Rivera-Vichadero,-31.766944444444444,-54.61694444444444,-31.766944444444444,-54.61694444444444,11417,3712,46,3,2,0.4513455629348755,0.45937228202819824,,2.9,0.47236845,0.4600268,45.13455581665039
1014,1014,1014,1014,1014,1014,1050,UY: Artigas-Bella Union,-30.259444444444444,-57.59916666666667,-30.259444444444444,-57.59916666666667,112394,20863,18,5,2,0.4664108157157898,0.48756924271583557,,2.9,0.5011369,0.5214462,46.641082763671875
1015,1015,1015,1015,1015,1015,1051,UY: Soriano-Cardona,-33.85888888888889,-57.23805555555556,-33.85888888888889,-57.23805555555556,27931,35728,8,1,1,0.528346836566925,0.516992449760437,,3.4,0.54283285,0.44180655,44.18065643310547
1016,1016,1016,1016,1016,1016,1052,VE: Zulia-San Francisco,10.558055555555557,-71.72777777777777,10.558055555555557,-71.72777777777777,4362,9453,106,12,10,0.5483261346817017,0.4549100399017334,,3.391304347826087,0.47685263,0.44644654,44.6446533203125
1017,1017,1017,1017,1017,1017,1053,VE: Zulia-Maracaibo,10.66638888888889,-71.61222222222221,10.66638888888889,-71.61222222222221,90699,88392,8,174,57,0.4550088942050934,0.5043042898178101,,3.102564102564102,0.3907989,0.4706623,39.079891204833984
1018,1018,1018,1018,1018,1018,1054,VE: Vargas-Vargas,10.566666666666666,-66.9,10.566666666666666,-66.9,6492,3980,24,8,1,0.45158877968788147,0.4413762092590332,,3.176470588235294,0.42162845,0.46911162,42.162845611572266
1019,1019,1019,1019,1019,1019,1055,VE: Carabobo-Guacara,10.225833333333334,-67.87694444444443,10.225833333333334,-67.87694444444443,47849,30035,36,62,22,0.437068909406662,0.47949421405792236,,3.0,0.4870759,0.46871018,43.70689010620117
1020,1020,1020,1020,1020,1020,1056,VE: Anzoategui-Juan Antonio Sotillo,10.216666666666669,-64.61666666666666,10.216666666666669,-64.61666666666666,43555,24045,22,1,1,0.5726767182350159,0.4973381459712982,,3.411764705882353,0.46215263,0.51406485,46.21526336669922
1021,1021,1021,1021,1021,1021,1057,VE: Anzoategui-Simon Bolivar,10.136111111111113,-64.68611111111112,10.136111111111113,-64.68611111111112,62657,60738,28,37,16,0.47402679920196533,0.4792320728302002,,3.32,0.5106075,0.527975,47.402679443359375
1022,1022,1022,1022,1022,1022,1058,VE: Distrito Capital-Libertador de Caracas,10.487777777777778,-66.87916666666666,10.487777777777778,-66.87916666666666,11006,11748,64,317,62,0.46805596351623535,0.4683650732040405,,3.2717391304347827,0.45637557,0.4395019,43.950191497802734
1023,1023,1023,1023,1023,1023,1059,VE: Lara-Iribarren,10.064444444444446,-69.35694444444444,10.064444444444446,-69.35694444444444,71339,70309,13,124,27,0.575888454914093,0.49143683910369873,,3.4761904761904763,0.4392928,0.5476481,43.92927932739258
1024,1024,1024,1024,1024,1024,1060,VE: Carabobo-Los Guayos,10.183333333333334,-67.93611111111112,10.183333333333334,-67.93611111111112,16122,9299,18,152,29,0.47958695888519287,0.4972434341907501,,3.125,0.49866772,0.4757018,47.57018280029297
1025,1025,1025,1025,1025,1025,1061,VE: Trujillo-Valera,9.317777777777778,-70.6036111111111,9.317777777777778,-70.6036111111111,19226,18079,31,196,45,0.489989697933197,0.44825664162635803,,3.2857142857142856,0.44088227,0.4143678,41.4367790222168
1026,1026,1026,1026,1026,1026,1062,VE: Miranda-Guaicaipuro,10.344444444444443,-67.04305555555555,10.344444444444443,-67.04305555555555,77204,76538,29,127,30,0.4526432454586029,0.43500518798828125,,3.7142857142857135,0.43231884,0.42515105,42.515106201171875
1027,1027,1027,1027,1027,1027,1063,VE: Portuguesa-Agua Blanca,9.661388888888888,-69.10749999999999,9.661388888888888,-69.10749999999999,109578,146707,21,27,5,0.4420635998249054,0.48400869965553284,,3.142857142857143,0.525957,0.4587933,44.20635986328125
1028,1028,1028,1028,1028,1028,1064,VE: Aragua-Girardot,10.235277777777776,-67.5911111111111,10.235277777777776,-67.5911111111111,27547,20331,48,93,19,0.48352065682411194,0.45921751856803894,,3.071428571428572,0.4498212,0.46925044,44.982120513916016
1029,1029,1029,1029,1029,1029,1065,VE: Monagas-Ezequiel Zamora,9.69111111111111,-63.60916666666667,9.69111111111111,-63.60916666666667,22948,11666,76,57,6,0.4442175626754761,0.4434136748313904,,3.125,0.45895892,0.42750174,42.75017547607422
1030,1030,1030,1030,1030,1030,1066,VE: Cojedes-Tinaquillo,9.91861111111111,-68.30472222222222,9.91861111111111,-68.30472222222222,34898,40969,15,167,53,0.4464934766292572,0.4802091121673584,,2.857142857142857,0.49981844,0.42206275,42.206275939941406
1031,1031,1031,1031,1031,1031,1067,VE: Lara-Palavecino,10.010277777777778,-69.24138888888889,10.010277777777778,-69.24138888888889,49854,49990,18,34,10,0.49694833159446716,0.4759122431278229,,3.4285714285714284,0.4849272,0.4294625,42.946250915527344
1032,1032,1032,1032,1032,1032,1068,VE: Portuguesa-Araure,9.581388888888888,-69.23833333333333,9.581388888888888,-69.23833333333333,70517,70191,3,14,9,0.4905930757522583,0.5312988758087158,,3.142857142857143,0.5359376,0.485836,48.58359909057617
1033,1033,1033,1033,1033,1033,1069,VE: Aragua-Zamora,10.066666666666666,-67.5,10.066666666666666,-67.5,9732,7365,14,2,1,0.44584912061691284,0.49110451340675354,,2.857142857142857,0.4896472,0.4318304,43.183040618896484
1034,1034,1034,1034,1034,1034,1070,VE: Carabobo-Naguanagua,10.256388888888887,-68.01888888888888,10.256388888888887,-68.01888888888888,60584,43974,21,201,39,0.40679609775543213,0.44638460874557495,,2.3,0.45972362,0.45309252,40.67961120605469
1035,1035,1035,1035,1035,1035,1071,VE: Miranda-Chacao,10.495555555555557,-66.8536111111111,10.495555555555557,-66.8536111111111,34249,26264,31,819,275,0.4385136663913727,0.4585696756839752,,3.4285714285714284,0.43511778,0.46217754,43.51177978515625
1036,1036,1036,1036,1036,1036,1072,VE: Lara-Simon planas,9.781111111111112,-69.16305555555556,9.781111111111112,-69.16305555555556,131723,137606,12,27,6,0.5104465484619141,0.4595795273780823,,3.571428571428572,0.46945405,0.4448319,44.483192443847656
1037,1037,1037,1037,1037,1037,1073,VE: Carabobo-Valencia,10.161944444444444,-68.0075,10.161944444444444,-68.0075,40393,35868,54,110,30,0.4333115816116333,0.4245019257068634,,3.0625,0.43198314,0.46174848,42.450191497802734
1038,1038,1038,1038,1038,1038,1074,VE: Miranda-Sucre,10.476666666666668,-66.80777777777777,10.476666666666668,-66.80777777777777,27692,17699,29,127,30,0.50471431016922,0.44543883204460144,,3.5,0.4409068,0.45066604,44.09067916870117
1039,1039,1039,1039,1039,1039,1075,VE: Portuguesa-Paez,9.554444444444446,-69.19555555555556,9.554444444444446,-69.19555555555556,42622,47157,48,12,9,0.47487831115722656,0.44717761874198914,,2.7,0.46467018,0.4746644,44.7177619934082
1040,1040,1040,1040,1040,1040,1076,VE: Aragua-Jose Felix Ribas,10.226666666666668,-67.33111111111111,10.226666666666668,-67.33111111111111,21696,19035,39,136,39,0.4835078716278076,0.4774591326713562,,2.9285714285714284,0.46512067,0.45280778,45.28077697753906
1041,1041,1041,1041,1041,1041,1077,VE: Miranda-Baruta,10.434166666666666,-66.87555555555555,10.434166666666666,-66.87555555555555,12133,4210,59,115,30,0.525104820728302,0.4515898525714874,,3.647058823529412,0.4185756,0.44290662,41.85756301879883
1042,1042,1042,1042,1042,1042,1079,VE: Lara-Crespo,10.3,-69.16666666666667,10.3,-69.16666666666667,18913,14120,22,11,5,0.4725198745727539,0.4598478674888611,,2.857142857142857,0.44926617,0.41163382,41.16338348388672
1043,1043,1043,1043,1043,1043,1080,VE: Anzoategui-Francisco del Carmen Carvajal,9.91,-65.6738888888889,9.91,-65.6738888888889,1788,1296,25,1,1,0.4340023696422577,0.44861122965812683,,3.142857142857143,0.47222015,0.49005353,43.400238037109375
1044,1044,1044,1044,1044,1044,1081,VE: Portuguesa-Turen,9.166666666666666,-68.83333333333333,9.166666666666666,-68.83333333333333,1968,1416,76,4,2,0.46492278575897217,0.5292141437530518,,3.75,0.49630153,0.4513027,45.130271911621094
1045,1045,1045,1045,1045,1045,1082,VE: Carabobo-Diego Ibarra,10.296388888888888,-67.71805555555555,10.296388888888888,-67.71805555555555,4176,394,146,12,3,0.45667585730552673,0.525349497795105,,3.4285714285714284,0.48741633,0.4907265,45.66758728027344
1046,1046,1046,1046,1046,1046,1083,VE: Trujillo-Pampan,9.444722222222222,-70.4775,9.444722222222222,-70.4775,5188,3403,47,400,8,0.43420687317848206,0.3915770649909973,,3.5,0.41557202,0.41359678,39.15770721435547
1047,1047,1047,1047,1047,1047,1084,VE: Zulia-Jesus Enrique Lossada,10.620555555555557,-71.83638888888889,10.620555555555557,-71.83638888888889,22085,19859,14,85,22,0.4501449167728424,0.435481458902359,,2.7857142857142856,0.41979143,0.39518487,39.51848602294922
1048,1048,1048,1048,1048,1048,1085,VE: Carabobo-San Diego,10.25611111111111,-67.9538888888889,10.25611111111111,-67.9538888888889,46827,41027,20,97,21,0.5624635815620422,0.4875824451446533,,2.7142857142857144,0.47627056,0.4794156,47.62705612182617
1049,1049,1049,1049,1049,1049,1086,VE: Miranda-Urdaneta,10.162222222222224,-66.88222222222221,10.162222222222224,-66.88222222222221,8518,2454,66,44,21,0.43304207921028137,0.4444912075996399,,2.857142857142857,0.4456702,0.4108749,41.08749008178711
1050,1050,1050,1050,1050,1050,1087,VE: Miranda-Lander,10.118055555555555,-66.775,10.118055555555555,-66.775,9909,7854,91,35,13,0.4659792184829712,0.40907976031303406,,3.142857142857143,0.4354325,0.4109124,40.90797424316406
1051,1051,1051,1051,1051,1051,1088,VE: Carabobo-Carlos Arvelo,10.086111111111112,-67.91972222222223,10.086111111111112,-67.91972222222223,9279,6110,109,35,3,0.4812566637992859,0.41230255365371704,,3.142857142857143,0.44059223,0.41870296,41.230255126953125
1052,1052,1052,1052,1052,1052,1089,VE: Miranda-Plaza,10.470277777777778,-66.61916666666666,10.470277777777778,-66.61916666666666,38560,45761,18,90,33,0.48625293374061584,0.47129330039024353,,3.4,0.46265712,0.43893662,43.89366149902344
1053,1053,1053,1053,1053,1053,1090,VE: Zulia-Lagunillas,10.201388888888888,-71.31472222222222,10.201388888888888,-71.31472222222222,110434,98220,4,202,58,0.43584683537483215,0.465782105922699,,3.6666666666666665,0.47410893,0.47221702,43.58468246459961
1054,1054,1054,1054,1054,1054,1091,VE: Portuguesa-Guanare,9.041666666666666,-69.74194444444444,9.041666666666666,-69.74194444444444,78010,81308,10,85,20,0.4940433204174042,0.46726104617118835,,3.2,0.4826921,0.44208118,44.2081184387207
1055,1055,1055,1055,1055,1055,1092,VE: Miranda-Los Salias,10.388333333333334,-66.95166666666667,10.388333333333334,-66.95166666666667,33379,24524,19,3,3,0.4986482560634613,0.44594889879226685,,3.0,0.4680113,0.44018468,44.01846694946289
1056,1056,1056,1056,1056,1056,1093,VE: Carabobo-Libertador,10.114444444444445,-68.06555555555555,10.114444444444445,-68.06555555555555,27464,28887,6,50,16,0.48614832758903503,0.46000516414642334,,3.571428571428572,0.46063638,0.47362798,46.00051498413086
1057,1057,1057,1057,1057,1057,1094,VE: Portuguesa-Villa Bruzual,9.331666666666669,-69.11944444444444,9.331666666666669,-69.11944444444444,20166,13740,45,11,4,0.4983258843421936,0.5327922105789185,,3.4285714285714284,0.5730954,0.4587284,45.872840881347656
1058,1058,1058,1058,1058,1058,1095,VE: Miranda-Carrizal,10.351388888888888,-66.99333333333334,10.351388888888888,-66.99333333333334,24067,33220,77,28,17,0.49933838844299316,0.4493449032306671,,3.142857142857143,0.47072136,0.42257792,42.25779342651367
1059,1059,1059,1059,1059,1059,1096,VE: Merida-Libertador,8.589722222222223,-71.15611111111112,8.589722222222223,-71.15611111111112,49310,52321,30,252,54,0.5041971206665039,0.44035524129867554,,3.071428571428572,0.4516887,0.4433066,44.0355224609375
1060,1060,1060,1060,1060,1060,1097,VE: Carabobo-Puerto Cabello,10.473055555555556,-68.0125,10.473055555555556,-68.0125,40559,36930,25,167,56,0.5737448334693909,0.5682864189147949,,3.142857142857143,0.5745283,0.52313167,52.313167572021484
1061,1061,1061,1061,1061,1061,1098,VE: Miranda-Independencia,10.2,-66.6,10.2,-66.6,4048,13547,35,26,2,0.42084017395973206,0.4313448369503021,,2.8,0.43977174,0.40131542,40.13154220581055
1062,1062,1062,1062,1062,1062,1099,VE: Zulia-La Canada de Urdaneta,10.477777777777778,-71.99472222222222,10.477777777777778,-71.99472222222222,8621,12544,9,2,1,0.4434409737586975,0.4654887616634369,,3.571428571428572,0.4761635,0.41428033,41.42803192138672
1063,1063,1063,1063,1063,1063,1100,VE: Miranda-Zamora,10.473888888888888,-66.54222222222222,10.473888888888888,-66.54222222222222,11435,10960,35,107,27,0.5191529989242554,0.4738251864910126,,3.4,0.46707273,0.4406095,44.060951232910156
1064,1064,1064,1064,1064,1064,1101,VE: Miranda-Cristobal Rojas,10.24222222222222,-66.85722222222222,10.24222222222222,-66.85722222222222,52958,53162,36,408,74,0.5242196917533875,0.42920610308647156,,3.2857142857142856,0.45441076,0.40866458,40.866458892822266
1065,1065,1065,1065,1065,1065,1102,VE: Aragua-Sucre,10.24972222222222,-67.64916666666667,10.24972222222222,-67.64916666666667,37382,11214,7,2,1,0.547778308391571,0.5254155397415161,,3.4285714285714284,0.5326252,0.50430405,50.43040466308594
1066,1066,1066,1066,1066,1066,1103,VE: Aragua-Santiago Marino,10.228333333333332,-67.47416666666666,10.228333333333332,-67.47416666666666,66171,67955,22,260,60,0.5037674903869629,0.4729635715484619,,3.142857142857143,0.45756003,0.45221502,45.221500396728516
1067,1067,1067,1067,1067,1067,1104,VE: Anzoategui-Guanta,10.234444444444444,-64.59527777777777,10.234444444444444,-64.59527777777777,7803,5911,39,21,4,0.48674851655960083,0.520248532295227,,3.4285714285714284,0.53050363,0.50535005,48.67485046386719
1068,1068,1068,1068,1068,1068,1105,VE: Anzoategui-Juan Manuel Cajigal,9.596944444444444,-65.19333333333334,9.596944444444444,-65.19333333333334,2655,414,133,5,4,0.44414791464805603,0.47547170519828796,,4.0,0.5040773,0.44426715,44.414791107177734
1069,1069,1069,1069,1069,1069,1106,VE: Yaracuy-San Felipe,10.339722222222225,-68.74222222222222,10.339722222222225,-68.74222222222222,63330,69357,20,84,27,0.43130388855934143,0.45298072695732117,,3.0,0.4308714,0.43532732,43.08713912963867
1070,1070,1070,1070,1070,1070,1107,VE: Lara-Torres,10.172777777777776,-70.08083333333333,10.172777777777776,-70.08083333333333,86918,77403,27,30,16,0.4793483316898346,0.4556974768638611,,3.4285714285714284,0.47609413,0.41291288,41.29128646850586
1071,1071,1071,1071,1071,1071,1108,VE: Lara-Andres Eloy Blanco,9.751388888888888,-69.65305555555557,9.751388888888888,-69.65305555555557,7589,8696,30,108,14,0.4593898355960846,0.4298449456691742,,3.4285714285714284,0.4279656,0.4386932,42.79656219482422
1072,1072,1072,1072,1072,1072,1109,VE: Merida-Campo Elias,8.546388888888888,-71.24083333333333,8.546388888888888,-71.24083333333333,25858,23349,33,68,16,0.49186617136001587,0.45092669129371643,,3.6666666666666665,0.47056526,0.44046617,44.04661560058594
1073,1073,1073,1073,1073,1073,1110,VE: Lara-Jimenez,9.8,-69.58333333333333,9.8,-69.58333333333333,2504,3908,155,19,3,0.5486168265342712,0.4295429587364197,,3.333333333333333,0.45386207,0.44988778,42.95429611206055
1074,1074,1074,1074,1074,1074,1111,VE: Miranda-El Hatillo,10.423888888888888,-66.82555555555555,10.423888888888888,-66.82555555555555,64889,53386,14,221,38,0.47396957874298096,0.4327526092529297,,4.0,0.43870306,0.42089555,42.08955383300781
1075,1075,1075,1075,1075,1075,1112,VE: Bolivar-Caroni,8.351111111111111,-62.64083333333333,8.351111111111111,-62.64083333333333,3534,2370,62,53,7,0.4146275520324707,0.46729540824890137,,2.8974358974358974,0.47883826,0.5017663,41.46275329589844
1076,1076,1076,1076,1076,1076,1113,VE: Apure-Achaguas,7.779166666666667,-68.22361111111111,7.779166666666667,-68.22361111111111,5458,2317,111,20,6,0.4520319402217865,0.4342840313911438,,3.142857142857143,0.433664,0.39296553,39.29655075073242
1077,1077,1077,1077,1077,1077,1114,VE: Falcon-Carirubana,11.658055555555556,-70.215,11.658055555555556,-70.215,1946,421,174,6,6,0.5052194595336914,0.5421002507209778,,2.7586206896551726,0.508084,0.5594838,50.52194595336914
1078,1078,1078,1078,1078,1078,1115,VE: Miranda-Paz Castillo,10.333333333333334,-66.66666666666667,10.333333333333334,-66.66666666666667,1221,1462,47,6,1,0.439985990524292,0.42312830686569214,,3.0,0.37609535,0.41529286,37.609535217285156
1079,1079,1079,1079,1079,1079,1116,VE: Barinas-Antonio Jose De Sucre,8.230555555555556,-70.82194444444444,8.230555555555556,-70.82194444444444,65544,63561,25,18,9,0.4641328454017639,0.43871352076530457,,3.615384615384616,0.42675224,0.39108124,39.108123779296875
1080,1080,1080,1080,1080,1080,1117,VE: Apure-San Fernando,7.887777777777776,-67.47222222222223,7.887777777777776,-67.47222222222223,134144,137724,45,100,20,0.4347536563873291,0.5262882709503174,,2.875,0.49781924,0.44160348,43.475364685058594
1081,1081,1081,1081,1081,1081,1118,VE: Bolivar-Heres,8.129166666666666,-63.54083333333333,8.129166666666666,-63.54083333333333,102531,93477,38,755,30,0.5000960826873779,0.5043665170669556,,2.703703703703704,0.4854477,0.49524117,48.544769287109375
1082,1082,1082,1082,1082,1082,1119,VE: Falcon-Falcon,11.0,-69.83333333333333,11.0,-69.83333333333333,5716,241,56,1,1,0.3790450990200043,0.42710232734680176,,2.571428571428572,0.44477597,0.3952582,37.904510498046875
1083,1083,1083,1083,1083,1083,1120,VE: Barinas-Bolivar,8.759722222222223,-70.41444444444446,8.759722222222223,-70.41444444444446,91640,90405,9,26,9,0.449143648147583,0.4264583885669708,,3.5,0.4407632,0.39569315,39.56931686401367
1084,1084,1084,1084,1084,1084,1121,VE: Barinas-Barinas,8.6225,-70.2075,8.6225,-70.2075,80246,65626,28,45,17,0.46947696805000305,0.47485658526420593,,3.7142857142857135,0.45785698,0.45664617,45.664615631103516
1085,1085,1085,1085,1085,1085,1122,VE: Guarico-Jose Tadeo Monagas,9.86,-66.38138888888888,9.86,-66.38138888888888,2372,1102,112,87,12,0.45707762241363525,0.45926347374916077,,3.523809523809524,0.46679646,0.40192938,40.19293975830078
1086,1086,1086,1086,1086,1086,1123,VE: Barinas-Pedraza,8.353055555555555,-70.56972222222223,8.353055555555555,-70.56972222222223,21403,23718,16,38,9,0.4356750249862671,0.46336814761161804,,3.3,0.46813247,0.40031365,40.03136444091797
1087,1087,1087,1087,1087,1087,1124,VE: Falcon-Colina,11.283333333333331,-69.41666666666667,11.283333333333331,-69.41666666666667,376,1422,725,1,1,0.4425910711288452,0.4429508149623871,,3.142857142857143,0.43350625,0.508857,43.350624084472656
1088,1088,1088,1088,1088,1088,1125,VE: Guarico-Juan German Roscio,9.911388888888888,-67.3536111111111,9.911388888888888,-67.3536111111111,4351,3553,67,102,21,0.45701760053634644,0.4479075074195862,,2.875,0.48438233,0.43087384,43.08738327026367
1089,1089,1089,1089,1089,1089,1126,VE: Monagas-Maturin,9.745555555555557,-63.18305555555556,9.745555555555557,-63.18305555555556,13513,9831,48,128,35,0.46709945797920227,0.41742151975631714,,3.186046511627907,0.39110398,0.41085008,39.11039733886719
1090,1090,1090,1090,1090,1090,1127,VE: Sucre-Sucre,10.463888888888889,-64.17833333333334,10.463888888888889,-64.17833333333334,30827,22751,51,82,30,0.46013903617858887,0.506496012210846,,2.409090909090909,0.51730925,0.5555191,46.0139045715332
1091,1091,1091,1091,1091,1091,1128,VE: Sucre-Montes,10.25,-63.91666666666666,10.25,-63.91666666666666,2732,369,251,6,2,0.49607983231544495,0.4593539535999298,,3.4285714285714284,0.4807072,0.4092591,40.92591094970703
1092,1092,1092,1092,1092,1092,1129,VE: Yaracuy-Cocorote,10.319444444444445,-68.78277777777778,10.319444444444445,-68.78277777777778,33863,40565,29,41,14,0.43066421151161194,0.46867629885673523,,3.2857142857142856,0.44877097,0.44448853,43.06642150878906
1093,1093,1093,1093,1093,1093,1130,VE: Guarico-Leonardo Infante,9.215277777777777,-66.00722222222223,9.215277777777777,-66.00722222222223,7298,3780,143,21,11,0.4278430640697479,0.44701579213142395,,3.142857142857143,0.4612016,0.44764414,42.784305572509766
1094,1094,1094,1094,1094,1094,1131,VE: Sucre-Bolivar,6.0,-64.25,6.0,-64.25,116475,5352,200,1,1,0.3909294307231903,0.42874619364738464,,2.7142857142857144,0.42130968,0.43628314,39.09294128417969
