,Unnamed: 0.4,Unnamed: 0.3,Unnamed: 0.2,Unnamed: 0.1,Unnamed: 0,City,Latitude,Longitude,Latitude_num,Longitude_num,avg_d_kbps,avg_u_kbps,avg_lat_ms,tests,devices,Desigualdad_1km,Desigualdad_10km,Diferencia,P1ST
0,0,0,0,0,0,AR: Capital Federal-Ciudad de Buenos Aires,-34.613055555555555,-58.37722222222222,-34.613055555555555,-58.37722222222222,174489,50109,12,283,81,0.6095072627067566,0.5791844129562378,0.0303228497505188,3.1545454545454548
1,1,1,1,1,1,AR: Buenos Aires-La Matanza,-34.75,-58.583333333333336,-34.75,-58.583333333333336,139456,134237,8,10,4,0.6436538696289062,0.5697792768478394,0.0738745927810669,2.45
2,2,2,2,2,2,AR: Buenos Aires-Lomas de Zamora,-34.75,-58.41666666666666,-34.75,-58.41666666666666,75651,54152,7,13,9,0.6493676900863647,0.3423120975494385,0.3070555925369262,2.85
3,3,3,3,3,3,AR: Buenos Aires-Quilmes,-34.72055555555556,-58.254444444444445,-34.72055555555556,-58.254444444444445,145636,50848,14,224,83,0.4532660245895386,0.6476409435272217,0.1943749189376831,2.85
4,4,4,4,4,4,AR: Buenos Aires-Lanus,-34.666666666666664,-58.41666666666666,-34.666666666666664,-58.41666666666666,182088,107983,7,10,4,0.5807427167892456,0.8666562438011169,0.2859135270118713,2.8
5,5,5,5,5,5,AR: Buenos Aires-Almirante Brown,-34.833333333333336,-58.333333333333336,-34.833333333333336,-58.333333333333336,18633,19303,2,1,1,0.664492130279541,0.6681371927261353,0.0036450624465942,2.8
6,6,6,6,6,6,AR: Buenos Aires-Merlo,-34.665277777777774,-58.727222222222224,-34.665277777777774,-58.727222222222224,156281,43445,12,44,24,0.5481895804405212,0.7510796785354614,0.2028900980949401,3.1
7,7,7,7,7,7,AR: Buenos Aires-General San Martin,-34.573055555555555,-58.54083333333333,-34.573055555555555,-58.54083333333333,133509,47155,16,190,53,0.3589332401752472,0.649440348148346,0.2905071079730987,3.6
8,8,8,8,8,8,AR: Buenos Aires-Avellaneda,-34.666666666666664,-58.333333333333336,-34.666666666666664,-58.333333333333336,14712,16043,18,7,2,0.7202408313751221,0.6660428643226624,0.0541979670524597,2.8
9,9,9,9,9,9,AR: Buenos Aires-San Isidro,-34.49,-58.530277777777776,-34.49,-58.530277777777776,170140,53193,9,46,20,0.9447473287582396,0.7173231244087219,0.2274242043495178,3.4
10,10,10,10,10,10,AR: Buenos Aires-Tres de Febrero,-34.599722222222226,-58.56583333333333,-34.599722222222226,-58.56583333333333,172651,24921,13,27,13,0.5161727666854858,0.610959529876709,0.0947867631912231,3.0
11,11,11,11,11,11,AR: Buenos Aires-Moron,-34.651111111111106,-58.621944444444445,-34.651111111111106,-58.621944444444445,151667,53139,11,129,37,0.5063022375106812,0.534375786781311,0.0280735492706298,2.4
12,12,12,12,12,12,AR: Buenos Aires-Moreno,-34.55916666666666,-58.78861111111111,-34.55916666666666,-58.78861111111111,8848,5895,16,6,3,0.7062500715255737,0.6881694793701172,0.0180805921554565,1.9
13,13,13,13,13,13,AR: Buenos Aires-Vicente Lopez,-34.52333333333333,-58.47416666666667,-34.52333333333333,-58.47416666666667,166935,51782,10,85,22,0.7171972990036011,0.967632532119751,0.2504352331161499,3.2
14,14,14,14,14,14,AR: Buenos Aires-Florencio Varela,-34.833333333333336,-58.25,-34.833333333333336,-58.25,211,389,14,1,1,0.6453808546066284,0.6171211004257202,0.0282597541809082,2.6
15,15,15,15,15,15,AR: Buenos Aires-Tigre,-34.49444444444445,-58.62722222222222,-34.49444444444445,-58.62722222222222,104542,29313,12,40,18,0.4924207925796509,0.7720489501953125,0.2796281576156616,3.1
16,16,16,16,16,16,AR: Buenos Aires-Berazategui,-34.765277777777776,-58.21277777777778,-34.765277777777776,-58.21277777777778,202532,129505,8,43,10,0.5060124397277832,0.5333844423294067,0.0273720026016235,2.8
17,17,17,17,17,17,AR: Buenos Aires-Malvinas Argentinas,-34.5075,-58.69555555555555,-34.5075,-58.69555555555555,114048,84432,8,25,9,0.5127341151237488,0.5314677953720093,0.0187336802482604,2.8
18,18,18,18,18,18,AR: Buenos Aires-San Miguel (GBA),-34.54333333333333,-58.71222222222222,-34.54333333333333,-58.71222222222222,123026,82869,11,44,16,0.5404992699623108,0.4102478325366974,0.1302514374256134,3.0
19,19,19,19,19,19,AR: Buenos Aires-Esteban Echeverria,-34.81916666666667,-58.465833333333336,-34.81916666666667,-58.465833333333336,188269,83317,12,48,20,0.5196629762649536,0.5547806024551392,0.0351176261901855,2.4
20,20,20,20,20,20,AR: Buenos Aires-Jose C. Paz,-34.51972222222222,-58.76555555555556,-34.51972222222222,-58.76555555555556,116867,78125,11,38,6,0.7504149675369263,0.6123870611190796,0.1380279064178466,3.3
21,21,21,21,21,21,AR: Buenos Aires-Pilar,-34.45861111111111,-58.91388888888888,-34.45861111111111,-58.91388888888888,97462,34305,11,24,12,0.5259486436843872,0.68114173412323,0.1551930904388427,3.2
22,22,22,22,22,22,AR: Buenos Aires-Hurlingham (GBA),-34.59027777777778,-58.62888888888889,-34.59027777777778,-58.62888888888889,123673,24729,12,46,17,0.632225513458252,0.6857532858848572,0.0535277724266052,2.7
23,23,23,23,23,23,AR: Buenos Aires-Escobar,-34.333333333333336,-58.75,-34.333333333333336,-58.75,156774,99260,6,29,9,0.7591302394866943,0.7640369534492493,0.0049067139625549,2.7
24,24,24,24,24,24,AR: Buenos Aires-San Fernando,-34.445277777777775,-58.54194444444444,-34.445277777777775,-58.54194444444444,124783,32504,23,70,31,0.7375991344451904,0.7624788284301758,0.0248796939849853,3.1
25,25,25,25,25,25,AR: Buenos Aires-Ituzaingo,-34.66027777777778,-58.66611111111111,-34.66027777777778,-58.66611111111111,177147,91921,9,49,16,0.4916950166225433,0.610326886177063,0.1186318695545196,2.7
26,26,26,26,26,26,AR: Buenos Aires-Ezeiza,-34.82222222222222,-58.53583333333333,-34.82222222222222,-58.53583333333333,4144,1928,10,1,1,0.7375360727310181,0.7586697340011597,0.0211336612701416,2.7
27,27,27,27,27,27,AR: Salta-Salta,-24.785833333333336,-65.41166666666668,-24.785833333333336,-65.41166666666668,85220,27662,26,352,49,0.4605242609977722,0.4933170974254608,0.0327928364276886,3.0689655172413794
28,28,28,28,28,28,AR: Jujuy-Gran San Salvador de Jujuy,-23.75,-65.5,-23.75,-65.5,3083,2247,31,2,2,0.7257987260818481,0.7999513745307922,0.074152648448944,2.85
29,29,29,29,29,29,AR: Santiago del Estero-Santiago del Estero,-28.0,-63.5,-28.0,-63.5,7594,773,20,1,1,0.3604529201984405,0.4118940830230713,0.0514411628246307,3.3
30,30,30,30,30,30,AR: San Fernando del Valle de Catamarca,-28.46944444444444,-65.785,-28.46944444444444,-65.785,30421,13059,23,4,3,0.5788408517837524,0.4621418714523315,0.1166989803314209,3.2
31,31,31,31,31,31,AR: Salta-San Ramon de la Nueva Oran,-23.136944444444445,-64.32416666666666,-23.136944444444445,-64.32416666666666,51413,39220,58,41,10,0.480162501335144,0.902657389640808,0.422494888305664,3.0
32,32,32,32,32,32,AR: Jujuy-Ledesma-Libertador General San Martin,-23.81305555555556,-64.79333333333334,-23.81305555555556,-64.79333333333334,4539,1199,26,9,2,0.5406368970870972,0.837425947189331,0.2967890501022339,3.4
33,33,33,33,33,33,AR: Catamarca-Santa Maria,-26.666666666666668,-66.41666666666667,-26.666666666666668,-66.41666666666667,528,898,673,2,1,0.5692806243896484,0.6111303567886353,0.0418497323989868,2.5
34,34,34,34,34,34,AR: Tucuman-Delfin Gallo - La Florida,-26.816666666666663,-65.13333333333333,-26.816666666666663,-65.13333333333333,202542,141473,3,9,5,0.7041429877281189,0.693482518196106,0.0106604695320129,2.6
35,35,35,35,35,36,AR: Chaco-Presidencia Roque Saenz Pena,-26.79083333333333,-60.44111111111111,-26.79083333333333,-60.44111111111111,97486,74503,94,9,6,0.5810518264770508,0.5402682423591614,0.0407835841178894,3.3157894736842106
36,36,36,36,36,37,AR: Corrientes-Goya,-29.139722222222225,-59.263333333333335,-29.139722222222225,-59.263333333333335,80288,48367,25,49,12,0.5901380777359009,0.6938785314559937,0.1037404537200927,3.2
37,37,37,37,37,38,AR: Misiones-Puerto Iguazu,-25.598888888888887,-54.57333333333334,-25.598888888888887,-54.57333333333334,83567,67001,29,62,30,0.647493839263916,0.9220166802406312,0.2745228409767151,2.6
38,38,38,38,38,39,AR: Misiones-Leandro N. Alem,-27.566666666666663,-55.333333333333336,-27.566666666666663,-55.333333333333336,33422,22039,16,1,1,0.6993848085403442,0.4282959699630737,0.2710888385772705,3.0
39,39,39,39,39,40,AR: Formosa-Las Lomitas,-24.7,-60.583333333333336,-24.7,-60.583333333333336,3194,2659,21,1,1,0.6497056484222412,0.6157187223434448,0.0339869260787963,2.7
40,40,40,40,40,41,AR: Chaco-Puerto Vilelas,-27.51083333333333,-58.94166666666666,-27.51083333333333,-58.94166666666666,7782,798,23,2,2,0.7234264016151428,0.9552199244499208,0.2317935228347778,3.1
41,41,41,41,41,42,AR: Cordoba-San Roque,-31.37333333333333,-64.4675,-31.37333333333333,-64.4675,10746,4162,21,8,3,0.171226292848587,0.7887369394302368,0.6175106763839722,2.8
42,42,42,42,42,43,AR: Neuquen-Neuquen,-38.95138888888889,-68.05888888888889,-38.95138888888889,-68.05888888888889,139406,51659,26,70,41,0.5254141092300415,0.5717176198959351,0.0463035106658935,3.4
43,43,43,43,43,44,AR: Chubut-Comodoro Rivadavia,-45.8625,-67.49388888888889,-45.8625,-67.49388888888889,175022,156439,12,99,27,0.5927806496620178,0.8630331754684448,0.270252525806427,2.7
44,44,44,44,44,45,AR: Santa Cruz-Rio Gallegos,-51.6225,-69.21805555555555,-51.6225,-69.21805555555555,34963,31606,16,32,8,0.458264410495758,0.7264018058776855,0.2681373953819275,2.7
45,45,45,45,45,46,AR: Tierra del Fuego-Rio Grande,-53.7875,-67.70972222222223,-53.7875,-67.70972222222223,21372,2128,51,1,1,0.6687213182449341,0.9250597953796388,0.2563384771347046,3.3
46,46,46,46,46,47,AR: Santa Cruz-Caleta Olivia,-46.44777777777777,-67.5225,-46.44777777777777,-67.5225,27437,23204,7,3,2,0.45777428150177,0.8929795026779175,0.4352052211761474,3.0
47,47,47,47,47,48,AR: Rio Negro-Sierra Grande,-41.59166666666667,-65.33916666666666,-41.59166666666667,-65.33916666666666,21236,21473,7,1,1,0.7725284695625305,0.6033089756965637,0.1692194938659668,3.3
48,48,48,48,48,49,AR: Mendoza-Guaymallen,-32.89083333333333,-68.82694444444444,-32.89083333333333,-68.82694444444444,44292,31053,16,65,24,0.6519600749015808,0.7139525413513184,0.0619924664497375,3.2
49,49,49,49,49,50,AR: Chubut-Rawson,-43.3,-65.10222222222221,-43.3,-65.10222222222221,27373,7200,29,12,9,0.5769924521446228,0.8663474321365356,0.2893549799919128,2.6
50,50,50,50,50,51,AR: San Luis-Villa Mercedes,-33.675555555555555,-65.45777777777778,-33.675555555555555,-65.45777777777778,20198,3423,66,25,15,0.5950736999511719,0.5595905184745789,0.035483181476593,3.6
51,51,51,51,51,52,AR: San Juan-Chimbas,-31.487222222222226,-68.52666666666667,-31.487222222222226,-68.52666666666667,41535,47630,7,30,8,0.6567988395690918,0.5766246914863586,0.0801741480827331,3.2
52,52,52,52,52,53,AR: Mendoza-Lujan de Cuyo,-33.0,-69.33333333333333,-33.0,-69.33333333333333,3890,3702,35,1,1,0.8078620433807373,0.7795183658599854,0.0283436775207519,3.4
53,53,53,53,53,54,AR: La Rioja-Chamical,-30.25,-65.83333333333333,-30.25,-65.83333333333333,12300,2494,8,1,1,0.5198431611061096,0.5064350366592407,0.0134081244468688,3.5
54,54,54,54,54,55,AR: Mendoza-Perdriel,-33.07472222222223,-68.88833333333334,-33.07472222222223,-68.88833333333334,57348,66714,3,6,4,0.7554069757461548,0.6441248655319214,0.1112821102142334,3.5
55,55,55,55,55,56,AR: La Rioja-Nonogasta,-29.305,-67.50222222222222,-29.305,-67.50222222222222,12236,2516,25,27,3,0.9642971754074096,0.8812514543533325,0.0830457210540771,3.2
56,56,56,56,56,57,AR: Cordoba-Cordoba,-31.41333333333333,-64.18083333333334,-31.41333333333333,-64.18083333333334,115266,40898,17,259,84,0.6132189035415649,0.7184564471244812,0.1052375435829162,3.025
57,57,57,57,57,58,AR: Santa Fe-Gran Rosario,-32.975,-60.681666666666665,-32.975,-60.681666666666665,46610,46361,9,15,4,0.4910520017147064,0.6246674060821533,0.1336154043674469,3.125
58,58,58,58,58,59,AR: Santa Fe-Santa Fe,-32.946666666666665,-60.63916666666667,-32.946666666666665,-60.63916666666667,128698,63659,10,264,80,0.562233567237854,0.9485574960708618,0.3863239288330078,3.25
59,59,59,59,59,60,AR: Entre Rios-San Antonio de Padua de la Concordia,-31.397777777777776,-58.0225,-31.397777777777776,-58.0225,148985,152565,9,28,10,0.4668513536453247,0.8482165336608887,0.3813651800155639,2.8
60,60,60,60,60,61,AR: La Pampa-Santa Rosa,-36.61666666666667,-64.28333333333333,-36.61666666666667,-64.28333333333333,91557,26791,20,41,12,0.5619257092475891,0.7765539288520813,0.2146282196044922,2.8
61,61,61,61,61,62,AR: Cordoba-Villa Maria -Villa Nueva,-31.40833333333333,-64.18388888888889,-31.40833333333333,-64.18388888888889,107268,30696,16,334,74,0.5713831186294556,0.7146003246307373,0.1432172060012817,2.6
62,62,62,62,62,63,AR: Entre Rios-Diamante,-32.166666666666664,-60.41666666666666,-32.166666666666664,-60.41666666666666,3504,572,103,6,5,0.7350002527236938,0.7673313617706299,0.032331109046936,2.9
63,63,63,63,63,64,AR: Cordoba-Jesus Maria - Colonia Caroya,-31.65694444444444,-64.43,-31.65694444444444,-64.43,133686,109694,9,63,21,0.5764948129653931,0.5816025137901306,0.0051077008247375,3.0
64,64,64,64,64,65,AR: Santa Fe-Funes,-32.91555555555556,-60.80972222222222,-32.91555555555556,-60.80972222222222,104372,60065,11,64,19,0.5692965984344482,0.8678216934204102,0.2985250949859619,3.0
65,65,65,65,65,66,AR: Mendoza-San Jose,-32.37083333333334,-68.25583333333333,-32.37083333333334,-68.25583333333333,1147,460,77,1,1,0.4151932597160339,0.4644579887390136,0.0492647290229797,2.9
66,66,66,66,66,67,AR: Buenos Aires-25 de Mayo,-35.5,-60.25,-35.5,-60.25,7644,716,23,1,1,0.5975748896598816,0.6434630751609802,0.0458881855010986,3.3
67,67,67,67,67,69,AR: Buenos Aires-Mar de Plata-General Pueyrredon,-38.000277777777775,-57.55611111111111,-38.000277777777775,-57.55611111111111,171026,56532,14,56,25,0.5969706773757935,0.7218775153160095,0.124906837940216,3.1
68,68,68,68,68,70,AR: Buenos Aires-Gran La Plata,-34.87777777777778,-58.08361111111111,-34.87777777777778,-58.08361111111111,140955,33770,14,24,5,0.4032736420631408,0.4948152899742126,0.0915416479110717,3.15
69,69,69,69,69,71,AR: Buenos Aires-Bahia Blanca,-38.7175,-62.265277777777776,-38.7175,-62.265277777777776,52041,16938,14,100,33,0.5034093856811523,0.5387214422225952,0.0353120565414428,3.3
70,70,70,70,70,72,AR: Buenos Aires-Berisso,-34.916666666666664,-57.833333333333336,-34.916666666666664,-57.833333333333336,25429,28214,3,1,1,0.4527741074562073,0.5187245607376099,0.0659504532814025,2.8
71,71,71,71,71,73,AR: Buenos Aires-Saladillo,-35.75,-59.66666666666666,-35.75,-59.66666666666666,1951,2030,45,1,1,0.6641462445259094,0.5049351453781128,0.1592110991477966,2.5
72,72,72,72,72,74,AR: Entre Rios-Colon,-32.00361111111111,-58.36305555555556,-32.00361111111111,-58.36305555555556,1556,479,41,10,5,0.7661222219467163,0.8719784617424011,0.1058562397956848,2.8
73,73,73,73,73,75,AR: Buenos Aires-Roque Perez,-35.44499999999999,-59.410555555555554,-35.44499999999999,-59.410555555555554,4455,1062,11,3,1,0.7935671806335449,0.6816539764404297,0.1119132041931152,2.4
74,74,74,74,74,76,AR: Buenos Aires-Tres Lomas,-36.45277777777778,-62.8625,-36.45277777777778,-62.8625,15177,13148,11,6,4,0.7137187719345093,0.7345092296600342,0.0207904577255249,3.2
75,75,75,75,75,77,BO: Beni-Trinidad,-14.833333333333334,-64.9,-14.833333333333334,-64.9,23273,15868,24,80,36,0.7999178171157837,0.8338225483894348,0.0339047312736511,3.05
76,76,76,76,76,78,BO: Beni-Riberalta,-11.01,-66.0525,-11.01,-66.0525,19729,10685,37,13,3,0.5579876899719238,0.7273608446121216,0.1693731546401977,2.6
77,77,77,77,77,80,BO: Chuquisaca-Sucre,-19.03305555555556,-65.2625,-19.03305555555556,-65.2625,32212,14318,17,80,18,0.7322243452072144,0.5528284907341003,0.179395854473114,2.6875
78,78,78,78,78,81,BO: Chuquisaca-Mosoj Llajta,-19.651666666666664,-64.69944444444445,-19.651666666666664,-64.69944444444445,49197,52604,15,1,1,0.8442388772964478,0.6416388750076294,0.2026000022888183,2.9473684210526314
79,79,79,79,79,82,BO: Chuquisaca-Padcoyo,-20.4,-65.3,-20.4,-65.3,10557,4935,37,4,2,0.4833757579326629,0.6752572059631348,0.1918814480304718,2.3
80,80,80,80,80,83,BO: Cochabamba-Cochabamba,-17.389444444444443,-66.15666666666667,-17.389444444444443,-66.15666666666667,31490,22020,14,243,87,0.5764434337615967,0.8267048001289368,0.2502613663673401,2.810126582278481
81,81,81,81,81,84,BO: Cochabamba-Sacaba,-17.397777777777776,-66.03805555555556,-17.397777777777776,-66.03805555555556,23161,11718,15,61,24,0.5215163826942444,0.4316524267196655,0.0898639559745788,3.3
82,82,82,82,82,85,BO: Cochabamba-Quillacollo,-17.392222222222223,-66.27833333333334,-17.392222222222223,-66.27833333333334,22970,11926,13,118,49,0.6692070960998535,0.525664210319519,0.1435428857803344,2.55
83,83,83,83,83,86,BO: Cochabamba-Ivirgarzama,-17.050833333333333,-64.86583333333333,-17.050833333333333,-64.86583333333333,14873,6937,12,2,2,0.6504846811294556,0.7091195583343506,0.058634877204895,2.95
84,84,84,84,84,89,BO: Cochabamba-Pocona,-17.65,-65.4,-17.65,-65.4,2767,3612,131,4,1,0.517277181148529,0.4640665352344513,0.0532106459140777,2.8
85,85,85,85,85,91,BO: La Paz-La Paz,-16.5,-68.15,-16.5,-68.15,31827,12652,12,427,104,0.5237393975257874,0.5672624111175537,0.0435230135917663,2.888888888888889
86,86,86,86,86,92,BO: La Paz-El Alto,-16.513333333333332,-68.19222222222223,-16.513333333333332,-68.19222222222223,17500,8888,29,95,14,0.8162959218025208,0.9041098356246948,0.087813913822174,2.804123711340206
87,87,87,87,87,93,BO: La Paz-Patacamaya,-17.23611111111111,-67.91416666666667,-17.23611111111111,-67.91416666666667,23200,8623,11,6,5,0.6162890195846558,0.6403471231460571,0.0240581035614013,2.533333333333333
88,88,88,88,88,94,BO: La Paz-Cairoma,-16.9,-67.55,-16.9,-67.55,40808,31179,30,3,2,0.6317283511161804,0.5619298219680786,0.0697985291481018,2.789473684210526
89,89,89,89,89,95,BO: La Paz-Inquisivi,-16.95777777777778,-67.1563888888889,-16.95777777777778,-67.1563888888889,396011,424841,9,2,1,0.7966165542602539,0.6285628080368042,0.1680537462234497,2.6842105263157894
90,90,90,90,90,96,BO: La Paz-San Antonio,-15.324444444444444,-67.52194444444444,-15.324444444444444,-67.52194444444444,20602,305,589,1,1,0.3245739936828613,0.7265990972518921,0.4020251035690307,2.526315789473684
91,91,91,91,91,97,BO: La Paz-Santa Fe,-13.804444444444446,-67.82583333333334,-13.804444444444446,-67.82583333333334,29891,15304,11,1,1,0.484387993812561,0.4085536599159241,0.0758343338966369,3.1
92,92,92,92,92,98,BO: La Paz-Taipiplaya,-15.833333333333334,-67.6,-15.833333333333334,-67.6,20135,1137,13,1,1,0.6328807473182678,0.6353873610496521,0.0025066137313842,2.526315789473684
93,93,93,93,93,99,BO: Oruro-Oruro,-17.983333333333334,-67.15,-17.983333333333334,-67.15,22990,15127,21,24,8,0.681219220161438,0.7483259439468384,0.0671067237854003,2.909090909090909
94,94,94,94,94,100,BO: La Paz-Antequera,-17.666666666666668,-68.11666666666666,-17.666666666666668,-68.11666666666666,23054,30421,20,4,2,0.6250957250595093,0.4823223948478699,0.1427733302116394,3.2
95,95,95,95,95,101,BO: Pando-Cobija,-11.026666666666667,-68.76916666666666,-11.026666666666667,-68.76916666666666,38144,23036,20,111,19,0.6198063492774963,0.7633926868438721,0.1435863375663757,2.5
96,96,96,96,96,102,BO: Pando-Santa Lucia,-11.08361111111111,-67.89555555555556,-11.08361111111111,-67.89555555555556,4370,4761,15,2,1,0.7940346598625183,0.836432695388794,0.0423980355262756,2.6
97,97,97,97,97,103,BO: Potosi-Potosi,-19.58361111111111,-65.75305555555556,-19.58361111111111,-65.75305555555556,30042,15471,17,123,55,0.5189735889434814,0.6035436987876892,0.0845701098442077,3.2
98,98,98,98,98,104,BO: Potosi-Llallagua,-18.424722222222226,-66.57777777777777,-18.424722222222226,-66.57777777777777,16967,13593,37,9,4,0.6197985410690308,0.5839130282402039,0.0358855128288269,3.15
99,99,99,99,99,105,BO: Potosi-Tinguipaya,-19.22,-65.82277777777777,-19.22,-65.82277777777777,15609,9526,9,1,1,0.6772430539131165,0.4700860977172851,0.2071569561958313,2.555555555555556
100,100,100,100,100,106,BO: Potosi-Chayanta-Colquechaca,-18.883333333333333,-66.08333333333333,-18.883333333333333,-66.08333333333333,19327,1769,595,1,1,0.7202765941619873,0.7409065961837769,0.0206300020217895,2.8421052631578947
101,101,101,101,101,107,BO: Potosi-Quivi Quivi,-19.45,-65.46666666666667,-19.45,-65.46666666666667,24562,21004,13,15,7,0.5579697489738464,0.4807689189910888,0.0772008299827575,2.8421052631578947
102,102,102,102,102,108,BO: Santa Cruz-Santa Cruz,-17.78611111111111,-63.18111111111111,-17.78611111111111,-63.18111111111111,36152,16442,13,208,84,0.6632506251335144,0.4756065607070923,0.1876440644264221,2.8106508875739644
103,103,103,103,103,109,BO: Santa Cruz-Montero Hoyos,-17.642777777777777,-62.82222222222222,-17.642777777777777,-62.82222222222222,18848,9145,4,2,1,0.6294001340866089,0.6960223913192749,0.066622257232666,3.0
104,104,104,104,104,110,BO: Santa Cruz-La Guardia,-17.8925,-63.29222222222222,-17.8925,-63.29222222222222,32055,14244,7,8,6,0.7168858051300049,0.7300673127174377,0.0131815075874328,2.833333333333333
105,105,105,105,105,111,BO: Santa Cruz-Ascension de Guarayos,-15.932777777777778,-63.155277777777776,-15.932777777777778,-63.155277777777776,8844,6507,10,1,1,0.7033190727233887,0.7279510498046875,0.0246319770812988,1.9
106,106,106,106,106,112,BO: Santa Cruz-Las Barreras,-17.454166666666666,-63.17972222222222,-17.454166666666666,-63.17972222222222,25846,17115,6,7,4,0.9268430471420288,0.7420355081558228,0.184807538986206,2.65
107,107,107,107,107,113,BO: Santa Cruz-Don Lorenzo,-17.783333333333335,-62.86666666666667,-17.783333333333335,-62.86666666666667,2446,986,15,1,1,0.7692195177078247,0.9336661100387572,0.1644465923309326,2.526315789473684
108,108,108,108,108,114,BO: Santa Cruz-Paurito,-17.880833333333335,-62.94138888888889,-17.880833333333335,-62.94138888888889,3512,6831,46,61,6,0.6121775507926941,0.7913452386856079,0.1791676878929138,2.411764705882353
109,109,109,109,109,115,BO: Santa Cruz-La Asunta,-17.65,-61.63333333333333,-17.65,-61.63333333333333,17845,8121,18,3,2,0.5997819900512695,0.6953827142715454,0.0956007242202758,2.55
110,110,110,110,110,116,BO: Tarija-Tarija,-21.53527777777778,-64.72944444444444,-21.53527777777778,-64.72944444444444,27191,17496,26,80,32,0.5903410315513611,0.5651936531066895,0.0251473784446716,2.75
111,111,111,111,111,117,BO: Tarija-Yacuiba,-21.960833333333333,-63.65166666666666,-21.960833333333333,-63.65166666666666,17376,17206,23,3,2,0.8607375025749207,0.5836615562438965,0.2770759463310241,2.6
112,112,112,112,112,118,BO: Tarija-Villa El Carmen,-21.78805555555556,-63.57361111111111,-21.78805555555556,-63.57361111111111,12033,3854,50,2,1,0.7169703245162964,0.6940329074859619,0.0229374170303344,2.833333333333333
113,113,113,113,113,119,BR: Nordeste-Caruaru,-8.283333333333333,-35.97611111111112,-8.283333333333333,-35.97611111111112,76509,68429,10,87,32,0.6973669528961182,0.7460691928863525,0.0487022399902343,2.5
114,114,114,114,114,120,BR: Sul-Sao Miguel do Oeste,-26.781388888888888,-53.50333333333333,-26.781388888888888,-53.50333333333333,377547,223772,3,9,2,0.7361273765563965,0.673009991645813,0.0631173849105835,2.9285714285714284
115,115,115,115,115,121,BR: Nordeste-Alagoas-Junqueiro,-9.885,-36.45638888888889,-9.885,-36.45638888888889,93926,59034,4,1,1,0.6379801034927368,0.7771843075752258,0.139204204082489,2.8095238095238093
116,116,116,116,116,122,BR: Norte-Maraba,-5.381388888888888,-49.13222222222223,-5.381388888888888,-49.13222222222223,181443,133460,12,38,19,0.5055930614471436,0.9533998370170592,0.4478067755699157,2.9285714285714284
117,117,117,117,117,123,BR: Nordeste-Ceara-Itarema,-3.083333333333333,-39.89694444444444,-3.083333333333333,-39.89694444444444,1763,2017,6,1,1,0.3769077658653259,0.5179803371429443,0.1410725712776184,2.8846153846153846
118,118,118,118,118,124,BR: Sul-Araucaria,-25.593055555555555,-49.41027777777778,-25.593055555555555,-49.41027777777778,114283,103351,4,24,9,0.7217930555343628,0.6278209686279297,0.0939720869064331,3.2857142857142856
119,119,119,119,119,125,BR: Sudeste-Taubate,-23.02638888888889,-45.555277777777775,-23.02638888888889,-45.555277777777775,196239,81358,14,108,50,0.572590172290802,0.4882125854492187,0.0843775868415832,2.9285714285714284
120,120,120,120,120,126,BR: Sul-Rio Grande do Sul-Lajeado,-29.466944444444444,-51.96138888888889,-29.466944444444444,-51.96138888888889,237308,101866,10,17,5,0.7614408731460571,0.7821130156517029,0.0206721425056457,2.571428571428572
121,121,121,121,121,127,BR: Sudeste-Sao Paulo,-23.547500000000003,-46.63611111111111,-23.547500000000003,-46.63611111111111,193724,132199,7,435,150,0.717356264591217,0.5903300046920776,0.1270262598991394,2.742857142857143
122,122,122,122,122,128,BR: Nordeste-Ceara-Araripe,-7.204444444444444,-40.11416666666667,-7.204444444444444,-40.11416666666667,831,467,7,1,1,0.751611590385437,0.7155349254608154,0.0360766649246215,2.92
123,123,123,123,123,129,BR: Centro Oeste-Cuiaba,-15.596111111111112,-56.09666666666667,-15.596111111111112,-56.09666666666667,138844,89232,8,92,46,0.6317898035049438,0.412446916103363,0.2193428874015808,2.9285714285714284
124,124,124,124,124,130,BR: Sul-Rio Grande do Sul-Ametista do Sul,-27.36694444444445,-53.18694444444444,-27.36694444444445,-53.18694444444444,689,455,432,2,2,0.5465482473373413,0.5482990741729736,0.0017508268356323,2.9285714285714284
125,125,125,125,125,131,BR: Sul-Parana-Altonia,-23.886388888888888,-53.96833333333333,-23.886388888888888,-53.96833333333333,20183,24206,6,1,1,0.8786172866821289,0.6545317769050598,0.2240855097770691,2.9285714285714284
126,126,126,126,126,132,BR: Nordeste-Bahia-Utinga,-12.0425,-41.19472222222222,-12.0425,-41.19472222222222,10884,28095,14,1,1,0.6901929378509521,0.5034095644950867,0.1867833733558654,2.9642857142857144
127,127,127,127,127,133,BR: Sudeste-Rio De Janeiro,-22.906388888888888,-43.18222222222222,-22.906388888888888,-43.18222222222222,131867,87928,7,467,143,0.702796220779419,0.9527819156646729,0.2499856948852539,2.9411764705882355
128,128,128,128,128,134,BR: Nordeste-Jaboatao Dos Guararapes,-8.112777777777778,-35.014722222222225,-8.112777777777778,-35.014722222222225,70188,67430,5,174,52,0.7158512473106384,0.8004888296127319,0.0846375823020935,2.4285714285714284
129,129,129,129,129,135,BR: Sudeste-Sao Paulo-Pederneiras,-22.308611111111112,-48.86555555555556,-22.308611111111112,-48.86555555555556,34138,42484,3,10,3,0.9577240943908693,0.7772509455680847,0.1804731488227844,2.857142857142857
130,130,130,130,130,136,BR: Sul-Rio Grande do Sul-Flores da Cunha,-29.028888888888886,-51.181666666666665,-29.028888888888886,-51.181666666666665,104038,66664,4,118,33,0.6085995435714722,0.6355372071266174,0.0269376635551452,2.7142857142857144
131,131,131,131,131,137,BR: Nordeste-Maranhao-Vitoria do Mearim,-3.4622222222222225,-44.87055555555556,-3.4622222222222225,-44.87055555555556,154173,140442,4,34,10,0.7748609781265259,0.7474765777587891,0.0273844003677368,2.571428571428572
132,132,132,132,132,138,BR: Sudeste-Sao Paulo-Pedreiras,-22.74194444444445,-46.90138888888889,-22.74194444444445,-46.90138888888889,138901,103204,7,84,18,0.8902899026870728,0.6413233280181885,0.2489665746688842,2.892857142857143
133,133,133,133,133,139,BR: Nordeste-Bahia-Teofilandia,-11.533888888888889,-38.94499999999999,-11.533888888888889,-38.94499999999999,18095,9006,2,3,1,0.4589888155460357,0.5553022623062134,0.0963134467601776,3.0
134,134,134,134,134,140,BR: Nordeste-Campina Grande,-7.230555555555556,-35.88111111111111,-7.230555555555556,-35.88111111111111,151312,85027,16,102,28,0.7693731784820557,0.6728899478912354,0.0964832305908203,2.571428571428572
135,135,135,135,135,141,BR: Sudeste-Praia Grande,-24.00583333333333,-46.40277777777778,-24.00583333333333,-46.40277777777778,187026,83850,15,156,64,0.6669462323188782,0.8959274888038635,0.2289812564849853,3.071428571428572
136,136,136,136,136,142,BR: Sudeste-Sao Paulo-Marilia,-22.21388888888889,-49.94583333333333,-22.21388888888889,-49.94583333333333,202949,115925,12,67,34,0.6932764053344727,0.6146273612976074,0.0786490440368652,2.642857142857143
137,137,137,137,137,143,BR: Nordeste-Paulista,-7.940833333333334,-34.87305555555555,-7.940833333333334,-34.87305555555555,141747,143747,2,60,23,0.8868111371994019,0.7340956926345825,0.1527154445648193,2.7142857142857144
138,138,138,138,138,144,BR: Centro Oeste-Mato Grosso do Sul-Ponta Pora,-22.53611111111111,-55.72555555555556,-22.53611111111111,-55.72555555555556,112710,67448,10,121,42,0.6398622989654541,0.7407013177871704,0.1008390188217163,3.0
139,139,139,139,139,145,BR: Nordeste-Fortaleza,-3.7172222222222224,-38.543055555555554,-3.7172222222222224,-38.543055555555554,142739,101206,5,261,82,0.8506582975387573,0.7445962429046631,0.1060620546340942,2.857142857142857
140,140,140,140,140,146,BR: Nordeste-Salvador,-12.975555555555555,-38.490833333333335,-12.975555555555555,-38.490833333333335,166985,104947,6,324,90,0.5035289525985718,0.7348795533180237,0.2313506007194519,2.9
141,141,141,141,141,147,BR: Sudeste-Mogi das Cruzes,-23.522777777777776,-46.18833333333333,-23.522777777777776,-46.18833333333333,162174,66430,36,118,34,0.5909903645515442,0.590241551399231,0.0007488131523132,2.571428571428572
142,142,142,142,142,148,BR: Norte-Amazonas-Nova Olinda,-3.9463888888888894,-58.59722222222222,-3.9463888888888894,-58.59722222222222,2596,1418,62,1,1,0.2846556603908539,0.3931083083152771,0.1084526479244232,2.857142857142857
143,143,143,143,143,149,BR: Sudeste-Santo Andre,-23.663888888888888,-46.53833333333333,-23.663888888888888,-46.53833333333333,219168,92666,10,216,90,0.542458176612854,0.5008558630943298,0.0416023135185241,2.571428571428572
144,144,144,144,144,150,BR: Sul-Sao Jose Dos Pinhais,-25.53,-49.208333333333336,-25.53,-49.208333333333336,170827,87102,7,58,29,0.7767714262008667,0.6400434970855713,0.1367279291152954,2.7142857142857144
145,145,145,145,145,151,BR: Centro Oeste-Brasilia,-15.0,-52.0,-15.0,-52.0,7655,5421,16,22,1,0.7698935270309448,0.7848097085952759,0.014916181564331,2.75
146,146,146,146,146,152,BR: Sudeste-Montes Claros,-16.587777777777777,-43.89972222222222,-16.587777777777777,-43.89972222222222,4394,2709,18,3,1,0.3684827387332916,0.4903718829154968,0.1218891441822052,2.7142857142857144
147,147,147,147,147,153,BR: Norte-Para-Sao Felix do Xingu,-7.213333333333334,-52.19333333333333,-7.213333333333334,-52.19333333333333,1805,5101,110,2,1,0.3436595201492309,0.3109567165374756,0.0327028036117553,2.571428571428572
148,148,148,148,148,154,BR: Sudeste-Uberlandia,-18.91861111111111,-48.27722222222222,-18.91861111111111,-48.27722222222222,158650,90433,11,211,83,0.5314339995384216,0.6419223546981812,0.1104883551597595,2.9285714285714284
149,149,149,149,149,155,BR: Norte-Jaru,-10.43888888888889,-62.46638888888889,-10.43888888888889,-62.46638888888889,100522,73770,3,16,9,0.5918653607368469,0.670219898223877,0.07835453748703,3.142857142857143
150,150,150,150,150,156,BR: Nordeste-Recife,-8.05388888888889,-34.88111111111111,-8.05388888888889,-34.88111111111111,182957,112259,18,184,76,0.8153132796287537,0.8127414584159851,0.0025718212127685,2.857142857142857
151,151,151,151,151,157,BR: Sul-Curitiba,-25.42777777777778,-49.27305555555555,-25.42777777777778,-49.27305555555555,205641,85426,11,337,149,0.6726104021072388,0.3783079981803894,0.2943024039268493,3.0
152,152,152,152,152,158,BR: Sul-Alvorada,-21.480555555555554,-54.1525,-21.480555555555554,-54.1525,22770,3006,628,8,1,0.8553212285041809,0.921667218208313,0.066345989704132,3.0
153,153,153,153,153,159,BR: Sudeste-Duque De Caxias,-22.78555555555556,-43.31166666666666,-22.78555555555556,-43.31166666666666,176202,113918,5,194,26,0.7269960045814514,0.8018615245819092,0.0748655200004577,2.7142857142857144
154,154,154,154,154,160,BR: Norte-Manaus,-3.1019444444444444,-60.025,-3.1019444444444444,-60.025,188000,80801,18,188,49,0.7227109670639038,0.5534989237785339,0.1692120432853698,2.642857142857143
155,155,155,155,155,161,BR: Sudeste-Ribeirao Preto,-21.1775,-47.81027777777778,-21.1775,-47.81027777777778,180963,71915,16,128,61,0.6684017181396484,0.6714649200439453,0.0030632019042968,2.9285714285714284
156,156,156,156,156,162,BR: Sudeste-Paulinia,-22.76111111111112,-47.15416666666667,-22.76111111111112,-47.15416666666667,193566,96031,11,32,11,0.6909140348434448,0.7564437985420227,0.0655297636985778,2.7142857142857144
157,157,157,157,157,163,BR: Sudeste-Rio De Janeiro-Cachoeiras de Macacu,-22.487222222222226,-42.71138888888889,-22.487222222222226,-42.71138888888889,28801,68750,4,2,1,0.6978163123130798,0.5752598643302917,0.122556447982788,2.642857142857143
158,158,158,158,158,164,BR: Nordeste-Bahia-Marau-Barra,-13.905,-38.93305555555556,-13.905,-38.93305555555556,129707,92577,3,7,2,0.9398367404937744,0.814466118812561,0.1253706216812133,2.9642857142857144
159,159,159,159,159,165,BR: Nordeste-Sao Luis,-2.529722222222222,-44.30277777777778,-2.529722222222222,-44.30277777777778,105477,41875,29,19,9,0.9128156900405884,0.8481199741363525,0.0646957159042358,3.0
160,160,160,160,160,166,BR: Sudeste-Nova Iguacu,-22.759166666666665,-43.45111111111111,-22.759166666666665,-43.45111111111111,225219,106961,10,505,141,0.4836595058441162,0.7008590698242188,0.2171995639801025,3.0
161,161,161,161,161,167,BR: Sul-Cascavel,-24.95583333333333,-53.45527777777778,-24.95583333333333,-53.45527777777778,157494,84754,15,173,67,0.6524253487586975,0.72419273853302,0.0717673897743225,3.0
162,162,162,162,162,168,BR: Sudeste-Pouso Alegre,-22.23,-45.936388888888885,-22.23,-45.936388888888885,186034,136720,18,341,77,0.4795525670051574,0.7232549786567688,0.2437024116516113,2.857142857142857
163,163,163,163,163,169,BR: Sudeste-Minas Gerais-Sao Domingos das Dores,-19.51972222222222,-42.03388888888889,-19.51972222222222,-42.03388888888889,76166,55909,3,17,1,0.8375771641731262,0.4592592120170593,0.3783179521560669,2.7857142857142856
164,164,164,164,164,170,BR: Sul-Gravatai,-29.941944444444445,-50.99277777777778,-29.941944444444445,-50.99277777777778,189388,126604,8,181,36,0.5414488911628723,0.9020270109176636,0.3605781197547912,2.4285714285714284
165,165,165,165,165,171,BR: Sudeste-Sao Paulo-Cajamar,-23.351666666666667,-46.88111111111111,-23.351666666666667,-46.88111111111111,165528,96980,3,15,10,0.7173688411712646,0.7685436010360718,0.0511747598648071,2.7142857142857144
166,166,166,166,166,172,BR: Sudeste-Sao Goncalo,-21.892222222222223,-45.59527777777778,-21.892222222222223,-45.59527777777778,124669,80011,11,34,6,0.6781498193740845,0.6592283248901367,0.0189214944839477,2.571428571428572
167,167,167,167,167,173,BR: Sudeste-Mage,-22.634722222222223,-43.12055555555556,-22.634722222222223,-43.12055555555556,335401,163696,3,3,1,0.7787674069404602,0.590280294418335,0.1884871125221252,2.4285714285714284
168,168,168,168,168,174,BR: Nordeste-Joao Pessoa,-7.114999999999999,-34.863055555555555,-7.114999999999999,-34.863055555555555,167459,74867,23,74,33,0.7656877636909485,0.8699872493743896,0.1042994856834411,2.7857142857142856
169,169,169,169,169,175,BR: Sudeste-Sao Bernardo Do Campo,-23.69388888888889,-46.565,-23.69388888888889,-46.565,202148,73523,10,540,118,0.8530310392379761,0.5533466339111328,0.2996844053268432,2.7142857142857144
170,170,170,170,170,176,BR: Sudeste-Sao Joao De Meriti,-22.80388888888889,-43.37222222222222,-22.80388888888889,-43.37222222222222,240467,176422,4,202,32,0.5357807874679565,0.4163855016231537,0.1193952858448028,2.4285714285714284
171,171,171,171,171,177,BR: Sudeste-Itupeva,-23.145,-47.06361111111111,-23.145,-47.06361111111111,147532,124009,5,1,1,0.725980818271637,0.6766029596328735,0.0493778586387634,2.642857142857143
172,172,172,172,172,178,BR: Sudeste-Guarulhos,-23.462777777777777,-46.53333333333333,-23.462777777777777,-46.53333333333333,217790,96270,10,282,115,0.66472327709198,0.5944477915763855,0.0702754855155944,3.0
173,173,173,173,173,179,BR: Sudeste-Rio De Janeiro-Aperibe,-21.641388888888887,-42.1275,-21.641388888888887,-42.1275,33025,40967,4,1,1,0.7263733744621277,0.6254448890686035,0.1009284853935241,2.7857142857142856
174,174,174,174,174,180,BR: Sudeste-Minas Gerais-Cassia,-20.58305555555556,-46.92194444444444,-20.58305555555556,-46.92194444444444,104591,153028,3,9,4,0.7177366018295288,0.5554465651512146,0.1622900366783142,2.7142857142857144
175,175,175,175,175,181,BR: Centro Oeste-Goiania,-16.678611111111113,-49.25388888888889,-16.678611111111113,-49.25388888888889,192748,92668,17,282,66,0.5989112854003906,0.3326508700847626,0.266260415315628,2.571428571428572
176,176,176,176,176,182,BR: Centro Oeste-Goias-Cidade Ocidental,-16.161666666666665,-47.79972222222222,-16.161666666666665,-47.79972222222222,8371,7061,110,26,1,0.5314240455627441,0.7699084281921387,0.2384843826293945,2.642857142857143
177,177,177,177,177,183,BR: Sudeste-Sabara,-19.85388888888889,-43.78305555555556,-19.85388888888889,-43.78305555555556,122632,126149,3,2,1,0.7292607426643372,0.6643373966217041,0.064923346042633,3.0
178,178,178,178,178,184,BR: Sudeste-Contagem,-19.93166666666667,-44.05361111111111,-19.93166666666667,-44.05361111111111,203733,144568,6,254,53,0.7644587755203247,0.6316509246826172,0.1328078508377075,3.0
179,179,179,179,179,185,BR: Centro Oeste-Mato Grosso-Sao Jose dos Quatro Marcos,-15.56638888888889,-58.29694444444444,-15.56638888888889,-58.29694444444444,3724,698,12,1,1,0.610292911529541,0.6601022481918335,0.0498093366622924,2.923076923076923
180,180,180,180,180,186,BR: Norte-Para-Cameta,-2.295555555555556,-49.49194444444444,-2.295555555555556,-49.49194444444444,147955,135165,7,5,1,0.741016149520874,0.7175925970077515,0.0234235525131225,2.7857142857142856
181,181,181,181,181,187,BR: Sudeste-Belo Horizonte,-19.92083333333333,-43.937777777777775,-19.92083333333333,-43.937777777777775,198367,68444,14,737,219,0.79205322265625,0.576517641544342,0.2155355811119079,2.9285714285714284
182,182,182,182,182,188,BR: Sudeste-Presidente Prudente,-22.12555555555556,-51.388888888888886,-22.12555555555556,-51.388888888888886,186090,96045,16,66,32,0.5874416828155518,0.5269548892974854,0.0604867935180664,3.0
183,183,183,183,183,189,BR: Norte-Belem,-1.455833333333333,-48.504444444444445,-1.455833333333333,-48.504444444444445,254435,112782,20,44,9,0.7950660586357117,0.9221296310424804,0.1270635724067688,2.857142857142857
184,184,184,184,184,190,BR: Sul-Santa Catarina-Sao Francisco do Sul,-26.243333333333336,-48.63805555555555,-26.243333333333336,-48.63805555555555,150209,150638,9,45,18,0.9228087067604064,0.7596590518951416,0.1631496548652649,3.142857142857143
185,185,185,185,185,191,BR: Sudeste-Diadema,-23.68611111111111,-46.62277777777778,-23.68611111111111,-46.62277777777778,206247,101896,12,282,90,0.8112261295318604,0.5516654849052429,0.2595606446266174,3.0
186,186,186,186,186,192,BR: Sudeste-Minas Gerais-Alvinopolis,-20.10666666666667,-43.04888888888889,-20.10666666666667,-43.04888888888889,213261,178620,9,30,5,0.679915189743042,0.6965147852897644,0.0165995955467224,2.857142857142857
187,187,187,187,187,193,BR: Sudeste-Sao Paulo-Osasco,-23.5325,-46.79166666666666,-23.5325,-46.79166666666666,202528,68983,13,150,56,0.8055652976036072,0.6991523504257202,0.1064129471778869,2.4285714285714284
188,188,188,188,188,194,BR: Nordeste-Maranguape,-3.995555555555556,-38.72944444444445,-3.995555555555556,-38.72944444444445,28638,17852,4,2,2,0.7573328614234924,0.4777403175830841,0.2795925438404083,3.0
189,189,189,189,189,195,BR: Sudeste-Minas Gerais-Rio Espera,-20.85333333333333,-43.52027777777778,-20.85333333333333,-43.52027777777778,41248,41834,10,15,1,0.8118927478790283,0.5157593488693237,0.2961333990097046,2.7857142857142856
190,190,190,190,190,196,BR: Sul-Porto Alegre,-30.032777777777778,-51.23,-30.032777777777778,-51.23,200693,97515,12,495,121,0.6842221021652222,0.9080150127410888,0.2237929105758667,2.857142857142857
191,191,191,191,191,197,BR: Norte-Ananindeua,-1.3655555555555556,-48.37222222222222,-1.3655555555555556,-48.37222222222222,207620,118982,8,82,28,0.7579260468482971,0.6044985055923462,0.1534275412559509,2.857142857142857
192,192,192,192,192,198,BR: Nordeste-Camacari,-12.6975,-38.32416666666667,-12.6975,-38.32416666666667,118389,102093,8,161,36,0.8507860898971558,0.6054854989051819,0.2453005909919738,2.4285714285714284
193,193,193,193,193,199,BR: Centro Oeste-Goias-Itaberai,-16.02027777777778,-49.81027777777778,-16.02027777777778,-49.81027777777778,108940,112097,3,23,6,0.6709560751914978,0.8727444410324097,0.2017883658409118,2.7857142857142856
194,194,194,194,194,200,BR: Sul-Rio Grande do Sul-Sapiranga,-29.63805555555556,-51.00694444444444,-29.63805555555556,-51.00694444444444,236628,134009,5,52,14,0.5564898252487183,0.7082211971282959,0.1517313718795776,2.571428571428572
195,195,195,195,195,201,BR: Sudeste-Catanduva,-21.13777777777777,-48.97277777777778,-21.13777777777777,-48.97277777777778,172551,123685,8,181,59,0.6185816526412964,0.6022541522979736,0.0163275003433227,2.571428571428572
196,196,196,196,196,202,CO: Bogota D.C.,4.609444444444444,-74.08166666666666,4.609444444444444,-74.08166666666666,177708,146409,9,114,57,0.6167162656784058,0.548796534538269,0.0679197311401367,3.3268292682926828
197,197,197,197,197,203,CO: Atlantico,10.968333333333334,-74.78111111111112,10.968333333333334,-74.78111111111112,192318,191302,6,55,22,0.5133630037307739,0.6923441886901855,0.1789811849594116,3.27
198,198,198,198,198,204,CO: Cordoba,8.747777777777777,-75.88138888888888,8.747777777777777,-75.88138888888888,183717,124010,12,102,33,0.5606558322906494,0.587795078754425,0.0271392464637756,3.088888888888889
199,199,199,199,199,205,CO: Bolivar,10.399722222222222,-75.51444444444445,10.399722222222222,-75.51444444444445,125885,97417,10,149,63,0.5652470588684082,0.983629584312439,0.4183825254440307,3.45
200,200,200,200,200,206,CO: Magdalena,11.240555555555554,-74.19888888888889,11.240555555555554,-74.19888888888889,158387,126947,15,149,44,0.6837226152420044,0.7615212202072144,0.0777986049652099,3.533333333333333
201,201,201,201,201,207,CO: Cesar,9.333333333333334,-73.5,9.333333333333334,-73.5,3761,1747,9,1,1,0.510784387588501,0.6584839224815369,0.1476995348930359,3.3666666666666667
202,202,202,202,202,208,CO: Antioquia,6.251666666666667,-75.56333333333333,6.251666666666667,-75.56333333333333,106910,81110,11,244,95,0.5874252319335938,0.5259048938751221,0.0615203380584716,3.48
203,203,203,203,203,209,CO: Huila,2.5,-75.58333333333333,2.5,-75.58333333333333,8935,1907,23,1,1,0.5819741487503052,0.5416407585144043,0.0403333902359008,3.4375
204,204,204,204,204,210,CO: Risaralda,5.0,-76.0,5.0,-76.0,11926,14286,16,7,1,0.6233363151550293,0.4499583542346954,0.1733779609203338,3.4705882352941178
205,205,205,205,205,211,CO: Tolima,4.438888888888889,-75.23222222222222,4.438888888888889,-75.23222222222222,148893,135518,13,20,6,0.4988951086997986,0.5039852857589722,0.0050901770591735,3.225
206,206,206,206,206,212,CO: Caldas,5.068888888888889,-75.51722222222222,5.068888888888889,-75.51722222222222,131415,47217,25,250,84,0.6104372143745422,0.6221432685852051,0.0117060542106628,3.3015873015873014
207,207,207,207,207,213,CO: Santander,7.893888888888887,-72.50777777777778,7.893888888888887,-72.50777777777778,100369,23419,32,44,24,0.6018719673156738,0.6406072378158569,0.0387352705001831,3.3777777777777778
208,208,208,208,208,214,CO: Meta,3.5,-73.0,3.5,-73.0,16730,6495,27,5,3,0.7268118858337402,0.6330009698867798,0.0938109159469604,3.096774193548387
209,209,209,209,209,215,CO: Boyaca,5.666666666666667,-73.0,5.666666666666667,-73.0,19029,23200,14,8,4,0.6368770003318787,0.4759947657585144,0.1608822345733642,3.4642857142857144
210,210,210,210,210,216,CO: Cundinamarca,5.0,-74.16666666666667,5.0,-74.16666666666667,15443,1808,728,1,1,0.5389543771743774,0.3950996398925781,0.1438547372817993,3.421052631578948
211,211,211,211,211,217,CO: Norte de Santander,7.893888888888887,-72.50777777777778,7.893888888888887,-72.50777777777778,100369,23419,32,44,24,0.6018719673156738,0.6406072378158569,0.0387352705001831,3.066666666666667
212,212,212,212,212,218,CO: Valle del Cauca,3.437222222222222,-76.5225,3.437222222222222,-76.5225,137884,48316,19,132,57,0.7324596643447876,0.5448406934738159,0.1876189708709716,3.207317073170732
213,213,213,213,213,219,CO: Cauca,3.437222222222222,-76.5225,3.437222222222222,-76.5225,137884,48316,19,132,57,0.7324596643447876,0.5512282848358154,0.1812313795089721,3.0
214,214,214,214,214,220,CO: Narino,1.5,-78.0,1.5,-78.0,438,2232,871,1,1,0.3859081864356994,0.3814384639263153,0.0044697225093841,3.2790697674418605
215,215,215,215,215,221,CO: Amazonas,-1.1666666666666667,-71.5,-1.1666666666666667,-71.5,7977,607,109,4,1,0.5740211009979248,0.7266703844070435,0.1526492834091186,2.75
216,216,216,216,216,222,CR: San Jose-Alajuelita,9.887222222222222,-84.11138888888888,9.887222222222222,-84.11138888888888,140891,97301,7,72,22,0.481633186340332,0.4413727521896362,0.0402604341506958,3.3157894736842106
217,217,217,217,217,223,CR: San Jose-Aserri,9.866666666666667,-84.1,9.866666666666667,-84.1,12921,6939,4,1,1,0.5070300698280334,0.4233429133892059,0.0836871564388275,3.3
218,218,218,218,218,224,CR: San Jose-Curridabat,9.91388888888889,-84.03583333333333,9.91388888888889,-84.03583333333333,105151,70265,6,413,132,0.6819438934326172,0.5432757139205933,0.1386681795120239,3.4
219,219,219,219,219,225,CR: San Jose-Desamparados,9.855277777777776,-84.0411111111111,9.855277777777776,-84.0411111111111,109026,98433,14,63,20,0.5062556266784668,0.4810042083263397,0.025251418352127,3.142857142857143
220,220,220,220,220,226,CR: San Jose-Escazu,9.91861111111111,-84.13972222222223,9.91861111111111,-84.13972222222223,90985,58831,7,228,89,0.6606833934783936,0.3788089156150818,0.2818744778633117,3.8
221,221,221,221,221,227,CR: San Jose-Goicoechea,9.948333333333334,-84.06361111111111,9.948333333333334,-84.06361111111111,96314,70379,6,115,53,0.8206743001937866,0.6270976066589355,0.193576693534851,3.3666666666666667
222,222,222,222,222,228,CR: San Jose-Montes de Oca,9.939444444444444,-84.03,9.939444444444444,-84.03,94960,63053,7,550,138,0.5817506313323975,0.547288179397583,0.0344624519348144,3.3
223,223,223,223,223,229,CR: San Jose-Moravia,9.961944444444445,-84.04916666666666,9.961944444444445,-84.04916666666666,112737,68723,7,312,87,0.7642789483070374,0.612709641456604,0.1515693068504333,3.5
224,224,224,224,224,230,CR: San Jose-San Jose,9.933333333333334,-84.08333333333333,9.933333333333334,-84.08333333333333,49307,28322,13,111,40,0.6473652124404907,0.5358227491378784,0.1115424633026123,3.4237288135593222
225,225,225,225,225,231,CR: San Jose-Tibas,9.966666666666669,-84.08333333333333,9.966666666666669,-84.08333333333333,117772,105212,5,351,53,0.7658910155296326,0.5559536218643188,0.20993739366531372,3.5
226,226,226,226,226,232,CR: San Jose-Vasquez de Coronado,9.866666666666667,-83.91666666666667,9.866666666666667,-83.91666666666667,88520,42732,9,178,64,0.6014643907546997,0.5517967939376831,0.0496675968170166,3.2
227,227,227,227,227,233,CR: San Jose-Santa Ana,9.924722222222222,-84.19388888888889,9.924722222222222,-84.19388888888889,81979,53280,7,186,51,0.4127177596092224,0.4329628348350525,0.020245075225830078,3.2
228,228,228,228,228,234,CR: Alajuela-Central,10.016111111111112,-84.21138888888889,10.016111111111112,-84.21138888888889,93039,36725,11,410,118,0.7664372324943542,0.5304598212242126,0.2359774112701416,3.254237288135593
229,229,229,229,229,235,CR: Alajuela-Grecia,10.068888888888887,-84.31444444444445,10.068888888888887,-84.31444444444445,54976,38990,14,11,6,0.7258337736129761,0.53475022315979,0.19108355045318604,3.5
230,230,230,230,230,236,CR: Alajuela-Poas,10.083333333333334,-84.23333333333333,10.083333333333334,-84.23333333333333,49970,57215,5,5,2,0.6756951808929443,0.4052862524986267,0.2704089283943176,3.2
231,231,231,231,231,237,CR: Cartago-Cartago,9.838333333333336,-83.86638888888888,9.838333333333336,-83.86638888888888,78140,58534,7,212,70,0.6354589462280273,0.5363681316375732,0.0990908145904541,3.1666666666666665
232,232,232,232,232,238,CR: Cartago-El Guarco,9.739166666666666,-83.92722222222223,9.739166666666666,-83.92722222222223,2901,2615,31,1,1,0.43345996737480164,0.43568694591522217,0.0022269785404205322,3.2
233,233,233,233,233,239,CR: Cartago-La Union,9.916666666666666,-83.98333333333333,9.916666666666666,-83.98333333333333,83847,52803,8,124,41,0.7368615865707397,0.5787252187728882,0.15813636779785156,3.2
234,234,234,234,234,240,CR: Cartago-Oreamuno,9.982222222222225,-83.84944444444444,9.982222222222225,-83.84944444444444,11361,12106,15,1,1,0.7384446263313293,0.8169636726379395,0.07851904630661011,3.4
235,235,235,235,235,241,CR: Cartago-Paraiso,9.838333333333336,-83.86638888888888,9.838333333333336,-83.86638888888888,78140,58534,7,212,70,0.6354589462280273,0.536162257194519,0.0992966890335083,3.4444444444444446
236,236,236,236,236,242,CR: Heredia-Barva,10.066666666666666,-84.10833333333333,10.066666666666666,-84.10833333333333,68303,22499,12,25,6,0.6526103019714355,0.39956390857696533,0.2530463933944702,3.3
237,237,237,237,237,243,CR: Heredia-Belen,9.983333333333333,-84.16666666666667,9.983333333333333,-84.16666666666667,116196,65076,7,55,31,0.8519008159637451,0.7248934507369995,0.1270073652267456,3.4
238,238,238,238,238,244,CR: Heredia-Heredia,9.993611111111113,-84.12722222222222,9.993611111111113,-84.12722222222222,92542,69352,7,445,139,0.8522308468818665,0.48212409019470215,0.3701067566871643,3.7
239,239,239,239,239,245,CR: Heredia-San Pablo,9.996666666666666,-84.09333333333333,9.996666666666666,-84.09333333333333,96724,49556,10,386,122,0.7335549592971802,0.49098140001296997,0.2425735592842102,3.7
240,240,240,240,240,246,CR: Heredia-San Rafael,10.046388888888888,-84.07527777777777,10.046388888888888,-84.07527777777777,145530,161574,6,82,10,0.6126190423965454,0.31000083684921265,0.30261820554733276,3.7
241,241,241,241,241,247,CR: Heredia-Santa Barbara,10.083333333333334,-84.15,10.083333333333334,-84.15,124965,19706,10,5,4,0.6745688319206238,0.3474898338317871,0.32707899808883667,2.888888888888889
242,242,242,242,242,248,CR: Heredia-Santo Domingo,9.983333333333333,-84.06833333333333,9.983333333333333,-84.06833333333333,136043,100978,5,137,36,0.6055148839950562,0.6964216232299805,0.09090673923492432,3.7
243,243,243,243,243,249,CR: San Jose-Leon Cortes,9.682777777777778,-84.04777777777778,9.682777777777778,-84.04777777777778,25366,52469,4,1,1,0.4593292772769928,0.3645108938217163,0.09481838345527649,3.5
244,244,244,244,244,250,CR: San Jose-Perez Zeledon,9.474444444444444,-83.50833333333334,9.474444444444444,-83.50833333333334,1304,1764,59,2,2,0.44412195682525635,0.5281347036361694,0.08401274681091309,3.35
245,245,245,245,245,251,CR: San Jose-Puriscal,9.726666666666668,-84.4038888888889,9.726666666666668,-84.4038888888889,94157,79771,8,2,1,0.4165761172771454,0.5180471539497375,0.10147103667259216,3.6
246,246,246,246,246,252,CR: San Jose-Turrubares,9.737222222222222,-84.52305555555556,9.737222222222222,-84.52305555555556,9056,2776,8,1,1,0.39503639936447144,0.47688591480255127,0.08184951543807983,3.1
247,247,247,247,247,253,CR: Alajuela-Los Chiles,11.035277777777775,-84.70583333333333,11.035277777777775,-84.70583333333333,82800,42364,9,4,2,0.6189286708831787,0.6887382864952087,0.06980961561203003,3.0
248,248,248,248,248,254,CR: Alajuela-Naranjo,10.107777777777777,-84.39277777777778,10.107777777777777,-84.39277777777778,134162,112338,5,5,5,0.5002316832542419,0.3577079772949219,0.14252370595932007,3.4
249,249,249,249,249,255,CR: Alajuela-Palmares,10.040277777777778,-84.43666666666667,10.040277777777778,-84.43666666666667,71086,26121,7,22,11,0.634494423866272,0.38931959867477417,0.2451748251914978,3.2
250,250,250,250,250,256,CR: Alajuela-San Carlos,10.32638888888889,-84.43194444444445,10.32638888888889,-84.43194444444445,82755,53834,8,64,33,0.691651463508606,0.5123695135116577,0.17928194999694824,3.45
251,251,251,251,251,257,CR: Alajuela-San Ramon,10.086944444444445,-84.47027777777778,10.086944444444445,-84.47027777777778,96061,40273,9,283,78,0.6665845513343811,0.47414010763168335,0.19244444370269775,3.4
252,252,252,252,252,258,CR: Alajuela-Upala,10.891944444444444,-85.01611111111112,10.891944444444444,-85.01611111111112,18633,18389,15,5,3,0.4422644376754761,0.5525640845298767,0.11029964685440063,3.4
253,253,253,253,253,259,CR: Alajuela-Sarchi,10.186944444444444,-84.30277777777778,10.186944444444444,-84.30277777777778,24518,25133,7,6,5,0.4975072145462036,0.42963728308677673,0.06786993145942688,3.0
254,254,254,254,254,260,CR: Cartago-Turrialba,10.023055555555556,-83.76388888888889,10.023055555555556,-83.76388888888889,17853,10132,12,1,1,0.795845627784729,0.9849481582641602,0.18910253047943115,3.25
255,255,255,255,255,261,CR: Heredia-Sarapiqui,10.5,-84.0,10.5,-84.0,52076,51637,12,28,3,0.743888258934021,0.8276646137237549,0.08377635478973389,3.526315789473684
256,256,256,256,256,262,CR: Guanacaste-Canas,10.430833333333332,-85.09805555555555,10.430833333333332,-85.09805555555555,71140,8729,19,17,3,0.7942523956298828,0.6530482769012451,0.1412041187286377,3.4
257,257,257,257,257,263,CR: Guanacaste-Carrillo,9.870277777777778,-85.48138888888889,9.870277777777778,-85.48138888888889,27987,20589,47,31,5,0.8124405145645142,0.7766631245613098,0.035777390003204346,3.1
258,258,258,258,258,264,CR: Guanacaste-La Cruz,10.984166666666663,-85.59888888888888,10.984166666666663,-85.59888888888888,9182,11180,15,1,1,0.41114240884780884,0.4051530659198761,0.005989342927932739,3.2
259,259,259,259,259,265,CR: Guanacaste-Liberia,10.635,-85.4375,10.635,-85.4375,66997,24041,13,319,64,0.6101894378662109,0.5733574032783508,0.03683203458786011,3.5
260,260,260,260,260,266,CR: Guanacaste-Nicoya,10.150277777777776,-85.45083333333334,10.150277777777776,-85.45083333333334,72657,55101,10,74,29,0.742220401763916,0.4749355614185333,0.2672848403453827,3.5
261,261,261,261,261,267,CR: Guanacaste-Santa Cruz,10.314722222222224,-85.81527777777778,10.314722222222224,-85.81527777777778,59971,33920,13,5,4,0.6136330366134644,0.5723382830619812,0.041294753551483154,3.2
262,262,262,262,262,268,CR: Puntarenas-Aguirre,9.431666666666668,-84.1613888888889,9.431666666666668,-84.1613888888889,67026,27121,11,141,44,0.7818489074707031,0.7671703100204468,0.014678597450256348,2.8
263,263,263,263,263,269,CR: Puntarenas-Buenos Aires,9.163611111111113,-83.32972222222222,9.163611111111113,-83.32972222222222,28672,35802,13,15,8,0.9472099542617798,0.6410961151123047,0.3061138391494751,3.5
264,264,264,264,264,270,CR: Puntarenas-Corredores,8.601388888888888,-82.96833333333333,8.601388888888888,-82.96833333333333,60307,35822,18,13,5,0.6995216012001038,0.6263725757598877,0.07314902544021606,3.2
265,265,265,265,265,271,CR: Puntarenas-Coto Brus,8.885277777777777,-82.94111111111111,8.885277777777777,-82.94111111111111,1815,275,62,2,1,0.5735938549041748,0.3041888475418091,0.2694050073623657,3.7
266,266,266,266,266,272,CR: Puntarenas-Esparza,9.980833333333331,-84.65805555555556,9.980833333333331,-84.65805555555556,86804,8729,13,13,3,0.6641885042190552,0.491743803024292,0.17244470119476318,3.2
267,267,267,267,267,273,CR: Puntarenas-Golfito,8.65388888888889,-83.18194444444445,8.65388888888889,-83.18194444444445,32973,8271,14,2,2,0.8226158022880554,0.7450469732284546,0.07756882905960083,3.4
268,268,268,268,268,274,CR: Puntarenas-Osa,8.71888888888889,-83.63916666666667,8.71888888888889,-83.63916666666667,2065,2491,14,1,1,0.7545335292816162,0.8201088905334473,0.06557536125183105,2.9
269,269,269,269,269,275,CR: Puntarenas-Puntarenas,9.976666666666668,-84.83777777777777,9.976666666666668,-84.83777777777777,72140,41451,12,134,44,0.9387133121490479,1.061046838760376,0.12233352661132812,3.1333333333333333
270,270,270,270,270,276,CR: Limon-Guacimo,10.2,-83.66666666666667,10.2,-83.66666666666667,19025,18912,9,1,1,0.8147214651107788,0.5426689982414246,0.27205246686935425,3.5
271,271,271,271,271,277,CR: Limon-Limon,9.990555555555554,-83.03583333333333,9.990555555555554,-83.03583333333333,73459,37000,14,45,18,0.7936426997184753,0.8252477049827576,0.03160500526428223,3.3
272,272,272,272,272,278,CR: Limon-Matina,10.013333333333334,-83.26416666666667,10.013333333333334,-83.26416666666667,2769,2768,8,3,1,0.631372332572937,0.7138035297393799,0.08243119716644287,3.0
273,273,273,273,273,279,CR: Limon-Pococi,10.216944444444444,-83.79694444444445,10.216944444444444,-83.79694444444445,48796,25182,13,22,15,0.8084944486618042,0.5898833274841309,0.21861112117767334,3.3666666666666667
274,274,274,274,274,280,CR: Limon-Siquirres,10.135833333333332,-83.4825,10.135833333333332,-83.4825,9383,8366,10,1,1,0.5876386165618896,0.6238818168640137,0.03624320030212402,3.6
275,275,275,275,275,281,CR: Limon-Talamanca,9.270277777777778,-83.03166666666667,9.270277777777778,-83.03166666666667,64221,12938,10,1,1,0.47741615772247314,0.37018051743507385,0.10723564028739929,3.2
276,276,276,276,276,282,CL: Arica y Parinacota-Arica,-18.474444444444444,-70.29777777777778,-18.474444444444444,-70.29777777777778,250335,170047,19,77,30,0.42127662897109985,0.9334760904312134,0.5121994614601135,2.9375
277,277,277,277,277,283,CL: Tarapaca-Iquique,-20.21305555555556,-70.15027777777779,-20.21305555555556,-70.15027777777779,271366,257379,16,158,51,0.869744062423706,1.0727468729019165,0.20300281047821045,2.6
278,278,278,278,278,284,CL: Tarapaca-Alto Hospicio,-20.26861111111111,-70.10472222222222,-20.26861111111111,-70.10472222222222,243536,220054,23,85,39,0.7742071151733398,0.7519726753234863,0.022234439849853516,2.7142857142857144
279,279,279,279,279,285,CL: Antofagasta-Calama,-22.456666666666667,-68.92361111111111,-22.456666666666667,-68.92361111111111,296944,270005,20,125,35,0.7464006543159485,0.7309763431549072,0.01542431116104126,2.9285714285714284
280,280,280,280,280,286,CL: Antofagasta-Antofagasta,-23.65222222222222,-70.39527777777778,-23.65222222222222,-70.39527777777778,213304,162549,15,150,60,0.4570176303386688,0.9090017080307007,0.45198407769203186,2.7142857142857144
281,281,281,281,281,287,CL: Atacama-Copiapo,-27.366666666666667,-70.33138888888888,-27.366666666666667,-70.33138888888888,285958,181066,16,38,21,0.5310876965522766,0.6504005193710327,0.1193128228187561,3.0
282,282,282,282,282,288,CL: Atacama-Vallenar,-28.59638888888889,-70.75583333333333,-28.59638888888889,-70.75583333333333,229034,235854,7,49,10,0.7374587059020996,0.7740859985351562,0.03662729263305664,2.7777777777777777
283,283,283,283,283,289,CL: Coquimbo-La Serena,-29.904444444444444,-71.24888888888889,-29.904444444444444,-71.24888888888889,268521,186747,11,49,27,0.577772855758667,0.5705143809318542,0.007258474826812744,3.0
284,284,284,284,284,291,CL: Coquimbo-Coquimbo,-30.75,-71.0,-30.75,-71.0,8781,7406,14,4,1,0.6458464860916138,0.8560587763786316,0.21021229028701782,3.117647058823529
285,285,285,285,285,292,CL: Coquimbo-Ovalle,-30.60083333333333,-71.19888888888889,-30.60083333333333,-71.19888888888889,222603,235604,10,27,15,0.6262058615684509,0.6255100965499878,0.0006957650184631348,3.2857142857142856
286,286,286,286,286,293,CL: Valparaiso-Quilpue,-33.0475,-71.44250000000001,-33.0475,-71.44250000000001,292049,192154,10,64,28,0.6843590140342712,0.6152074933052063,0.06915152072906494,2.909090909090909
287,287,287,287,287,294,CL: Valparaiso-Hijuelas,-32.79805555555556,-71.14611111111111,-32.79805555555556,-71.14611111111111,426095,303636,5,1,1,0.772580623626709,0.6790462732315063,0.09353435039520264,3.0
288,288,288,288,288,295,CL: Valparaiso-Villa Alemana,-33.04805555555556,-71.37277777777777,-33.04805555555556,-71.37277777777777,220806,138147,11,119,22,0.5389494895935059,0.6728224754333496,0.13387298583984375,3.5
289,289,289,289,289,296,CL: Valparaiso-La Calera,-32.78333333333333,-71.21666666666667,-32.78333333333333,-71.21666666666667,278995,126881,6,1,1,0.6669044494628906,0.5943360924720764,0.07256835699081421,3.0
290,290,290,290,290,297,CL: Valparaiso-San Felipe-Concon,-32.915,-71.50861111111111,-32.915,-71.50861111111111,141738,146166,11,15,10,0.884799063205719,0.8511786460876465,0.03362041711807251,3.0
291,291,291,291,291,298,CL: Valparaiso-Vina Del Mar,-33.02444444444444,-71.55166666666666,-33.02444444444444,-71.55166666666666,225330,168204,10,129,58,0.6492729783058167,0.8493218421936035,0.20004886388778687,2.8260869565217392
292,292,292,292,292,299,CL: Valparaiso-Valparaiso,-33.03583333333333,-71.62944444444443,-33.03583333333333,-71.62944444444443,235795,128252,12,39,19,0.7090311050415039,0.8380284309387207,0.1289973258972168,1.9047619047619049
293,293,293,293,293,300,CL: Libertador Bernardo O'Higgins-Pichidegua-Las Pataguas,-34.29972222222222,-71.35555555555555,-34.29972222222222,-71.35555555555555,400210,316877,7,5,2,0.8925638198852539,0.6409760117530823,0.25158780813217163,2.6666666666666665
294,294,294,294,294,301,CL: Valparaiso-Quillota,-32.88333333333333,-71.24861111111112,-32.88333333333333,-71.24861111111112,260407,165233,7,22,13,0.7059929966926575,0.7675144672393799,0.06152147054672241,2.7142857142857144
295,295,295,295,295,302,CL: Valparaiso-San Felipe,-32.749722222222225,-70.72583333333334,-32.749722222222225,-70.72583333333334,227616,155018,8,46,20,0.5414516925811768,0.7249043583869934,0.18345266580581665,2.7142857142857144
296,296,296,296,296,303,CL: Valparaiso-San Esteban,-32.79861111111111,-70.58055555555555,-32.79861111111111,-70.58055555555555,381898,208147,8,11,3,0.792496383190155,0.6911535263061523,0.10134285688400269,2.75
297,297,297,297,297,305,CL: Valparaiso-Los Andes,-32.83361111111111,-70.59805555555555,-32.83361111111111,-70.59805555555555,295855,256100,7,28,18,0.5580286383628845,0.6605527997016907,0.10252416133880615,2.7142857142857144
298,298,298,298,298,306,CL: Valparaiso-San Antonio,-33.594722222222224,-71.60722222222222,-33.594722222222224,-71.60722222222222,322865,272032,18,18,10,0.6833196878433228,0.9179577827453613,0.23463809490203857,2.2857142857142856
299,299,299,299,299,307,CL: Metropolitana-Barnechea,-33.36055555555556,-70.51222222222222,-33.36055555555556,-70.51222222222222,326989,263319,5,146,47,0.837641716003418,0.6618770360946655,0.17576467990875244,3.0
300,300,300,300,300,308,CL: Metropolitana-Vitacura,-33.39222222222222,-70.5825,-33.39222222222222,-70.5825,244989,150869,7,65,25,0.7743611335754395,0.7739449143409729,0.00041621923446655273,3.333333333333333
301,301,301,301,301,309,CL: Metropolitana-Las Condes,-33.42055555555555,-70.50166666666667,-33.42055555555555,-70.50166666666667,231002,148780,8,22,13,0.5911155939102173,0.6439939141273499,0.05287832021713257,3.2
302,302,302,302,302,310,CL: Metropolitana-La Reina,-33.45583333333334,-70.54666666666667,-33.45583333333334,-70.54666666666667,351950,235010,7,73,24,0.7404276728630066,0.671807050704956,0.06862062215805054,2.571428571428572
303,303,303,303,303,311,CL: Metropolitana-Providencia,-33.43083333333333,-70.60444444444444,-33.43083333333333,-70.60444444444444,328834,244715,6,213,82,0.5217099189758301,0.5512369871139526,0.02952706813812256,3.333333333333333
304,304,304,304,304,312,CL: Metropolitana-Nunoa,-33.447222222222216,-70.58277777777778,-33.447222222222216,-70.58277777777778,281514,228176,8,129,51,0.5459635853767395,0.590817391872406,0.044853806495666504,2.642857142857143
305,305,305,305,305,313,CL: Metropolitana-Penalolen,-33.468333333333334,-70.53388888888888,-33.468333333333334,-70.53388888888888,304999,261974,6,54,27,0.6003644466400146,0.6077032089233398,0.007338762283325195,2.588235294117647
306,306,306,306,306,314,CL: Metropolitana-Macul,-33.49,-70.60083333333333,-33.49,-70.60083333333333,282468,250685,5,160,31,0.6423602104187012,0.7135534286499023,0.07119321823120117,3.0
307,307,307,307,307,315,CL: Metropolitana-Santiago,-33.456944444444446,-70.64805555555556,-33.456944444444446,-70.64805555555556,304553,254152,6,276,112,0.48550131916999817,0.6787106990814209,0.19320937991142273,1.9565217391304348
308,308,308,308,308,316,CL: Metropolitana-Quilicura,-33.35527777777778,-70.73583333333333,-33.35527777777778,-70.73583333333333,319329,261707,5,191,55,0.768443763256073,0.8426555395126343,0.07421177625656128,2.7857142857142856
309,309,309,309,309,317,CL: Metropolitana-Huechuraba,-33.36027777777778,-70.63722222222223,-33.36027777777778,-70.63722222222223,239266,229561,6,160,43,0.6327782869338989,0.7518291473388672,0.11905086040496826,2.4
310,310,310,310,310,318,CL: Metropolitana-Conchali,-33.378055555555555,-70.67444444444445,-33.378055555555555,-70.67444444444445,311484,239444,6,100,52,0.5098124742507935,0.6997846364974976,0.1899721622467041,3.0
311,311,311,311,311,319,CL: Metropolitana-Recoleta,-33.406388888888884,-70.63944444444445,-33.406388888888884,-70.63944444444445,346817,298456,6,60,31,0.5962268710136414,0.6536310315132141,0.057404160499572754,2.4545454545454546
312,312,312,312,312,320,CL: Metropolitana-Independencia,-33.41166666666666,-70.66638888888889,-33.41166666666666,-70.66638888888889,309975,240332,6,142,72,0.5932352542877197,0.702625036239624,0.1093897819519043,2.5
313,313,313,313,313,321,CL: Metropolitana-Renca,-33.39055555555556,-70.71055555555556,-33.39055555555556,-70.71055555555556,280111,284133,5,53,19,0.6003046631813049,0.8014479875564575,0.2011433243751526,2.2
314,314,314,314,314,322,CL: Metropolitana-Quinta Normal,-33.44166666666666,-70.67888888888889,-33.44166666666666,-70.67888888888889,92735,93573,3,1,1,0.6688141226768494,0.6644535660743713,0.004360556602478027,3.0
315,315,315,315,315,323,CL: Metropolitana-Pudahuel,-33.39277777777778,-70.78555555555555,-33.39277777777778,-70.78555555555555,25073,21386,4,36,27,0.9267602562904358,0.7936390042304993,0.13312125205993652,2.625
316,316,316,316,316,324,CL: Metropolitana-Santiago-Cerro Navia,-33.42388888888889,-70.72083333333333,-33.42388888888889,-70.72083333333333,258149,269163,5,174,32,0.5177412033081055,0.7584089040756226,0.2406677007675171,2.533333333333333
317,317,317,317,317,325,CL: Metropolitana-Lo Prado,-33.44416666666666,-70.72527777777778,-33.44416666666666,-70.72527777777778,307576,269072,5,132,52,0.5447282195091248,0.5673247575759888,0.022596538066864014,2.4285714285714284
318,318,318,318,318,326,CL: Metropolitana-Estacion Central,-33.464444444444446,-70.69833333333334,-33.464444444444446,-70.69833333333334,277907,224451,8,88,46,0.5612819790840149,0.6627510786056519,0.10146909952163696,2.5
319,319,319,319,319,327,CL: Metropolitana-Maipu,-33.51416666666667,-70.765,-33.51416666666667,-70.765,306902,255464,7,158,38,0.637810230255127,0.6997130513191223,0.06190282106399536,2.6842105263157894
320,320,320,320,320,328,CL: Metropolitana-San Miguel,-33.49888888888889,-70.65166666666667,-33.49888888888889,-70.65166666666667,269697,213527,6,211,58,0.4886319935321808,0.7444292306900024,0.25579723715782166,2.8
321,321,321,321,321,329,CL: Metropolitana-Pedro Aguirre Cerda,-33.49166666666667,-70.67611111111111,-33.49166666666667,-70.67611111111111,355790,281487,5,92,40,0.6258566379547119,0.7569599151611328,0.1311032772064209,2.7142857142857144
322,322,322,322,322,330,CL: Metropolitana-Cerrillos,-33.49277777777778,-70.69722222222222,-33.49277777777778,-70.69722222222222,848,4034,33,1,1,0.8535820245742798,0.7003094553947449,0.1532725691795349,2.6666666666666665
323,323,323,323,323,331,CL: Metropolitana-Santiago-Angostura,-33.870555555555555,-71.20444444444445,-33.870555555555555,-71.20444444444445,1837,254,52,4,1,0.8689247369766235,0.9357609748840332,0.06683623790740967,3.1666666666666665
324,324,324,324,324,332,CL: Metropolitana-San Joaquin,-33.5,-70.61666666666666,-33.5,-70.61666666666666,264537,212185,6,166,60,0.7172131538391113,0.6616863012313843,0.05552685260772705,3.142857142857143
325,325,325,325,325,333,CL: Metropolitana-La Cisterna,-33.53,-70.66388888888889,-33.53,-70.66388888888889,278521,144081,10,85,38,0.6346762180328369,0.6711913347244263,0.036515116691589355,3.5
326,326,326,326,326,334,CL: Metropolitana-El Bosque,-33.56083333333333,-70.6875,-33.56083333333333,-70.6875,342413,306146,9,10,8,0.7739476561546326,0.6712538599967957,0.10269379615783691,3.0
327,327,327,327,327,335,CL: La Araucania-San Ramon,-37.87472222222223,-72.97500000000001,-37.87472222222223,-72.97500000000001,53043,24569,47,2,1,0.4574686586856842,0.31632786989212036,0.14114078879356384,2.833333333333333
328,328,328,328,328,336,CL: Metropolitana-La Granja,-33.53527777777778,-70.62222222222222,-33.53527777777778,-70.62222222222222,210025,186520,6,62,27,0.5989015102386475,0.7183634638786316,0.11946195363998413,3.333333333333333
329,329,329,329,329,337,CL: Metropolitana-La Pintana,-33.58305555555556,-70.63416666666667,-33.58305555555556,-70.63416666666667,263525,219608,12,42,19,0.6723453998565674,0.647346019744873,0.024999380111694336,3.230769230769231
330,330,330,330,330,338,CL: Metropolitana-La Florida,-33.538333333333334,-70.55444444444444,-33.538333333333334,-70.55444444444444,222285,164622,8,112,44,0.8206393718719482,0.6358036398887634,0.18483573198318481,2.5185185185185186
331,331,331,331,331,339,CL: Metropolitana-San Bernardo,-33.591944444444444,-70.69944444444445,-33.591944444444444,-70.69944444444445,265778,159901,7,55,27,0.6494163274765015,0.6787689924240112,0.029352664947509766,3.55
332,332,332,332,332,340,CL: Metropolitana-Puente Alto,-33.611666666666665,-70.57555555555555,-33.611666666666665,-70.57555555555555,301527,131251,8,53,25,0.6360636353492737,0.7124115228652954,0.07634788751602173,2.8095238095238093
333,333,333,333,333,341,CL: Metropolitana-Talagante-Padre Hurtado,-33.55694444444444,-70.87055555555555,-33.55694444444444,-70.87055555555555,92287,93698,4,1,1,0.7382957935333252,0.6191351413726807,0.11916065216064453,3.0
334,334,334,334,334,342,CL: Metropolitana-Valdivia de Paine,-33.808055555555555,-70.85777777777777,-33.808055555555555,-70.85777777777777,286497,295018,5,2,1,0.7974345684051514,0.7445850372314453,0.052849531173706055,2.6666666666666665
335,335,335,335,335,344,CL: Metropolitana-Buin,-33.7325,-70.74277777777777,-33.7325,-70.74277777777777,229524,181157,7,36,19,0.5574212074279785,0.7375650405883789,0.1801438331604004,2.6
336,336,336,336,336,345,CL: Metropolitana-Hospital,-33.86805555555556,-70.74555555555555,-33.86805555555556,-70.74555555555555,63389,80518,2,7,4,0.8316550850868225,0.7626343965530396,0.06902068853378296,2.75
337,337,337,337,337,346,CL: Metropolitana-Penaflor,-33.60611111111111,-70.87638888888888,-33.60611111111111,-70.87638888888888,289990,236964,7,94,48,0.561638593673706,0.6336216926574707,0.07198309898376465,3.1666666666666665
338,338,338,338,338,347,CL: Libertador Bernardo O'Higgins-Las Cabras-El Manzano,-34.15555555555555,-71.45583333333333,-34.15555555555555,-71.45583333333333,13422,5815,26,1,1,0.5191044211387634,0.7720091342926025,0.2529047131538391,2.1666666666666665
339,339,339,339,339,348,CL: Metropolitana-Curacavi,-33.3975,-71.12694444444443,-33.3975,-71.12694444444443,129923,138863,14,14,8,0.7864156365394592,0.7954818606376648,0.009066224098205566,3.2
340,340,340,340,340,350,CL: Metropolitana-Talagante,-33.66361111111111,-70.92722222222223,-33.66361111111111,-70.92722222222223,256093,249348,5,18,10,0.6764777898788452,0.8174324631690979,0.14095467329025269,3.142857142857143
341,341,341,341,341,351,CL: Metropolitana-Melipilla,-33.68888888888888,-71.21527777777779,-33.68888888888888,-71.21527777777779,201919,137497,6,36,11,0.5066845417022705,0.7857561111450195,0.279071569442749,3.0
342,342,342,342,342,352,CL: Libertador Bernardo O'Higgins-Rancagua,-34.170833333333334,-70.74444444444444,-34.170833333333334,-70.74444444444444,411158,162387,10,16,9,0.5452175140380859,0.8124698996543884,0.2672523856163025,2.789473684210526
343,343,343,343,343,353,CL: Libertador Bernardo O'Higgins-Malloa,-34.47611111111112,-70.87333333333332,-34.47611111111112,-70.87333333333332,413759,291289,7,2,2,0.421758770942688,0.6653194427490234,0.24356067180633545,2.833333333333333
344,344,344,344,344,354,CL: Libertador Bernardo O'Higgins-Pelequen,-34.46416666666667,-70.89444444444445,-34.46416666666667,-70.89444444444445,251213,228888,8,24,8,0.9122378826141357,0.796836256980896,0.11540162563323975,3.571428571428572
345,345,345,345,345,355,CL: Libertador Bernardo O'Higgins-San Fernando,-34.56638888888889,-70.96861111111112,-34.56638888888889,-70.96861111111112,4673,4855,20,1,1,0.880937933921814,0.6969467401504517,0.1839911937713623,2.9166666666666665
346,346,346,346,346,356,CL: Libertador Bernardo O'Higgins-Pichidegua-Pataguas Orilla,-34.29972222222222,-71.35555555555555,-34.29972222222222,-71.35555555555555,400210,316877,7,5,2,0.8925638198852539,0.6437845230102539,0.248779296875,3.8
347,347,347,347,347,357,CL: Libertador Bernardo O'Higgins-Colchagua-Peralillo,-34.448611111111106,-71.38583333333334,-34.448611111111106,-71.38583333333334,20949,10349,43,1,1,0.709284782409668,0.7308744788169861,0.021589696407318115,3.0
348,348,348,348,348,358,CL: Maule-Curico,-34.98277777777778,-71.23916666666666,-34.98277777777778,-71.23916666666666,200300,75128,10,33,13,0.5480779409408569,0.6949807405471802,0.14690279960632324,3.0
349,349,349,349,349,359,CL: Maule-Parral,-36.14305555555556,-71.82583333333334,-36.14305555555556,-71.82583333333334,252485,236484,8,75,16,0.4833402633666992,0.5995547771453857,0.11621451377868652,3.0
350,350,350,350,350,360,CL: Maule-Talca-Lo Figueroa,-35.41277777777778,-71.76027777777777,-35.41277777777778,-71.76027777777777,410961,487384,5,3,1,0.5519384145736694,0.7314108610153198,0.1794724464416504,3.1666666666666665
351,351,351,351,351,361,CL: Maule-Linares,-35.84666666666667,-71.59305555555555,-35.84666666666667,-71.59305555555555,338574,241906,8,46,16,0.5893043279647827,0.6033258438110352,0.014021515846252441,3.2
352,352,352,352,352,362,CL: Maule-Santa Ana de Queri,-35.624722222222225,-71.46027777777778,-35.624722222222225,-71.46027777777778,9910,4491,24,1,1,0.7552557587623596,0.6235718131065369,0.13168394565582275,2.8
353,353,353,353,353,363,CL: Maule-Talca,-35.42638888888889,-71.65527777777778,-35.42638888888889,-71.65527777777778,175354,120092,10,73,24,0.5137656927108765,0.6023341417312622,0.08856844902038574,3.25
354,354,354,354,354,364,CL: Maule-Molina,-35.11416666666667,-71.28222222222222,-35.11416666666667,-71.28222222222222,93292,106464,13,11,8,0.6277490854263306,0.7259083390235901,0.09815925359725952,3.0
355,355,355,355,355,365,CL: Maule-Vara Gruesa,-35.8325,-71.52444444444444,-35.8325,-71.52444444444444,32064,16768,21,2,1,0.7838499546051025,0.7096219658851624,0.07422798871994019,2.4
356,356,356,356,356,366,CL: Bio Bio-Chillan,-36.82861111111112,-71.40972222222223,-36.82861111111112,-71.40972222222223,338605,122934,25,2,1,0.896437406539917,0.9305895566940308,0.03415215015411377,2.7857142857142856
357,357,357,357,357,367,CL: Bio Bio-Caupolican,-37.54833333333333,-73.35888888888888,-37.54833333333333,-73.35888888888888,123703,17172,42,4,1,0.667648434638977,0.5305308699607849,0.13711756467819214,3.083333333333333
358,358,358,358,358,368,CL: Bio Bio-Talcahuano,-36.72472222222223,-73.11666666666666,-36.72472222222223,-73.11666666666666,341894,225686,11,7,7,0.8654358386993408,0.980698823928833,0.11526298522949219,3.090909090909091
359,359,359,359,359,369,CL: Bio Bio-Chiguayante,-36.92555555555556,-73.02833333333334,-36.92555555555556,-73.02833333333334,282318,216291,9,51,16,0.6444810628890991,0.8626975417137146,0.21821647882461548,3.1666666666666665
360,360,360,360,360,370,CL: Bio Bio-Concepcion-Hualpen,-36.78888888888888,-73.10138888888888,-36.78888888888888,-73.10138888888888,265918,189961,11,80,24,0.6747571229934692,0.6862854957580566,0.011528372764587402,2.142857142857143
361,361,361,361,361,371,CL: Bio Bio-Concepcion,-36.82694444444445,-73.04972222222221,-36.82694444444445,-73.04972222222221,227092,215650,8,81,46,0.5561762452125549,0.7141396999359131,0.15796345472335815,2.8666666666666667
362,362,362,362,362,372,CL: Bio Bio-Contulmo,-38.01555555555556,-73.22972222222222,-38.01555555555556,-73.22972222222222,338343,242295,5,3,2,0.6461085081100464,0.7378787994384766,0.09177029132843018,3.875
363,363,363,363,363,373,CL: Bio Bio-Coronel,-37.03361111111111,-73.14,-37.03361111111111,-73.14,384430,331656,11,8,3,0.8048290610313416,0.9415045976638794,0.13667553663253784,1.625
364,364,364,364,364,374,CL: Bio Bio-Lota,-37.08972222222222,-73.1575,-37.08972222222222,-73.1575,192952,211667,7,95,21,0.7359659671783447,0.6575707793235779,0.07839518785476685,3.0
365,365,365,365,365,375,CL: Bio Bio-San Pedro De La Paz,-36.83888888888889,-73.10027777777778,-36.83888888888889,-73.10027777777778,280503,214643,8,45,17,0.8039126396179199,0.7694942355155945,0.03441840410232544,1.8888888888888888
366,366,366,366,366,376,CL: Metropolitana-El Carmen,-33.61666666666667,-70.83333333333333,-33.61666666666667,-70.83333333333333,158980,152273,6,12,4,0.7525604963302612,0.8687146306037903,0.11615413427352905,2.6666666666666665
367,367,367,367,367,377,CL: Bio Bio-Yumbel,-37.09805555555556,-72.56083333333333,-37.09805555555556,-72.56083333333333,342487,367458,3,9,4,0.6128827333450317,0.5597286224365234,0.0531541109085083,3.6666666666666665
368,368,368,368,368,378,CL: Bio Bio-Millantu,-37.41027777777778,-72.61166666666666,-37.41027777777778,-72.61166666666666,79199,11421,34,2,1,0.6388293504714966,0.9448844194412231,0.30605506896972656,3.75
369,369,369,369,369,379,CL: Bio Bio-Penco,-36.74055555555556,-72.99527777777777,-36.74055555555556,-72.99527777777777,257519,249178,3,16,12,0.6641323566436768,0.6220130920410156,0.04211926460266113,2.333333333333333
370,370,370,370,370,380,CL: Bio Bio-Tome,-36.6175,-72.95583333333333,-36.6175,-72.95583333333333,181613,163810,6,12,7,0.7976621389389038,0.6948162317276001,0.10284590721130371,2.6666666666666665
371,371,371,371,371,381,CL: Bio Bio-Hualqui,-36.9725,-72.93555555555555,-36.9725,-72.93555555555555,240766,216588,4,11,8,0.6936858892440796,0.7342499494552612,0.04056406021118164,2.1666666666666665
372,372,372,372,372,382,CL: Bio Bio-Los Angeles,-37.469722222222224,-72.3536111111111,-37.469722222222224,-72.3536111111111,234262,127301,14,31,13,0.5909623503684998,0.648888349533081,0.0579259991645813,2.363636363636364
373,373,373,373,373,383,CL: La Araucania-Freire,-38.92527777777777,-72.65083333333334,-38.92527777777777,-72.65083333333334,67270,12518,35,1,1,0.6747742295265198,0.6333959102630615,0.04137831926345825,2.833333333333333
374,374,374,374,374,384,CL: La Araucania-Quitratue,-39.13361111111111,-72.66944444444445,-39.13361111111111,-72.66944444444445,200800,255701,3,1,1,0.6423419713973999,0.737581193447113,0.09523922204971313,3.1666666666666665
375,375,375,375,375,385,CL: La Araucania-Temuco,-38.739444444444445,-72.59833333333333,-38.739444444444445,-72.59833333333333,348602,263215,11,62,31,0.6036784648895264,0.6013405323028564,0.002337932586669922,2.3684210526315788
376,376,376,376,376,386,CL: La Araucania-Padre Las Casas,-38.766666666666666,-72.63694444444445,-38.766666666666666,-72.63694444444445,643270,491927,8,1,1,0.7509526014328003,0.5235447883605957,0.2274078130722046,2.5
377,377,377,377,377,387,CL: La Araucania-San Patricio,-38.10944444444445,-72.87444444444444,-38.10944444444445,-72.87444444444444,229654,17799,39,1,1,0.8757036328315735,0.8865149021148682,0.010811269283294678,3.0
378,378,378,378,378,388,CL: La Araucania-Cholchol,-38.58305555555556,-72.90194444444445,-38.58305555555556,-72.90194444444445,218032,166295,7,9,4,0.6875108480453491,0.5145913362503052,0.17291951179504395,3.1666666666666665
379,379,379,379,379,389,CL: La Araucania-Angol,-37.79444444444445,-72.68722222222223,-37.79444444444445,-72.68722222222223,439829,402124,7,2,2,0.7871159315109253,0.7358341813087463,0.051281750202178955,2.25
380,380,380,380,380,390,CL: La Araucania-Vilcun,-38.69083333333333,-72.2875,-38.69083333333333,-72.2875,28536,8629,58,1,1,0.8777252435684204,0.6066587567329407,0.27106648683547974,3.6
381,381,381,381,381,391,CL: Los Rios-Valdivia-Mariquina-Pelchuquin,-39.62472222222223,-73.0761111111111,-39.62472222222223,-73.0761111111111,60283,57666,3,24,3,0.8835840821266174,0.700831413269043,0.18275266885757446,2.75
382,382,382,382,382,392,CL: Los Rios-Valdivia-Niebla,-39.865833333333335,-73.39527777777778,-39.865833333333335,-73.39527777777778,289169,271397,13,9,4,0.790378749370575,0.8100519180297852,0.019673168659210205,3.25
383,383,383,383,383,393,CL: Los Rios-Valdivia,-39.814166666666665,-73.24583333333334,-39.814166666666665,-73.24583333333334,242968,158986,7,43,14,0.8023785352706909,0.9967922568321228,0.19441372156143188,2.5454545454545454
384,384,384,384,384,394,CL: Los Lagos-Rio Negro,-40.796388888888885,-73.21527777777779,-40.796388888888885,-73.21527777777779,64475,80724,11,4,2,0.766707718372345,0.644514799118042,0.12219291925430298,2.333333333333333
385,385,385,385,385,395,CL: Los Lagos-Osorno-Cancura,-40.75972222222222,-72.965,-40.75972222222222,-72.965,65502,63696,5,7,2,0.8395432829856873,0.6886367797851562,0.150906503200531,2.8
386,386,386,386,386,396,CL: Los Lagos-Osorno,-40.573888888888895,-73.13333333333334,-40.573888888888895,-73.13333333333334,319059,240809,11,33,18,0.667109489440918,0.7721436023712158,0.10503411293029785,2.6
387,387,387,387,387,397,CL: Los Lagos-Huelmo,-42.63138888888889,-73.35722222222222,-42.63138888888889,-73.35722222222222,9652,1446,26,1,1,0.8636475801467896,0.7628924250602722,0.10075515508651733,3.2
388,388,388,388,388,398,CL: Los Lagos-Puerto Montt-Piedra Azul,-41.48888888888889,-72.81166666666667,-41.48888888888889,-72.81166666666667,106996,20192,38,14,1,0.6396834850311279,0.8229081630706787,0.18322467803955078,3.0
389,389,389,389,389,399,CL: Los Lagos-Puerto Varas,-41.31944444444445,-72.98527777777778,-41.31944444444445,-72.98527777777778,321259,130947,19,29,8,0.7710797190666199,0.7639932632446289,0.007086455821990967,3.8
390,390,390,390,390,400,CL: Los Lagos-Alerce,-40.23722222222222,-73.67277777777778,-40.23722222222222,-73.67277777777778,84484,15015,57,8,1,0.444510817527771,0.6419693231582642,0.19745850563049316,4.0
391,391,391,391,391,401,CL: Los Lagos-Puerto Montt,-41.469166666666666,-72.94222222222223,-41.469166666666666,-72.94222222222223,219055,186241,11,52,10,0.7705075740814209,0.745115339756012,0.025392234325408936,3.8
392,392,392,392,392,402,CL: Aysen del General Carlos Ibanez del Campo-Coihaique,-45.575,-72.06611111111111,-45.575,-72.06611111111111,141056,73289,4,13,5,0.5436833500862122,0.7271716594696045,0.18348830938339233,3.0
393,393,393,393,393,403,CL: Magallanes y la Antartida Chilena-Punta Arenas,-53.15472222222222,-70.91111111111111,-53.15472222222222,-70.91111111111111,321825,240744,21,49,11,0.7750589847564697,0.7200405597686768,0.05501842498779297,2.363636363636364
394,394,394,394,394,404,DO: Distrito Nacional-Santo Domingo De Guzman,18.471666666666664,-69.89222222222223,18.471666666666664,-69.89222222222223,37529,14884,29,101,54,0.738753080368042,0.8239331245422363,0.08518004417419434,3.5625
395,395,395,395,395,405,DO: Santo Domingo-Santo Domingo Este,18.488333333333333,-69.85694444444444,18.488333333333333,-69.85694444444444,48384,12064,8,273,92,0.5828872919082642,0.7792636156082153,0.19637632369995117,3.55
396,396,396,396,396,406,DO: Santo Domingo-Santo Domingo Oeste,18.5,-70.0,18.5,-70.0,45030,16260,9,234,62,0.6345783472061157,0.6453505754470825,0.010772228240966797,3.466666666666667
397,397,397,397,397,407,DO: Santo Domingo-Santo Domingo Norte,19.451666666666664,-70.69694444444445,19.451666666666664,-70.69694444444445,28036,10032,10,189,65,0.6078147888183594,0.7602301836013794,0.15241539478302002,3.333333333333333
398,398,398,398,398,408,DO: Santo Domingo-Boca Chica (Mun.),18.45694444444444,-69.61388888888888,18.45694444444444,-69.61388888888888,39523,11160,12,27,10,0.8900893926620483,0.9592363834381104,0.06914699077606201,3.3
399,399,399,399,399,409,DO: Santo Domingo-San Antonio de Guerra,19.793333333333337,-70.68833333333333,19.793333333333337,-70.68833333333333,45814,23266,13,102,49,0.7254964113235474,0.7155584096908569,0.00993800163269043,3.8
400,400,400,400,400,410,DO: Santo Domingo-Los Alcarrizos (DM),18.52777777777778,-70.03611111111111,18.52777777777778,-70.03611111111111,38412,7769,9,91,38,0.49142542481422424,0.5615142583847046,0.07008883357048035,3.566666666666667
401,401,401,401,401,411,DO: Santo Domingo-Pedro Brand,18.619444444444444,-70.09055555555555,18.619444444444444,-70.09055555555555,89661,15189,102,1,1,0.6552466154098511,0.5180479288101196,0.13719868659973145,3.7
402,402,402,402,402,412,DO: Espaillat - Municipio Moca,19.45722222222222,-70.54333333333334,19.45722222222222,-70.54333333333334,15119,8296,30,48,9,0.5839841961860657,0.391960084438324,0.1920241117477417,3.2
403,403,403,403,403,413,DO: Puerto Plata-Puerto Plata,19.793333333333337,-70.68833333333333,19.793333333333337,-70.68833333333333,45814,23266,13,102,49,0.7255048751831055,0.7156293392181396,0.00987553596496582,3.263157894736842
404,404,404,404,404,414,DO: Santiago-Santiago (Mun.),19.451666666666664,-70.69694444444445,19.451666666666664,-70.69694444444445,28036,10032,10,189,65,0.6078183650970459,0.7607253789901733,0.15290701389312744,3.3529411764705883
405,405,405,405,405,415,DO: La Vega-La Vega,19.221944444444443,-70.52944444444444,19.221944444444443,-70.52944444444444,29780,11489,30,309,97,0.5622583031654358,0.8112125396728516,0.24895423650741577,3.1666666666666665
406,406,406,406,406,416,DO: Monsenor Nouel-Bonao,18.936666666666667,-70.40916666666668,18.936666666666667,-70.40916666666668,7596,1821,23,128,27,0.45068418979644775,0.4433763027191162,0.007307887077331543,3.0
407,407,407,407,407,417,DO: Duarte-San Francisco de Macoris,19.300833333333333,-70.2525,19.300833333333333,-70.2525,43665,10199,24,95,48,0.5213735103607178,0.4337305426597595,0.08764296770095825,3.3157894736842106
408,408,408,408,408,418,DO: Peravia-Bani,18.279444444444444,-70.33166666666666,18.279444444444444,-70.33166666666666,64542,15639,10,116,56,0.5701936483383179,0.5958185195922852,0.025624871253967285,3.3
409,409,409,409,409,419,DO: San Cristobal-San Cristobal (Mun.),18.416666666666668,-70.1,18.416666666666668,-70.1,36259,10000,11,93,45,0.6492049694061279,0.5160521268844604,0.13315284252166748,3.4
410,410,410,410,410,420,DO: San Cristobal-Bajos de Haina,18.41527777777777,-70.03305555555555,18.41527777777777,-70.03305555555555,45618,6924,12,326,60,0.5128344893455505,0.8334065079689026,0.32057201862335205,3.0
411,411,411,411,411,421,DO: San Juan-San Juan (Mun.),18.83333333333333,-71.25,18.83333333333333,-71.25,3163,1217,111,36,3,0.691184937953949,0.7130956649780273,0.02191072702407837,3.9
412,412,412,412,412,422,DO: La Altagracia-Higuey,18.615,-68.70777777777778,18.615,-68.70777777777778,41246,13357,18,120,60,0.5847498774528503,0.6852668523788452,0.10051697492599487,3.375
413,413,413,413,413,423,DO: La Romana-La Romana (Mun.),18.427222222222223,-68.97277777777778,18.427222222222223,-68.97277777777778,26580,6633,26,133,34,0.43989837169647217,0.8248392343521118,0.38494086265563965,3.5
414,414,414,414,414,424,DO: San Pedro de Macoris-San Pedro de Macoris (Munic.),18.453888888888887,-69.3086111111111,18.453888888888887,-69.3086111111111,44361,14535,18,64,41,0.5091645121574402,0.8651373386383057,0.3559728264808655,3.4
415,415,415,415,415,426,DO: Puerto Plata-Sosua,19.75777777777778,-70.57,19.75777777777778,-70.57,7356,3502,12,5,4,0.9009050726890564,0.7663393616676331,0.13456571102142334,3.7777777777777777
416,416,416,416,416,427,DO: Santiago-Bisono,19.56361111111111,-70.87555555555555,19.56361111111111,-70.87555555555555,15940,11073,21,54,13,0.6040713787078857,0.574920654296875,0.029150724411010742,3.4
417,417,417,417,417,428,DO: Santiago-San Jose de las Matas,19.33888888888889,-70.93805555555556,19.33888888888889,-70.93805555555556,38714,17012,20,8,5,0.48727068305015564,0.5159675478935242,0.02869686484336853,3.4
418,418,418,418,418,429,DO: Santiago-Villa Gonzalez,19.54055555555556,-70.78833333333333,19.54055555555556,-70.78833333333333,2119,649,191,8,3,0.6899820566177368,0.6666840314865112,0.023298025131225586,3.3
419,419,419,419,419,430,DO: La Vega-Constanza,18.81361111111111,-70.6261111111111,18.81361111111111,-70.6261111111111,151436,11326,90,1,1,0.4988916516304016,0.5908490419387817,0.09195739030838013,3.5
420,420,420,420,420,431,DO: La Vega-Jima Abajo,19.128888888888888,-70.39527777777778,19.128888888888888,-70.39527777777778,5064,3859,17,24,6,0.9996848702430725,0.8205739259719849,0.17911094427108765,3.2
421,421,421,421,421,432,DO: Sanchez Ramirez-Cotui,19.0525,-70.14916666666667,19.0525,-70.14916666666667,21201,5200,39,128,45,0.6450904607772827,0.5756544470787048,0.06943601369857788,3.2
422,422,422,422,422,434,DO: Duarte-Villa Riva,19.150277777777777,-69.88361111111112,19.150277777777777,-69.88361111111112,1200,740,22,2,2,0.9122612476348877,0.8941136002540588,0.018147647380828857,3.6
423,423,423,423,423,435,DO: Maria Trinidad Sanchez-Nagua,19.38305555555556,-69.84722222222221,19.38305555555556,-69.84722222222221,23280,6491,14,66,25,0.96870356798172,0.7022579908370972,0.2664455771446228,3.2
424,424,424,424,424,436,DO: Hermanas Mirabal-Salcedo (Mun.),19.416666666666668,-70.33333333333333,19.416666666666668,-70.33333333333333,1094,498,49,1,1,0.3952291011810303,0.3319638967514038,0.06326520442962646,3.3
425,425,425,425,425,437,DO: Samana-Samana,19.25,-69.45,19.25,-69.45,7624,1780,9,1,1,0.6241036057472229,0.3800331950187683,0.2440704107284546,3.2
426,426,426,426,426,439,DO: Montecristi-Castanuelas,19.71361111111111,-71.49861111111112,19.71361111111111,-71.49861111111112,5403,2028,16,10,8,0.863664448261261,0.8469488024711609,0.016715645790100098,3.4
427,427,427,427,427,440,DO: Santiago Rodriguez-San Ignacio De Sabaneta,19.47777777777777,-71.3411111111111,19.47777777777777,-71.3411111111111,11492,3506,28,51,16,0.7157920598983765,0.6124352216720581,0.10335683822631836,2.8
428,428,428,428,428,441,DO: Valverde-Mao,19.551666666666662,-71.07805555555555,19.551666666666662,-71.07805555555555,26628,15991,12,90,31,0.46473610401153564,0.6472591161727905,0.18252301216125488,3.6
429,429,429,429,429,442,DO: Valverde-Laguna Salada,19.7,-71.13333333333334,19.7,-71.13333333333334,42637,10905,84,9,2,0.6304608583450317,0.4979163408279419,0.13254451751708984,3.5
430,430,430,430,430,443,DO: Azua-Azua,18.453055555555554,-70.73472222222222,18.453055555555554,-70.73472222222222,35355,8946,17,119,40,0.5215318202972412,0.5908801555633545,0.06934833526611328,3.1
431,431,431,431,431,444,DO: Azua-Sabana Yegua,18.41361111111111,-70.88805555555557,18.41361111111111,-70.88805555555557,14653,1915,8,2,1,0.6988803744316101,0.6991480588912964,0.0002676844596862793,3.7
432,432,432,432,432,445,DO: San Cristobal-Cambita Garabito,18.5,-70.23333333333333,18.5,-70.23333333333333,12792,7669,86,1,1,0.3525981605052948,0.3038930892944336,0.048705071210861206,3.8
433,433,433,433,433,446,DO: San Cristobal-Villa Altagracia,18.633333333333333,-70.25,18.633333333333333,-70.25,91899,13719,80,1,1,0.42870032787323,0.3254712224006653,0.1032291054725647,3.0
434,434,434,434,434,447,DO: San Cristobal-San Gregorio de Nigua,18.383333333333333,-70.05222222222221,18.383333333333333,-70.05222222222221,54496,6056,48,14,4,0.5730259418487549,0.7153105735778809,0.14228463172912598,3.9
435,435,435,435,435,449,DO: Barahona-Barahona,18.20833333333333,-71.10055555555554,18.20833333333333,-71.10055555555554,34116,9439,16,169,43,0.5046695470809937,0.8664638996124268,0.3617943525314331,3.1
436,436,436,436,436,450,DO: Barahona-Paraiso,18.02638888888889,-71.2088888888889,18.02638888888889,-71.2088888888889,55647,9807,128,2,1,0.49833083152770996,0.4904228448867798,0.007907986640930176,2.8
437,437,437,437,437,452,DO: Elias Pina-El Llano,18.766666666666666,-71.66666666666667,18.766666666666666,-71.66666666666667,4891,1315,95,1,1,0.7554802298545837,0.592774510383606,0.16270571947097778,3.5
438,438,438,438,438,453,DO: San Juan-Las Matas de Farfan,18.87305555555556,-71.51638888888888,18.87305555555556,-71.51638888888888,32670,6169,41,14,5,0.667912483215332,0.5757449865341187,0.09216749668121338,3.3
439,439,439,439,439,454,DO: El Seibo-El Seibo (Mun.),18.8,-69.05,18.8,-69.05,1883,64,67,1,1,0.6687749624252319,0.607728898525238,0.061046063899993896,3.6
440,440,440,440,440,455,DO: La Romana-Villa Hermosa,18.45111111111111,-69.04305555555555,18.45111111111111,-69.04305555555555,4982,1352,8,1,1,0.7568888068199158,0.836077094078064,0.0791882872581482,4.0
441,441,441,441,441,456,DO: San Pedro de Macoris-Ramon Santana (Munic.),18.5,-69.16666666666667,18.5,-69.16666666666667,779,409,319,2,1,0.8899591565132141,0.7935243844985962,0.09643477201461792,3.6
442,442,442,442,442,457,DO: Monte Plata-Monte Plata (Mun.),18.83333333333333,-69.83333333333333,18.83333333333333,-69.83333333333333,26351,8957,109,11,1,0.5390854477882385,0.37394389510154724,0.16514155268669128,2.9
443,443,443,443,443,458,DO: Monte Plata-Yamasa,18.773055555555555,-70.02583333333334,18.773055555555555,-70.02583333333334,33609,3035,20,24,6,0.5139196515083313,0.4976367652416229,0.016282886266708374,3.8
444,444,444,444,444,459,EC: El Oro-Huaquillas,-3.475,-80.23083333333334,-3.475,-80.23083333333334,50847,46690,7,90,27,0.47573378682136536,0.9180716276168823,0.44233784079551697,3.25
445,445,445,445,445,460,EC: El Oro-Machala,-3.258611111111111,-79.96027777777778,-3.258611111111111,-79.96027777777778,78198,59442,12,268,64,0.5430578589439392,0.7253446578979492,0.18228679895401,3.1
446,446,446,446,446,461,EC: Esmeraldas-Atacames,0.7919444444444445,-79.85638888888889,0.7919444444444445,-79.85638888888889,7069,15965,16,1,1,0.5628010034561157,0.44906309247016907,0.11373791098594666,3.208333333333333
447,447,447,447,447,462,EC: Esmeraldas-Muisne,0.6102777777777778,-80.01861111111111,0.6102777777777778,-80.01861111111111,38328,13013,5,5,1,0.7883557081222534,0.7298678159713745,0.058487892150878906,2.75
448,448,448,448,448,463,EC: Guayas-Eloy Alfaro,-2.1691666666666665,-79.83972222222222,-2.1691666666666665,-79.83972222222222,60114,58688,4,115,36,0.7076857089996338,0.8972808718681335,0.18959516286849976,2.625
449,449,449,449,449,464,EC: Esmeraldas-Quininde,0.3655555555555554,-79.44972222222222,0.3655555555555554,-79.44972222222222,80469,82333,5,1,1,0.4246101975440979,0.8205789923667908,0.39596879482269287,3.375
450,450,450,450,450,465,EC: Guayas-Alfredo Baquerizo Moreno,-1.9166666666666663,-79.51666666666667,-1.9166666666666663,-79.51666666666667,11334,3201,18,1,1,0.7914409637451172,0.6552785038948059,0.13616245985031128,2.625
451,451,451,451,451,466,EC: Guayas-Balzar,-1.3652777777777778,-79.905,-1.3652777777777778,-79.905,41081,42393,5,35,9,0.7115004062652588,0.8006082773208618,0.08910787105560303,2.75
452,452,452,452,452,467,EC: Guayas-Colimes,-1.5455555555555551,-80.01138888888889,-1.5455555555555551,-80.01138888888889,14803,17489,26,7,4,0.8338145613670349,0.827465295791626,0.0063492655754089355,3.0
453,453,453,453,453,468,EC: Guayas-Daule,-1.860277777777778,-79.97666666666667,-1.860277777777778,-79.97666666666667,71916,75717,4,124,40,0.8481117486953735,0.8973597288131714,0.04924798011779785,3.5625
454,454,454,454,454,469,EC: Guayas-Guayaquil,-2.196111111111111,-79.88611111111112,-2.196111111111111,-79.88611111111112,69962,47721,8,280,85,0.650860607624054,0.7901268005371094,0.13926619291305542,3.3653846153846154
455,455,455,455,455,470,EC: Guayas-Milagro,-2.133888888888889,-79.59333333333333,-2.133888888888889,-79.59333333333333,83168,85297,5,68,23,0.7749079465866089,0.855026125907898,0.08011817932128906,2.958333333333333
456,456,456,456,456,471,EC: Guayas-Naranjito,-2.170555555555556,-79.465,-2.170555555555556,-79.465,53426,53814,5,54,25,0.6565199494361877,0.8230528235435486,0.16653287410736084,1.75
457,457,457,457,457,472,EC: Guayas-Naranjal,-2.676111111111111,-79.61722222222221,-2.676111111111111,-79.61722222222221,70230,72809,7,223,50,0.5512785911560059,0.7108001708984375,0.15952157974243164,3.125
458,458,458,458,458,473,EC: Guayas-Samborondon,-1.960555555555556,-79.72555555555556,-1.960555555555556,-79.72555555555556,62819,62014,2,6,3,0.7014316320419312,0.9624125957489014,0.2609809637069702,2.5
459,459,459,459,459,474,EC: Los Rios-Baba,-1.7833333333333332,-79.66666666666667,-1.7833333333333332,-79.66666666666667,87129,84131,6,33,9,0.8018953800201416,0.599730372428894,0.20216500759124756,3.333333333333333
460,460,460,460,460,475,EC: Los Rios-Quevedo,-1.0286111111111111,-79.4625,-1.0286111111111111,-79.4625,68325,67696,10,169,35,0.6980127096176147,0.8216695189476013,0.12365680932998657,2.789473684210526
461,461,461,461,461,476,EC: Los Rios-CATARAMA,-1.5708333333333333,-79.47333333333333,-1.5708333333333333,-79.47333333333333,119589,159703,3,1,1,0.6890755891799927,0.4268840253353119,0.2621915638446808,3.083333333333333
462,462,462,462,462,477,EC: Los Rios-Babahoyo,-1.8019444444444448,-79.53416666666666,-1.8019444444444448,-79.53416666666666,81085,82413,7,635,58,0.582257866859436,0.8257807493209839,0.24352288246154785,3.25
463,463,463,463,463,478,EC: Los Rios-Puebloviejo,-1.5569444444444445,-79.54027777777777,-1.5569444444444445,-79.54027777777777,33638,29233,4,1,1,0.6548957824707031,0.4488902986049652,0.20600548386573792,3.125
464,464,464,464,464,479,EC: Los Rios-SAN JACINTO DE BUENA FE,-0.8938888888888888,-79.48972222222223,-0.8938888888888888,-79.48972222222223,53667,59381,10,14,8,0.6471715569496155,0.6968921422958374,0.049720585346221924,2.625
465,465,465,465,465,480,EC: Manabi-Calceta,-0.8455555555555556,-80.16388888888889,-0.8455555555555556,-80.16388888888889,52368,46929,10,29,17,0.655306339263916,0.49163320660591125,0.16367313265800476,2.625
466,466,466,466,466,481,EC: Manabi-El Carmen,-0.3569444444444444,-79.54805555555555,-0.3569444444444444,-79.54805555555555,15584,4272,12,1,1,0.44642752408981323,0.3652002215385437,0.08122730255126953,3.5
467,467,467,467,467,482,EC: Manabi-Jipijapa,-1.3483333333333332,-80.57888888888888,-1.3483333333333332,-80.57888888888888,78302,71879,8,86,34,0.5262234210968018,0.49106717109680176,0.03515625,3.375
468,468,468,468,468,483,EC: Manabi-Manta,-0.9491666666666668,-80.73111111111112,-0.9491666666666668,-80.73111111111112,77722,53637,16,238,63,0.4977185130119324,0.8924252986907959,0.3947067856788635,2.25
469,469,469,469,469,484,EC: Manabi-Montecristi,-1.1222222222222222,-80.69500000000001,-1.1222222222222222,-80.69500000000001,61208,93860,4,8,3,0.48984652757644653,0.6616552472114563,0.17180871963500977,2.375
470,470,470,470,470,485,EC: Manabi-Portoviejo,-1.0544444444444443,-80.45444444444445,-1.0544444444444443,-80.45444444444445,110315,113669,10,231,53,0.4584367871284485,0.6218726634979248,0.16343587636947632,3.466666666666667
471,471,471,471,471,486,EC: Manabi-FLAVIO ALFARO,-0.3230555555555555,-79.81555555555555,-0.3230555555555555,-79.81555555555555,43462,48436,5,45,3,0.370681494474411,0.48128169775009155,0.11060020327568054,3.625
472,472,472,472,472,487,EC: Manabi-Bahia de Caraquez,-0.6002777777777777,-80.42444444444445,-0.6002777777777777,-80.42444444444445,78497,78874,13,41,13,0.9138089418411255,1.0048387050628662,0.09102976322174072,3.0
473,473,473,473,473,488,EC: Manabi-Pajan,-1.6402777777777775,-80.39277777777778,-1.6402777777777775,-80.39277777777778,49967,31251,3,1,1,0.6323655843734741,0.36341485381126404,0.2689507305622101,2.875
474,474,474,474,474,489,EC: Manabi-Pedernales,0.0716666666666666,-80.05194444444444,0.0716666666666666,-80.05194444444444,87509,94040,11,98,22,0.6260510683059692,0.7474742531776428,0.12142318487167358,3.25
475,475,475,475,475,490,EC: Manabi-Chone,-0.5686111111111111,-80.10111111111111,-0.5686111111111111,-80.10111111111111,4415,4596,25,1,1,0.6133663058280945,0.404043972492218,0.20932233333587646,3.125
476,476,476,476,476,491,EC: Santa Elena-Santa Elena,-2.226111111111112,-80.8586111111111,-2.226111111111112,-80.8586111111111,115986,115366,5,186,42,0.4412216544151306,0.6084731221199036,0.16725146770477295,3.5
477,477,477,477,477,492,EC: Santa Elena-La Libertad,-2.231388888888889,-80.89972222222222,-2.231388888888889,-80.89972222222222,65033,70295,5,101,25,0.5481664538383484,0.6663265228271484,0.11816006898880005,3.25
478,478,478,478,478,493,EC: SANTO DOMINGO DE LOS COLORADOS,-0.2530555555555555,-79.17527777777778,-0.2530555555555555,-79.17527777777778,73411,72198,7,172,54,0.5125862956047058,0.4558795690536499,0.05670672655105591,2.533333333333333
479,479,479,479,479,494,EC: Santo Domingo de los Tsachilas-Santo Domingo,-0.2530555555555555,-79.17527777777778,-0.2530555555555555,-79.17527777777778,73411,72198,7,172,54,0.512570858001709,0.4559501111507416,0.05662074685096741,2.294117647058824
480,480,480,480,480,495,EC: Azuay-Cuenca,-2.9002777777777777,-79.00444444444445,-2.9002777777777777,-79.00444444444445,49906,47965,9,230,90,0.7013655304908752,0.5118651986122131,0.1895003318786621,3.1607142857142856
481,481,481,481,481,496,EC: Bolivar-Guaranda,-1.5925000000000002,-79.00083333333333,-1.5925000000000002,-79.00083333333333,85977,80401,9,54,21,0.6841508150100708,0.47843578457832336,0.20571503043174744,2.75
482,482,482,482,482,497,EC: Canar-La Troncal,-2.443888888888889,-79.37916666666666,-2.443888888888889,-79.37916666666666,240025,311501,3,1,1,0.30907052755355835,0.5134328603744507,0.20436233282089233,2.9375
483,483,483,483,483,498,EC: Carchi-Tulcan,0.8116666666666668,-77.71722222222222,0.8116666666666668,-77.71722222222222,87685,85729,5,126,48,0.7863563895225525,0.5539284944534302,0.23242789506912231,3.0625
484,484,484,484,484,499,EC: Chimborazo-Riobamba,-1.6708333333333332,-78.64694444444446,-1.6708333333333332,-78.64694444444446,103278,102980,11,295,74,0.5074525475502014,0.654615581035614,0.1471630334854126,3.5
485,485,485,485,485,500,EC: Chimborazo-Alausi,-2.2644444444444445,-78.72055555555556,-2.2644444444444445,-78.72055555555556,38442,35837,7,3,2,0.7491763830184937,0.4859626293182373,0.26321375370025635,2.75
486,486,486,486,486,501,EC: Chimborazo-Guamote,-2.031944444444445,-78.62722222222222,-2.031944444444445,-78.62722222222222,18133,13248,13,1,1,0.5328869819641113,0.5318981409072876,0.0009888410568237305,3.125
487,487,487,487,487,502,EC: Chimborazo-PENIPE,-1.5622222222222222,-78.44805555555556,-1.5622222222222222,-78.44805555555556,36608,25245,3,1,1,0.39548373222351074,0.3801746368408203,0.01530909538269043,3.375
488,488,488,488,488,503,EC: Cotopaxi-Latacunga,-0.935,-78.61527777777778,-0.935,-78.61527777777778,74066,67050,12,210,63,0.7278002500534058,0.7006621956825256,0.027138054370880127,3.4166666666666665
489,489,489,489,489,504,EC: Cotopaxi-Pujili,-0.9841666666666664,-78.88666666666667,-0.9841666666666664,-78.88666666666667,21011,34102,3,1,1,0.4847466051578522,0.5249536037445068,0.04020699858665466,3.375
490,490,490,490,490,505,EC: Imbabura-Ibarra,0.3516666666666666,-78.12222222222222,0.3516666666666666,-78.12222222222222,65914,41260,8,483,81,0.568539559841156,0.7179386615753174,0.14939910173416138,3.0
491,491,491,491,491,506,EC: Imbabura-Otavalo,0.2344444444444444,-78.26222222222222,0.2344444444444444,-78.26222222222222,43549,44621,7,131,46,0.800682008266449,0.6283023953437805,0.17237961292266846,2.375
492,492,492,492,492,507,EC: Loja-Loja,-3.993055555555556,-79.20416666666667,-3.993055555555556,-79.20416666666667,78099,70417,14,275,88,0.6502699851989746,0.5959081053733826,0.05436187982559204,3.5625
493,493,493,493,493,508,EC: Loja-Saraguro,-3.545555555555556,-79.32083333333333,-3.545555555555556,-79.32083333333333,32435,21061,2,1,1,0.594773530960083,0.43209022283554077,0.16268330812454224,3.0625
494,494,494,494,494,509,EC: Loja-Catamayo,-4.0,-79.36666666666666,-4.0,-79.36666666666666,67658,55220,2,1,1,0.9844017028808594,0.5638600587844849,0.4205416440963745,3.5
495,495,495,495,495,510,EC: Pichincha-Quito,-0.2297222222222222,-78.52472222222222,-0.2297222222222222,-78.52472222222222,84937,71187,6,311,96,0.6729494333267212,0.6824479103088379,0.0094984769821167,3.14070351758794
496,496,496,496,496,511,EC: Pichincha-Sangolqui,-0.3338888888888888,-78.45194444444445,-0.3338888888888888,-78.45194444444445,112043,98805,3,94,38,0.5628461837768555,0.5200459361076355,0.04280024766921997,3.25
497,497,497,497,497,512,EC: Pichincha-Cayambe,0.0408333333333333,-78.14611111111111,0.0408333333333333,-78.14611111111111,62339,69665,7,64,28,0.5424160957336426,0.5467883944511414,0.004372298717498779,2.75
498,498,498,498,498,513,EC: Tungurahua-Ambato,-1.248888888888889,-78.61666666666666,-1.248888888888889,-78.61666666666666,69219,58601,12,139,53,0.8288941383361816,0.62226402759552,0.20663011074066162,3.692307692307693
499,499,499,499,499,514,EC: Tungurahua-Santiago de Pillaro,-1.148611111111111,-78.45972222222223,-1.148611111111111,-78.45972222222223,15048,13302,9,1,1,0.548165500164032,0.5627123117446899,0.014546811580657959,3.5
500,500,500,500,500,515,EC: Sucumbios-Nueva Loja,0.0858333333333333,-76.89527777777778,0.0858333333333333,-76.89527777777778,152046,146048,11,10,8,0.7240999937057495,0.6665937900543213,0.05750620365142822,3.875
501,501,501,501,501,516,EC: Sucumbios-Shushufindi,-0.3105555555555555,-76.41638888888889,-0.3105555555555555,-76.41638888888889,46024,37701,27,3,1,0.2994821071624756,0.7079881429672241,0.40850603580474854,3.2857142857142856
502,502,502,502,502,517,EC: Sucumbios-LUMBAQUI,0.0077777777777777,-77.32138888888889,0.0077777777777777,-77.32138888888889,42229,47910,5,5,2,0.6251663565635681,0.5728089809417725,0.052357375621795654,3.5
503,503,503,503,503,518,EC: Morona Santiago-Morona,-2.5,-77.91666666666667,-2.5,-77.91666666666667,40384,48044,10,1,1,0.33138608932495117,0.5014128088951111,0.1700267195701599,3.125
504,504,504,504,504,519,EC: Orellana-PUERTO FRANCISCO DE ORELLANA,-0.4663888888888889,-76.98694444444445,-0.4663888888888889,-76.98694444444445,60025,55211,12,73,25,0.7144724726676941,1.0927913188934326,0.3783188462257385,3.0
505,505,505,505,505,520,SV: La Libertad-Antiguo Cuscatlan,13.6675,-89.2461111111111,13.6675,-89.2461111111111,96095,14087,27,329,91,0.7876231670379639,0.6117845773696899,0.17583858966827393,3.1
506,506,506,506,506,521,SV: La Libertad-Nueva San Salvador,13.676944444444445,-89.27972222222222,13.676944444444445,-89.27972222222222,56898,16902,49,129,54,0.5636666417121887,0.6467444896697998,0.08307784795761108,3.45
507,507,507,507,507,522,SV: San Salvador-Apopa,13.807222222222222,-89.17916666666667,13.807222222222222,-89.17916666666667,30162,8373,14,223,40,0.5043450593948364,0.5088763236999512,0.004531264305114746,3.3666666666666667
508,508,508,508,508,523,SV: San Salvador-Ayutuxtepeque,13.758055555555556,-89.19583333333334,13.758055555555556,-89.19583333333334,36070,8497,10,12,6,0.2978019118309021,0.4865846633911133,0.18878275156021118,3.4
509,509,509,509,509,524,SV: San Salvador-Cuscatancingo,13.774722222222223,-89.17861111111111,13.774722222222223,-89.17861111111111,26503,6653,51,159,45,0.5927302837371826,0.519737720489502,0.07299256324768066,2.8
510,510,510,510,510,525,SV: San Salvador-Mejicanos,13.723888888888888,-89.18777777777778,13.723888888888888,-89.18777777777778,41865,11424,44,277,76,0.4369708299636841,0.46609488129615784,0.029124051332473755,3.3157894736842106
511,511,511,511,511,526,SV: San Salvador-San Marcos,13.660833333333334,-89.1825,13.660833333333334,-89.1825,42284,8098,26,208,69,0.7468469738960266,0.6667157411575317,0.08013123273849487,3.5
512,512,512,512,512,527,SV: San Salvador-San Martin,13.743333333333332,-89.06333333333333,13.743333333333332,-89.06333333333333,24145,5495,20,35,15,0.5301991701126099,0.6025570034980774,0.07235783338546753,3.4
513,513,513,513,513,528,SV: San Salvador-San Salvador,13.689166666666669,-89.18694444444445,13.689166666666669,-89.18694444444445,41573,8088,31,281,70,0.4925731122493744,0.3416486084461212,0.15092450380325317,3.358974358974359
514,514,514,514,514,529,SV: San Salvador-Soyapango,13.71,-89.13972222222223,13.71,-89.13972222222223,45699,7504,18,273,108,0.6361355781555176,0.5220006704330444,0.11413490772247314,3.4
515,515,515,515,515,530,SV: San Salvador-Tonacatepeque,13.916666666666666,-89.2,13.916666666666666,-89.2,27509,43115,5,1,1,0.5794450044631958,0.45557287335395813,0.12387213110923767,3.1
516,516,516,516,516,531,SV: San Salvador-Delgado,13.721666666666668,-89.16861111111112,13.721666666666668,-89.16861111111112,48602,10596,24,254,58,0.3784535527229309,0.4649218022823334,0.08646824955940247,3.4
517,517,517,517,517,532,SV: Ahuachapan-Ahuachapan,13.866666666666667,-89.91666666666667,13.866666666666667,-89.91666666666667,5202,500,35,1,1,0.3960667848587036,0.38424617052078247,0.011820614337921143,3.2
518,518,518,518,518,533,SV: Santa Ana-Chalchuapa,14.033333333333331,-89.66666666666667,14.033333333333331,-89.66666666666667,3705,302,94,3,1,0.5806827545166016,0.5245023965835571,0.056180357933044434,3.3684210526315788
519,519,519,519,519,534,SV: Santa Ana-Metapan,14.3,-89.43333333333334,14.3,-89.43333333333334,4999,5252,6,1,1,0.5390098690986633,0.42953354120254517,0.10947632789611816,3.2
520,520,520,520,520,535,SV: Santa Ana-Santa Ana,13.994166666666668,-89.55972222222222,13.994166666666668,-89.55972222222222,59895,10889,23,91,30,0.4385209083557129,0.49702000617980957,0.05849909782409668,3.282051282051282
521,521,521,521,521,536,SV: Sonsonate-Acajutla,13.592777777777778,-89.8275,13.592777777777778,-89.8275,46396,12677,16,44,18,0.6057180166244507,0.8088669776916504,0.2031489610671997,3.473684210526316
522,522,522,522,522,537,SV: Sonsonate-Nahuizalco,13.805833333333334,-89.70194444444445,13.805833333333334,-89.70194444444445,17462,3707,14,1,1,0.4929909408092499,0.47279924154281616,0.020191699266433716,3.05
523,523,523,523,523,538,SV: Sonsonate-Sonsonate,13.71888888888889,-89.72416666666666,13.71888888888889,-89.72416666666666,43499,7758,36,82,29,0.5333437323570251,0.5940464735031128,0.060702741146087646,3.4
524,524,524,524,524,539,SV: Chalatenango-La Palma,14.298333333333334,-89.16027777777778,14.298333333333334,-89.16027777777778,120347,12795,130,25,4,0.5349878072738647,0.38688915967941284,0.1480986475944519,3.4
525,525,525,525,525,540,SV: La Libertad-Quezaltepeque,13.916666666666666,-89.25,13.916666666666666,-89.25,27509,43115,5,1,1,0.4705767035484314,0.4406341314315796,0.029942572116851807,3.6
526,526,526,526,526,541,SV: La Libertad-Zaragoza,13.57861111111111,-89.29777777777778,13.57861111111111,-89.29777777777778,47661,9140,18,374,57,0.5904321074485779,0.558130145072937,0.03230196237564087,3.25
527,527,527,527,527,542,SV: Cuscatlan-Cojutepeque,13.716666666666669,-88.93333333333334,13.716666666666669,-88.93333333333334,20394,5062,9,1,1,0.5725345611572266,0.5648576617240906,0.007676899433135986,3.7142857142857135
528,528,528,528,528,543,SV: La Paz-Olocuilta,13.5,-89.1,13.5,-89.1,39701,8203,17,14,3,0.5477280616760254,0.3919626474380493,0.15576541423797607,3.625
529,529,529,529,529,544,SV: Cabanas-Ilobasco,13.883333333333333,-88.83333333333333,13.883333333333333,-88.83333333333333,5330,484,31,2,2,0.449861615896225,0.33717817068099976,0.11268344521522522,3.4
530,530,530,530,530,545,SV: San Vicente-San Vicente,13.596388888888889,-88.83749999999999,13.596388888888889,-88.83749999999999,21369,2956,7,1,1,0.3931543231010437,0.4352741241455078,0.04211980104446411,3.5
531,531,531,531,531,546,SV: Usulutan-Puerto El Triunfo,13.264444444444443,-88.52944444444444,13.264444444444443,-88.52944444444444,15462,4252,15,1,1,0.5690898895263672,0.8441464304924011,0.27505654096603394,3.4
532,532,532,532,532,547,SV: San Miguel-Ciudad Barrios,13.762222222222222,-88.28277777777778,13.762222222222222,-88.28277777777778,24203,5143,11,2,1,0.5460697412490845,0.4220896363258362,0.12398010492324829,3.6
533,533,533,533,533,548,SV: San Miguel-San Miguel,13.483333333333333,-88.18333333333334,13.483333333333333,-88.18333333333334,31676,12947,17,60,29,0.5180314779281616,0.47341740131378174,0.04461407661437988,3.5357142857142856
534,534,534,534,534,549,SV: La Union-Santa Rosa de Lima,13.75,-87.83333333333333,13.75,-87.83333333333333,4452,318,165,5,2,0.477236270904541,0.31319552659988403,0.16404074430465698,3.3
535,535,535,535,535,550,SV: Ahuachapan-Guaymango,13.736666666666666,-89.85194444444444,13.736666666666666,-89.85194444444444,5293,422,42,3,1,0.5704582333564758,0.39291560649871826,0.17754262685775757,3.2
536,536,536,536,536,551,SV: Ahuachapan-San Francisco Menendez,13.80638888888889,-90.02888888888889,13.80638888888889,-90.02888888888889,27954,12685,11,4,4,0.6759803295135498,0.35920384526252747,0.31677648425102234,3.888888888888889
537,537,537,537,537,552,SV: Ahuachapan-Turin,13.961666666666666,-89.77333333333333,13.961666666666666,-89.77333333333333,4469,5095,5,1,1,0.5386873483657837,0.7258261442184448,0.18713879585266113,3.555555555555556
538,538,538,538,538,553,SV: Sonsonate-Cuisnahuat,13.625555555555556,-89.63305555555554,13.625555555555556,-89.63305555555554,6271,898,16,1,1,0.44703325629234314,0.46264269948005676,0.015609443187713623,3.4
539,539,539,539,539,554,SV: Sonsonate-Izalco,13.813333333333334,-89.63222222222221,13.813333333333334,-89.63222222222221,10895,11967,32,8,8,0.815866231918335,0.8541420698165894,0.038275837898254395,3.2
540,540,540,540,540,555,SV: Sonsonate-Santo Domingo,13.715555555555556,-89.79777777777778,13.715555555555556,-89.79777777777778,273882,11368,123,2,1,0.47940170764923096,0.5413867235183716,0.061985015869140625,3.2
541,541,541,541,541,556,SV: Chalatenango-Chalatenango,14.133333333333333,-89.01666666666667,14.133333333333333,-89.01666666666667,5657,423,37,2,2,0.46440672874450684,0.30815795063972473,0.1562487781047821,3.3
542,542,542,542,542,557,SV: Chalatenango-Nueva Concepcion,14.113888888888887,-89.30472222222222,14.113888888888887,-89.30472222222222,42692,9681,11,19,8,0.4563124179840088,0.47866928577423096,0.022356867790222168,3.1
543,543,543,543,543,558,SV: Chalatenango-Tejutla,14.216666666666669,-89.16666666666667,14.216666666666669,-89.16666666666667,3863,382,95,1,1,0.34108972549438477,0.3022308349609375,0.038858890533447266,3.4
544,544,544,544,544,559,SV: La Libertad-Ciudad Arce,13.810833333333337,-89.41805555555555,13.810833333333337,-89.41805555555555,52268,72231,10,12,3,0.8379642963409424,0.6143127679824829,0.22365152835845947,3.3
545,545,545,545,545,560,SV: La Libertad-Colon,13.714444444444444,-89.35277777777777,13.714444444444444,-89.35277777777777,28905,5783,16,49,18,0.5154851675033569,0.5079870223999023,0.00749814510345459,3.3
546,546,546,546,546,561,SV: La Libertad-Jicalapa,13.530833333333334,-89.50666666666666,13.530833333333334,-89.50666666666666,130660,9677,139,17,1,0.5099674463272095,0.5079944133758545,0.0019730329513549805,3.4
547,547,547,547,547,562,SV: La Libertad-San Jose Villanueva,13.559722222222224,-89.27055555555556,13.559722222222224,-89.27055555555556,173264,13772,17,4,3,0.5997152328491211,0.4862685799598694,0.11344665288925171,3.5
548,548,548,548,548,563,SV: La Libertad-San Juan de Opico,13.866666666666667,-89.4,13.866666666666667,-89.4,26105,5158,17,6,1,0.5774846076965332,0.4458373785018921,0.1316472291946411,3.3
549,549,549,549,549,564,SV: La Libertad-Talnique,13.67,-89.39944444444446,13.67,-89.39944444444446,2041,241,34,1,1,0.28457534313201904,0.37153536081314087,0.08696001768112183,3.5
550,550,550,550,550,565,SV: San Salvador-Guazapa,13.890833333333331,-89.16416666666667,13.890833333333331,-89.16416666666667,21579,4582,36,93,7,0.5671906471252441,0.456491082906723,0.11069956421852112,3.9
551,551,551,551,551,566,SV: San Salvador-Ilopango,13.699444444444444,-89.11972222222222,13.699444444444444,-89.11972222222222,51732,8515,29,327,68,0.8680203557014465,0.6643087863922119,0.20371156930923462,4.0
552,552,552,552,552,567,SV: San Salvador-Nejapa,13.841666666666669,-89.22166666666666,13.841666666666669,-89.22166666666666,13330,5586,11,2,2,0.7570474147796631,0.5663176774978638,0.19072973728179932,3.2222222222222223
553,553,553,553,553,568,SV: Cuscatlan-Candelaria,13.681666666666668,-88.96916666666667,13.681666666666668,-88.96916666666667,5104,502,36,1,1,0.27792635560035706,0.41547900438308716,0.1375526487827301,3.2222222222222223
554,554,554,554,554,569,SV: Cuscatlan-San Cristobal,13.7,-88.88333333333334,13.7,-88.88333333333334,26648,21225,14,117,2,0.320682168006897,0.4284473955631256,0.10776522755622864,3.5
555,555,555,555,555,570,SV: Cuscatlan-San Pedro Perulapan,13.778611111111111,-89.01277777777777,13.778611111111111,-89.01277777777777,34509,13333,126,135,1,0.3474157154560089,0.3488710820674896,0.0014553666114807129,3.4
556,556,556,556,556,571,SV: Cuscatlan-Tenancingo,13.82638888888889,-88.96916666666667,13.82638888888889,-88.96916666666667,101949,9791,124,79,4,0.4486599266529083,0.3280923664569855,0.12056756019592285,3.0
557,557,557,557,557,572,SV: La Paz-Paraiso de Osorio,13.633333333333333,-88.96083333333334,13.633333333333333,-88.96083333333334,21973,3953,58,8,2,0.4854273200035095,0.3953329026699066,0.0900944173336029,3.2
558,558,558,558,558,573,SV: La Paz-San Luis Talpa,13.466666666666669,-89.08333333333333,13.466666666666669,-89.08333333333333,21577,4233,12,3,3,0.7199972867965698,0.6389943361282349,0.08100295066833496,3.4
559,559,559,559,559,574,SV: La Paz-Santiago Nonualco,13.48472222222222,-88.95583333333333,13.48472222222222,-88.95583333333333,19120,7853,139,18,1,0.6702550649642944,0.5176810622215271,0.15257400274276733,3.4
560,560,560,560,560,575,SV: La Paz-Zacatecoluca,13.5,-88.86666666666666,13.5,-88.86666666666666,29137,7927,34,58,18,0.6142619848251343,0.5616400837898254,0.05262190103530884,3.7
561,561,561,561,561,576,SV: Cabanas-Tejutepeque,13.853333333333332,-88.9225,13.853333333333332,-88.9225,26026,6887,23,4,3,0.6381909847259521,0.34375661611557007,0.2944343686103821,3.1
562,562,562,562,562,577,SV: San Vicente-Santo Domingo,13.706944444444444,-88.85472222222222,13.706944444444444,-88.85472222222222,4399,322,45,9,1,0.6527283191680908,0.48603740334510803,0.1666909158229828,3.4
563,563,563,563,563,578,SV: San Vicente-Tecoluca,13.410833333333334,-88.74944444444445,13.410833333333334,-88.74944444444445,3918,356,72,4,1,0.4724682569503784,0.6294298768043518,0.1569616198539734,3.0
564,564,564,564,564,579,SV: Usulutan-El Triunfo,13.598055555555556,-88.41527777777779,13.598055555555556,-88.41527777777779,44108,7626,34,3,2,0.4833136796951294,0.3356998562812805,0.14761382341384888,3.2
565,565,565,565,565,580,SV: Usulutan-Jucuapa,13.516666666666667,-88.38333333333334,13.516666666666667,-88.38333333333334,36801,8935,13,17,8,0.5030453205108643,0.4288555979728699,0.07418972253799438,3.5
566,566,566,566,566,581,SV: Usulutan-San Agustin,13.45611111111111,-88.58972222222222,13.45611111111111,-88.58972222222222,3132,504,124,2,1,0.4408990740776062,0.38647860288619995,0.05442047119140625,3.3
567,567,567,567,567,582,SV: Usulutan-Usulutan,13.35,-88.45,13.35,-88.45,23527,2286,101,16,6,0.611829400062561,0.5281528830528259,0.08367651700973511,3.333333333333333
568,568,568,568,568,583,SV: San Miguel-Comacaran,13.52888888888889,-88.05777777777777,13.52888888888889,-88.05777777777777,5334,463,36,1,1,0.4574049413204193,0.36763104796409607,0.08977389335632324,3.6
569,569,569,569,569,584,SV: San Miguel-Lolotique,13.5925,-88.33944444444444,13.5925,-88.33944444444444,4525,3458,57,1,1,0.5606205463409424,0.3806767463684082,0.17994379997253418,3.7
570,570,570,570,570,585,SV: San Miguel-San Luis de La Reina,13.82861111111111,-88.35555555555555,13.82861111111111,-88.35555555555555,3677,688,36,6,3,0.39284151792526245,0.46644866466522217,0.07360714673995972,3.5
571,571,571,571,571,586,SV: San Miguel-Sesori,13.783333333333331,-88.41666666666667,13.783333333333331,-88.41666666666667,3974,390,37,1,1,0.44255685806274414,0.43964993953704834,0.0029069185256958008,3.2
572,572,572,572,572,587,SV: Morazan-Guatajiagua,13.680555555555555,-88.22500000000001,13.680555555555555,-88.22500000000001,12319,5791,161,34,2,0.39323890209198,0.3291037976741791,0.0641351044178009,3.2222222222222223
573,573,573,573,573,588,SV: Morazan-San Francisco Gotera,13.7,-88.1,13.7,-88.1,45104,9270,14,57,23,0.5476809144020081,0.4218261241912842,0.12585479021072388,3.333333333333333
574,574,574,574,574,589,SV: La Union-Bolivar,13.583333333333334,-87.95,13.583333333333334,-87.95,4920,1110,38,1,1,0.5261752605438232,0.40231677889823914,0.1238584816455841,3.1
575,575,575,575,575,590,SV: La Union-El Carmen,13.32,-87.99361111111111,13.32,-87.99361111111111,19330,4098,13,22,1,0.5600285530090332,0.47747746109962463,0.08255109190940857,3.6
576,576,576,576,576,591,SV: La Union-Pasaquina,13.510555555555555,-87.81777777777778,13.510555555555555,-87.81777777777778,10918,11297,2,1,1,0.5624900460243225,0.4168964624404907,0.1455935835838318,3.555555555555556
577,577,577,577,577,592,SV: La Union-Yayantique,13.442777777777778,-88.01861111111111,13.442777777777778,-88.01861111111111,90512,10391,136,7,1,0.53556227684021,0.41729551553726196,0.118266761302948,3.6
578,578,578,578,578,593,GT: Guatemala-Amatitlan,14.477222222222222,-90.63472222222222,14.477222222222222,-90.63472222222222,110260,34110,5,7,2,0.7739765644073486,0.6586740016937256,0.11530256271362305,3.6
579,579,579,579,579,594,GT: Guatemala-Chinautla,14.702777777777778,-90.49972222222222,14.702777777777778,-90.49972222222222,9292,4284,15,13,4,0.4619562029838562,0.4533705711364746,0.008585631847381592,3.6
580,580,580,580,580,595,GT: Guatemala-Guatemala,15.5,-90.25,15.5,-90.25,86009,14191,15,1,1,0.2993362843990326,0.4718455672264099,0.17250928282737732,3.466666666666667
581,581,581,581,581,596,GT: Guatemala-Mixco,14.630555555555556,-90.60694444444444,14.630555555555556,-90.60694444444444,49686,11486,12,139,50,0.5726015567779541,0.391962468624115,0.1806390881538391,3.3666666666666667
582,582,582,582,582,597,GT: Guatemala-Palencia,14.661111111111111,-90.32305555555556,14.661111111111111,-90.32305555555556,20856,3841,23,2,1,0.4733130931854248,0.30252665281295776,0.17078644037246704,3.2
583,583,583,583,583,598,GT: Guatemala-Petapa,14.501666666666669,-90.56194444444444,14.501666666666669,-90.56194444444444,56585,18500,9,123,37,0.6060381531715393,0.7021969556808472,0.09615880250930786,3.5
584,584,584,584,584,599,GT: Guatemala-San Juan Sacatepequez,14.71888888888889,-90.64416666666668,14.71888888888889,-90.64416666666668,42634,10356,12,66,19,0.5656954050064087,0.4712894558906555,0.09440594911575317,3.45
585,585,585,585,585,600,GT: Guatemala-San Pedro Sacatepequez,14.675555555555556,-90.6297222222222,14.675555555555556,-90.6297222222222,7598,8421,7,1,1,0.3788917362689972,0.39532655477523804,0.016434818506240845,3.7
586,586,586,586,586,601,GT: Guatemala-Villa Canales,14.48277777777778,-90.53416666666666,14.48277777777778,-90.53416666666666,39084,10019,13,591,34,0.6718711256980896,0.8129895925521851,0.14111846685409546,3.2
587,587,587,587,587,602,GT: Guatemala-Villa Nueva,14.525,-90.58527777777778,14.525,-90.58527777777778,59982,11908,12,52,26,0.42110559344291687,0.6680930256843567,0.24698743224143982,3.5
588,588,588,588,588,603,GT: Alta Verapaz-Coban,15.470833333333331,-90.37083333333332,15.470833333333331,-90.37083333333332,34985,9196,13,28,5,0.7786211967468262,0.6005332469940186,0.17808794975280762,3.5
589,589,589,589,589,604,GT: Alta Verapaz-San Pedro Carcha,15.5675,-90.18138888888888,15.5675,-90.18138888888888,64877,14673,23,1,1,0.567773699760437,0.450691282749176,0.11708241701126099,3.4444444444444446
590,590,590,590,590,605,GT: Chimaltenango-Chimaltenango,14.666666666666666,-90.91666666666669,14.666666666666666,-90.91666666666669,20569,35804,7,4,1,0.9080452919006348,0.4876546263694763,0.42039066553115845,3.1
591,591,591,591,591,606,GT: Chimaltenango-Tecpan Guatemala,14.79861111111111,-91.015,14.79861111111111,-91.015,16350,8308,14,2,2,0.246272012591362,0.447149395942688,0.200877383351326,3.1
592,592,592,592,592,607,GT: Chiquimula-Chiquimula,14.8,-89.54583333333333,14.8,-89.54583333333333,57009,22464,12,94,25,0.5363925695419312,0.47582364082336426,0.060568928718566895,3.2
593,593,593,593,593,608,GT: Escuintla-Escuintla,14.300833333333332,-90.78555555555556,14.300833333333332,-90.78555555555556,38965,9601,11,75,22,0.5585293769836426,0.5772324800491333,0.018703103065490723,3.1
594,594,594,594,594,609,GT: Escuintla-Santa Lucia Cotzumalguapa,14.335,-91.02333333333333,14.335,-91.02333333333333,13322,3652,16,43,13,0.6203305125236511,0.5670098662376404,0.05332064628601074,3.5
595,595,595,595,595,610,GT: Huehuetenango-Chiantla,15.448611111111113,-91.42861111111112,15.448611111111113,-91.42861111111112,8897,1165,51,1,1,0.6787398457527161,0.47270846366882324,0.20603138208389282,3.7
596,596,596,596,596,611,GT: Huehuetenango-Santa Cruz Barillas,15.931388888888888,-91.22111111111111,15.931388888888888,-91.22111111111111,80126,11178,216,1,1,0.47997546195983887,0.4019784927368164,0.07799696922302246,3.4
597,597,597,597,597,612,GT: Izabal-Morales,15.444722222222222,-88.76638888888888,15.444722222222222,-88.76638888888888,5062,12753,70,1,1,0.7037452459335327,0.728706955909729,0.02496170997619629,3.5
598,598,598,598,598,613,GT: Izabal-Puerto Barrios,15.727777777777778,-88.59444444444443,15.727777777777778,-88.59444444444443,60012,49533,12,111,33,0.7132171392440796,0.8152257204055786,0.10200858116149902,2.8
599,599,599,599,599,614,GT: Jalapa-Jalapa,14.63472222222222,-89.9888888888889,14.63472222222222,-89.9888888888889,39041,11530,15,68,20,0.4213130474090576,0.5535323619842529,0.1322193145751953,3.5
600,600,600,600,600,615,GT: Jutiapa-Jutiapa,14.291666666666666,-89.89583333333334,14.291666666666666,-89.89583333333334,24199,8890,17,8,6,0.7125968337059021,0.6104326248168945,0.10216420888900757,3.4
601,601,601,601,601,616,GT: Peten-La Libertad,17.003888888888888,-90.5822222222222,17.003888888888888,-90.5822222222222,2630,2454,30,3,2,0.6044007539749146,0.5497543215751648,0.054646432399749756,3.4
602,602,602,602,602,617,GT: Quetzaltenango-Coatepeque,14.703888888888889,-91.86416666666666,14.703888888888889,-91.86416666666666,50553,12501,19,79,19,0.6527094841003418,0.5695432424545288,0.08316624164581299,3.7
603,603,603,603,603,618,GT: Quetzaltenango-Quetzaltenango,14.834722222222222,-91.51805555555556,14.834722222222222,-91.51805555555556,41669,14017,11,172,42,0.5375912189483643,0.4920595586299896,0.045531660318374634,3.4
604,604,604,604,604,619,GT: Quiche-Chichicastenango,14.943333333333332,-91.1111111111111,14.943333333333332,-91.1111111111111,23189,8329,22,100,25,0.503603994846344,0.40713030099868774,0.09647369384765625,3.05
605,605,605,605,605,620,GT: Quiche-Nebaj,15.561388888888889,-91.17305555555556,15.561388888888889,-91.17305555555556,14388,4521,29,2,1,0.5491506457328796,0.3802470564842224,0.16890358924865723,3.3
606,606,606,606,606,621,GT: San Marcos-Malacatan,14.911111111111111,-92.05777777777776,14.911111111111111,-92.05777777777776,52586,17230,16,42,17,0.5460893511772156,0.5297226309776306,0.01636672019958496,3.4
607,607,607,607,607,622,GT: Solola-Solola,14.666666666666666,-91.25,14.666666666666666,-91.25,18695,21107,5,8,2,0.3954467475414276,0.783336341381073,0.3878895938396454,3.4
608,608,608,608,608,623,GT: Totonicapan-Momostenango,15.044166666666667,-91.40861111111111,15.044166666666667,-91.40861111111111,15421,10096,21,12,6,0.499179869890213,0.34361982345581055,0.15556004643440247,3.7
609,609,609,609,609,624,GT: Totonicapan-Totonicapan,14.911666666666669,-91.3611111111111,14.911666666666669,-91.3611111111111,20694,16045,18,121,33,0.6068781018257141,0.4539472460746765,0.1529308557510376,3.5
610,610,610,610,610,625,GT: Alta Verapaz-Chahal,15.72861111111111,-89.56472222222222,15.72861111111111,-89.56472222222222,490,656,133,1,1,0.711744487285614,0.4476286768913269,0.2641158103942871,2.5
611,611,611,611,611,626,GT: Alta Verapaz-Fray Bartolome de las Casas,15.866388888888888,-89.73694444444445,15.866388888888888,-89.73694444444445,4588,4635,14,1,1,0.8899914026260376,0.48123714327812195,0.40875425934791565,2.75
612,612,612,612,612,627,GT: Alta Verapaz-San Cristobal Verapaz,15.396388888888888,-90.55944444444444,15.396388888888888,-90.55944444444444,15112,3399,25,8,4,0.5382726192474365,0.3975895941257477,0.14068302512168884,3.5
613,613,613,613,613,628,GT: Alta Verapaz-Santa Cruz Verapaz,15.338333333333336,-90.41388888888888,15.338333333333336,-90.41388888888888,10427,2013,23,1,1,0.5971803069114685,0.4999839663505554,0.09719634056091309,3.5
614,614,614,614,614,629,GT: Alta Verapaz-Tactic,15.320277777777775,-90.34805555555556,15.320277777777775,-90.34805555555556,18605,5672,26,14,9,0.5782184600830078,0.46646183729171753,0.11175662279129028,3.5
615,615,615,615,615,630,GT: Baja Verapaz-Purulha,15.215,-90.03833333333333,15.215,-90.03833333333333,2076,2568,22,1,1,0.5786913633346558,0.36110126972198486,0.2175900936126709,3.111111111111111
616,616,616,616,616,631,GT: Baja Verapaz-Salama,15.102777777777778,-90.31805555555556,15.102777777777778,-90.31805555555556,44113,12718,13,30,13,0.5553625822067261,0.5918710231781006,0.03650844097137451,3.5
617,617,617,617,617,632,GT: Chimaltenango-El Tejar,14.670555555555556,-90.78972222222222,14.670555555555556,-90.78972222222222,8220,5486,8,2,1,0.6654658913612366,0.5430444478988647,0.12242144346237183,3.5
618,618,618,618,618,633,GT: Chimaltenango-San Jose Poaquil,14.85388888888889,-90.905,14.85388888888889,-90.905,11867,10883,0,1,1,0.47825324535369873,0.33010074496269226,0.14815250039100647,2.9
619,619,619,619,619,634,GT: Chimaltenango-Yepocapa,14.467222222222222,-90.97416666666666,14.467222222222222,-90.97416666666666,5780,1809,5,1,1,0.3541761040687561,0.5717827677726746,0.21760666370391846,3.2
620,620,620,620,620,635,GT: Chiquimula-Ipala,14.582222222222224,-89.60472222222222,14.582222222222224,-89.60472222222222,4551,2955,73,1,1,0.6804239749908447,0.7617154121398926,0.08129143714904785,3.2
621,621,621,621,621,636,GT: Chiquimula-San Jacinto,14.674444444444443,-89.51694444444445,14.674444444444443,-89.51694444444445,12086,12198,28,7,2,0.5357392430305481,0.36900943517684937,0.16672980785369873,3.3
622,622,622,622,622,637,GT: El Progreso-Sanarate,14.821388888888889,-90.2125,14.821388888888889,-90.2125,20003,19063,17,1,1,0.526299238204956,0.5439053773880005,0.017606139183044434,3.4
623,623,623,623,623,638,GT: Escuintla-Masagua,14.085,-90.80888888888887,14.085,-90.80888888888887,28318,31395,14,2,2,0.658582329750061,0.6558860540390015,0.0026962757110595703,3.6
624,624,624,624,624,639,GT: Escuintla-Palin,14.39111111111111,-90.7002777777778,14.39111111111111,-90.7002777777778,38566,8481,17,47,9,0.5399994850158691,0.7550702691078186,0.21507078409194946,3.8
625,625,625,625,625,640,GT: Escuintla-Tiquizate,14.283333333333331,-91.36055555555556,14.283333333333331,-91.36055555555556,59657,8472,43,12,5,0.8183436393737793,0.8147143125534058,0.003629326820373535,3.3
626,626,626,626,626,641,GT: Huehuetenango-Cuilco,15.416111111111112,-91.99194444444444,15.416111111111112,-91.99194444444444,2669,828,41,1,1,0.4776815176010132,0.4322551488876343,0.045426368713378906,3.4
627,627,627,627,627,642,GT: Huehuetenango-La Democracia,15.633055555555556,-91.88333333333334,15.633055555555556,-91.88333333333334,20107,6462,21,15,5,0.3683297038078308,0.4729081988334656,0.10457849502563477,3.4
628,628,628,628,628,643,GT: Huehuetenango-San Gaspar Ixchil,15.390277777777778,-91.72916666666669,15.390277777777778,-91.72916666666669,15508,4650,21,32,6,0.7326388955116272,0.5243886113166809,0.2082502841949463,3.4
629,629,629,629,629,644,GT: Huehuetenango-San Rafael la Independencia,15.706388888888888,-91.53305555555556,15.706388888888888,-91.53305555555556,3425,3125,29,1,1,0.6002151966094971,0.5020662546157837,0.09814894199371338,3.8
630,630,630,630,630,645,GT: Huehuetenango-Santa Eulalia,15.74972222222222,-91.32527777777776,15.74972222222222,-91.32527777777776,12219,2629,20,5,3,0.5506201982498169,0.6030024886131287,0.05238229036331177,3.5
631,631,631,631,631,646,GT: Izabal-El Estor,15.428055555555554,-89.44861111111112,15.428055555555554,-89.44861111111112,29255,22359,17,1,1,0.5070428848266602,0.6662987470626831,0.15925586223602295,2.7
632,632,632,632,632,647,GT: Izabal-Los Amates,15.257222222222222,-89.10083333333333,15.257222222222222,-89.10083333333333,7212,699,53,2,1,0.6326231956481934,0.6398859024047852,0.007262706756591797,3.2
633,633,633,633,633,648,GT: Jalapa-San Pedro Pinula,14.70611111111111,-89.84861111111111,14.70611111111111,-89.84861111111111,10674,2077,49,8,4,0.39385414123535156,0.4162493944168091,0.02239525318145752,3.1
634,634,634,634,634,649,GT: Jutiapa-Comapa,14.113888888888887,-89.90055555555556,14.113888888888887,-89.90055555555556,10381,2021,19,1,1,0.34191131591796875,0.32223254442214966,0.019678771495819092,3.4
635,635,635,635,635,650,GT: Jutiapa-Quezada,14.279722222222222,-90.0586111111111,14.279722222222222,-90.0586111111111,14330,4331,22,6,4,0.48969772458076477,0.3586425483226776,0.13105517625808716,3.7
636,636,636,636,636,651,GT: Peten-Flores,16.9225,-89.89916666666667,16.9225,-89.89916666666667,49434,11951,28,75,17,0.6274111270904541,0.8531561493873596,0.22574502229690552,3.5
637,637,637,637,637,652,GT: Peten-San Benito,16.916666666666668,-89.91888888888889,16.916666666666668,-89.91888888888889,47005,13408,18,61,15,0.7249618768692017,0.7757164239883423,0.050754547119140625,3.1
638,638,638,638,638,653,GT: Quetzaltenango-Cabrican,15.103055555555557,-91.64916666666667,15.103055555555557,-91.64916666666667,5716,11811,12,2,1,0.577906608581543,0.48655804991722107,0.0913485586643219,3.9
639,639,639,639,639,654,GT: Quetzaltenango-Flores Costa Cuca,14.632222222222223,-91.86333333333332,14.632222222222223,-91.86333333333332,10738,3831,44,5,2,0.5798301696777344,0.5740118622779846,0.005818307399749756,3.7
640,640,640,640,640,655,GT: Quetzaltenango-Salcaja,14.876111111111111,-91.46166666666667,14.876111111111111,-91.46166666666667,20873,16436,10,42,15,0.5959988832473755,0.3892146348953247,0.20678424835205078,3.7
641,641,641,641,641,656,GT: Quetzaltenango-Sibilia,14.989166666666666,-91.6413888888889,14.989166666666666,-91.6413888888889,33215,33399,6,1,1,0.7104446887969971,0.3414716124534607,0.3689730763435364,3.9
642,642,642,642,642,657,GT: Quiche-Chinique,15.069444444444445,-91.01777777777778,15.069444444444445,-91.01777777777778,2830,3798,40,1,1,0.37094801664352417,0.3128353953361511,0.05811262130737305,3.1
643,643,643,643,643,658,GT: Quiche-Sacapulas,15.263055555555557,-91.11277777777777,15.263055555555557,-91.11277777777777,25089,5320,27,1,1,0.5651605725288391,0.7341936230659485,0.16903305053710938,3.2
644,644,644,644,644,659,GT: Quiche-San Pedro Jocopilas,15.154722222222222,-91.15583333333332,15.154722222222222,-91.15583333333332,14978,5861,15,38,2,0.4216150939464569,0.38944700360298157,0.03216809034347534,3.6
645,645,645,645,645,660,GT: Retalhuleu-El Asintal,14.566944444444443,-91.74861111111112,14.566944444444443,-91.74861111111112,11936,5884,61,1,1,0.48181813955307007,0.5958588123321533,0.11404067277908325,3.7777777777777777
646,646,646,646,646,661,GT: Retalhuleu-Retalhuleu,14.536111111111111,-91.67777777777778,14.536111111111111,-91.67777777777778,55226,14123,6,42,14,0.6464644074440002,0.6158300042152405,0.030634403228759766,3.7
647,647,647,647,647,662,GT: Sacatepequez-Alotenango,14.46472222222222,-90.8275,14.46472222222222,-90.8275,176742,21949,10,2,2,0.5987036824226379,0.46241191029548645,0.1362917721271515,3.2
648,648,648,648,648,663,GT: Sacatepequez-San Lucas Sacatepequez,14.5975,-90.64944444444446,14.5975,-90.64944444444446,73443,15813,13,293,43,0.5848314762115479,0.3568771481513977,0.22795432806015015,3.4
649,649,649,649,649,664,GT: Sacatepequez-Sumpango,14.64611111111111,-90.73416666666668,14.64611111111111,-90.73416666666668,56225,14539,7,80,28,0.5193217992782593,0.42149436473846436,0.09782743453979492,3.4
650,650,650,650,650,665,GT: San Marcos-Concepcion Tutuapa,15.287777777777778,-91.8672222222222,15.287777777777778,-91.8672222222222,18522,3303,22,2,1,0.49098873138427734,0.3414459228515625,0.14954280853271484,3.5
651,651,651,651,651,666,GT: San Marcos-Ixchiguan,15.142777777777775,-91.9152777777778,15.142777777777775,-91.9152777777778,16495,4150,21,2,1,0.5967433452606201,0.4639549255371094,0.13278841972351074,3.8
652,652,652,652,652,667,GT: San Marcos-San Lorenzo,15.026944444444446,-91.745,15.026944444444446,-91.745,531,1389,24,1,1,0.48310387134552,0.5817395448684692,0.09863567352294922,3.5
653,653,653,653,653,668,GT: San Marcos-San Pablo,14.95361111111111,-91.97055555555556,14.95361111111111,-91.97055555555556,9520,872,17,1,1,0.7101472616195679,0.5042211413383484,0.20592612028121948,3.6
654,654,654,654,654,669,GT: San Marcos-Tacana,15.255,-92.1225,15.255,-92.1225,4461,2430,39,1,1,0.5168216824531555,0.41898757219314575,0.09783411026000977,3.7
655,655,655,655,655,670,GT: Santa Rosa-Barberena,14.307222222222222,-90.40777777777778,14.307222222222222,-90.40777777777778,16378,4017,14,5,3,0.8374952077865601,0.6539300680160522,0.1835651397705078,3.4
656,656,656,656,656,671,GT: Santa Rosa-Cuilapa,14.27638888888889,-90.29888888888888,14.27638888888889,-90.29888888888888,52432,10033,23,5,3,0.5114678144454956,0.5246255397796631,0.01315772533416748,3.6
657,657,657,657,657,672,GT: Santa Rosa-Santa Cruz Naranjo,14.383055555555556,-90.36888888888888,14.383055555555556,-90.36888888888888,22994,10866,14,6,5,0.45790913701057434,0.4024204909801483,0.055488646030426025,3.7
658,658,658,658,658,673,GT: Solola-Nahuala,14.842777777777778,-91.31777777777778,14.842777777777778,-91.31777777777778,18924,3612,34,30,10,0.5103398561477661,0.49629145860671997,0.014048397541046143,3.6
659,659,659,659,659,674,GT: Solola-Santa Catarina Ixtahuacan,14.72,-91.3797222222222,14.72,-91.3797222222222,4624,4638,24,1,1,0.49745112657546997,0.44599419832229614,0.05145692825317383,2.6
660,660,660,660,660,675,GT: Suchitepequez-Chicacao,14.542777777777776,-91.3261111111111,14.542777777777776,-91.3261111111111,16170,1833,20,1,1,0.746334433555603,0.4611161947250366,0.2852182388305664,3.9
661,661,661,661,661,676,GT: Suchitepequez-San Antonio Suchitepequez,14.518333333333334,-91.40416666666668,14.518333333333334,-91.40416666666668,53165,14373,10,1,1,0.630084753036499,0.630989670753479,0.0009049177169799805,3.7
662,662,662,662,662,677,GT: Suchitepequez-San Pablo Jocopilas,14.589444444444444,-91.42833333333334,14.589444444444444,-91.42833333333334,18997,3714,266,11,5,0.4875437319278717,0.37651297450065613,0.11103075742721558,3.3
663,663,663,663,663,678,GT: Totonicapan-San Cristobal Totonicapan,14.928055555555554,-91.47444444444444,14.928055555555554,-91.47444444444444,22328,18852,11,4,2,0.2957238256931305,0.42118045687675476,0.12545663118362427,3.6
664,664,664,664,664,679,GT: Zacapa-Cabanas,14.888333333333334,-89.77583333333334,14.888333333333334,-89.77583333333334,1016,4355,17,1,1,0.46566587686538696,0.37499770522117615,0.09066817164421082,3.3
665,665,665,665,665,680,GT: Zacapa-Usumatlan,14.988888888888887,-89.78805555555556,14.988888888888887,-89.78805555555556,12807,3063,9,3,1,0.5677824020385742,0.6553821563720703,0.0875997543334961,3.3
666,666,666,666,666,681,HO: Cortes-San Pedro Sula,15.504166666666666,-88.025,15.504166666666666,-88.025,39229,17232,12,162,62,0.49323517084121704,0.43783995509147644,0.0553952157497406,3.0942028985507246
667,667,667,667,667,682,HO: Francisco Morazan-Distrito Central-Amarateca,14.233333333333333,-87.36666666666666,14.233333333333333,-87.36666666666666,15104,3734,11,19,4,0.7044215202331543,0.635755181312561,0.06866633892059326,3.0786516853932584
668,668,668,668,668,683,HO: Atlantida-La Ceiba,15.759444444444444,-86.78194444444445,15.759444444444444,-86.78194444444445,18855,3481,10,12,4,0.7725585699081421,0.9017900228500366,0.12923145294189453,3.025
669,669,669,669,669,684,HO: Atlantida-Tela,15.775833333333336,-87.47583333333334,15.775833333333336,-87.47583333333334,23631,5194,15,35,14,0.8103354573249817,0.7900621891021729,0.020273268222808838,3.3
670,670,670,670,670,685,HO: Choluteca-Choluteca,13.300277777777778,-87.19083333333333,13.300277777777778,-87.19083333333333,36049,6900,18,47,18,0.48445627093315125,0.7333714962005615,0.24891522526741028,3.15
671,671,671,671,671,686,HO: Choluteca-San Marcos de Colon,13.415,-86.82083333333333,13.415,-86.82083333333333,27591,35258,52,4,3,0.6041364669799805,0.47199076414108276,0.1321457028388977,3.5
672,672,672,672,672,687,HO: Colon-Tocoa,15.683333333333334,-86.0,15.683333333333334,-86.0,16157,11543,21,3,3,0.7125770449638367,0.8101392984390259,0.09756225347518921,3.4
673,673,673,673,673,688,HO: Comayagua-Comayagua,14.451388888888888,-87.6375,14.451388888888888,-87.6375,44110,15831,11,25,10,0.5688598155975342,0.5644633769989014,0.0043964385986328125,3.4
674,674,674,674,674,689,HO: Comayagua-Siguatepeque,14.634166666666664,-87.84527777777777,14.634166666666664,-87.84527777777777,6462,22718,2,6,1,0.38747531175613403,0.29477906227111816,0.09269624948501587,3.9
675,675,675,675,675,690,HO: Copan-Santa Rosa de Copan,14.766666666666667,-88.77916666666667,14.766666666666667,-88.77916666666667,36084,30905,10,178,21,0.6077736020088196,0.5224962830543518,0.08527731895446777,3.333333333333333
676,676,676,676,676,691,HO: Cortes-Choloma,15.614444444444445,-87.95277777777778,15.614444444444445,-87.95277777777778,37338,8173,12,35,16,0.8063173890113831,0.6637184619903564,0.1425989270210266,3.2
677,677,677,677,677,692,HO: Cortes-La Lima,15.433333333333334,-87.91666666666667,15.433333333333334,-87.91666666666667,31313,10989,10,17,4,0.6784123182296753,0.7899436950683594,0.11153137683868408,3.4
678,678,678,678,678,693,HO: Cortes-Omoa,15.658611111111112,-88.1286111111111,15.658611111111112,-88.1286111111111,37954,46481,4,17,1,0.3668295443058014,0.3714701533317566,0.0046406090259552,3.3
679,679,679,679,679,694,HO: Cortes-Puerto Cortes,15.825555555555557,-87.92944444444444,15.825555555555557,-87.92944444444444,42397,19200,14,28,6,0.840672492980957,0.9170622229576111,0.07638972997665405,3.3
680,680,680,680,680,695,HO: Cortes-San Manuel,15.372777777777776,-87.90166666666667,15.372777777777776,-87.90166666666667,27955,27136,6,15,5,0.7064937353134155,0.7874074578285217,0.0809137225151062,3.2
681,681,681,681,681,696,HO: Cortes-Villanueva,15.324444444444444,-88.04333333333334,15.324444444444444,-88.04333333333334,37685,74864,3,3,2,0.6101294755935669,0.367413192987442,0.24271628260612488,3.3
682,682,682,682,682,697,HO: El Paraiso-Danli,14.033333333333331,-86.58333333333333,14.033333333333331,-86.58333333333333,35274,7530,11,9,6,0.5637282133102417,0.49298006296157837,0.07074815034866333,3.0
683,683,683,683,683,698,HO: Intibuca-Intibuca,14.333333333333334,-88.16666666666667,14.333333333333334,-88.16666666666667,29424,28061,20,7,1,0.6057338118553162,0.37659507989883423,0.22913873195648193,2.857142857142857
684,684,684,684,684,699,HO: La Paz-Marcala,14.148333333333332,-88.02388888888889,14.148333333333332,-88.02388888888889,17292,19711,13,9,3,0.6053043603897095,0.44386541843414307,0.1614389419555664,3.5
685,685,685,685,685,700,HO: Olancho-Catacamas,14.60361111111111,-85.5425,14.60361111111111,-85.5425,903,1948,174,1,1,0.3008441627025604,0.46733808517456055,0.16649392247200012,3.25
686,686,686,686,686,701,HO: Olancho-Juticalpa,14.666666666666666,-86.21944444444445,14.666666666666666,-86.21944444444445,23429,6492,20,40,21,0.5251556634902954,0.6269887685775757,0.10183310508728027,3.8
687,687,687,687,687,702,HO: Santa Barbara-Macuelizo,15.2975,-88.54166666666667,15.2975,-88.54166666666667,10623,12792,5,2,1,0.6482406258583069,0.5906710624694824,0.05756956338882446,3.5
688,688,688,688,688,703,HO: Valle-Nacaome,13.536111111111111,-87.4875,13.536111111111111,-87.4875,29580,12063,16,90,20,0.536249041557312,0.8016256093978882,0.26537656784057617,2.9
689,689,689,689,689,704,HO: Yoro-El Progreso,15.4,-87.8,15.4,-87.8,40606,6799,26,37,13,0.5986230373382568,0.6786370277404785,0.08001399040222168,3.2
690,690,690,690,690,705,HO: Yoro-Morazan,15.330833333333333,-87.55166666666666,15.330833333333333,-87.55166666666666,13123,11687,4,2,2,0.5857723355293274,0.565399706363678,0.020372629165649414,3.0
691,691,691,691,691,706,HO: Yoro-Santa Rita,15.18,-87.81,15.18,-87.81,28072,19391,7,1,1,0.5280619859695435,0.5587862730026245,0.030724287033081055,3.2
692,692,692,692,692,707,HO: Choluteca-El Triunfo,13.08,-87.01777777777778,13.08,-87.01777777777778,47672,20417,7,6,1,0.6121972799301147,0.5466729998588562,0.06552428007125854,3.6
693,693,693,693,693,708,HO: Choluteca-Pespire,13.565555555555555,-87.31555555555555,13.565555555555555,-87.31555555555555,24795,25746,10,2,1,0.5734339952468872,0.5618805885314941,0.011553406715393066,2.75
694,694,694,694,694,709,HO: Colon-Saba,15.486388888888888,-86.16305555555556,15.486388888888888,-86.16305555555556,20242,22964,18,3,1,0.6684991121292114,0.5136730074882507,0.1548261046409607,3.2
695,695,695,695,695,710,HO: Colon-Trujillo,15.916666666666666,-85.95416666666667,15.916666666666666,-85.95416666666667,27380,19110,19,64,24,0.571774959564209,0.7988619804382324,0.22708702087402344,3.3
696,696,696,696,696,711,HO: Comayagua-Esquias,14.65,-87.41000000000001,14.65,-87.41000000000001,3141,2575,7,1,1,0.4790533483028412,0.41911277174949646,0.05994057655334473,3.4
697,697,697,697,697,712,HO: Comayagua-San Jeronimo,14.640277777777778,-87.5675,14.640277777777778,-87.5675,21533,15543,9,1,1,0.5098263621330261,0.40152180194854736,0.10830456018447876,2.4444444444444446
698,698,698,698,698,713,HO: Copan-Copan Ruinas,14.850833333333332,-89.12777777777777,14.850833333333332,-89.12777777777777,8678,7044,92,8,3,0.8301947116851807,0.55335533618927,0.27683937549591064,3.4
699,699,699,699,699,714,HO: Copan-La Union,14.693333333333332,-88.94722222222222,14.693333333333332,-88.94722222222222,6550,6733,28,5,3,0.4236307740211487,0.2904900908470154,0.1331406831741333,3.1
700,700,700,700,700,715,HO: Cortes-San Francisco de Yojoa,15.018055555555556,-87.98166666666667,15.018055555555556,-87.98166666666667,57484,17885,4,10,2,0.3610786199569702,0.39981815218925476,0.038739532232284546,3.3
701,701,701,701,701,716,HO: El Paraiso-Alauca,13.84,-86.69500000000001,13.84,-86.69500000000001,7528,2759,28,1,1,0.6493864059448242,0.39401137828826904,0.2553750276565552,3.1
702,702,702,702,702,717,HO: El Paraiso-San Lucas,13.745833333333332,-86.95138888888889,13.745833333333332,-86.95138888888889,7014,3620,35,3,1,0.44767242670059204,0.3705463409423828,0.07712608575820923,2.9
703,703,703,703,703,718,HO: El Paraiso-Trojes,14.059444444444445,-86.00166666666667,14.059444444444445,-86.00166666666667,4212,8572,50,27,4,0.6654908061027527,0.6091703772544861,0.0563204288482666,3.4
704,704,704,704,704,719,HO: Francisco Morazan-La Libertad,13.706388888888888,-87.50416666666666,13.706388888888888,-87.50416666666666,4853,4958,14,2,1,0.6177133321762085,0.4862523376941681,0.1314609944820404,3.5
705,705,705,705,705,720,HO: Francisco Morazan-San Antonio de Oriente,14.038333333333334,-86.98944444444444,14.038333333333334,-86.98944444444444,49241,34158,12,2,2,0.4365238547325134,0.7145590782165527,0.2780352234840393,1.7777777777777777
706,706,706,706,706,721,HO: Francisco Morazan-Villa de San Francisco,14.186666666666667,-86.95333333333333,14.186666666666667,-86.95333333333333,18200,19865,11,14,6,0.6734365224838257,0.6194443702697754,0.05399215221405029,3.6666666666666665
707,707,707,707,707,722,HO: Intibuca-Colomoncagua,13.972222222222223,-88.27666666666667,13.972222222222223,-88.27666666666667,2128,1878,25,2,1,0.4399309754371643,0.38830259442329407,0.05162838101387024,2.7
708,708,708,708,708,723,HO: Intibuca-Masaguara,14.404166666666669,-87.98222222222222,14.404166666666669,-87.98222222222222,29919,33858,19,2,1,0.442044734954834,0.3773955702781677,0.06464916467666626,3.2
709,709,709,709,709,724,HO: La Paz-Aguanqueterique,13.985833333333332,-87.64611111111111,13.985833333333332,-87.64611111111111,48880,202,31,1,1,0.4956309199333191,0.3363475203514099,0.15928339958190918,3.2
710,710,710,710,710,725,HO: La Paz-Santa Elena,14.071388888888889,-88.15444444444445,14.071388888888889,-88.15444444444445,2718,20104,51,1,1,0.395734041929245,0.3502473533153534,0.0454866886138916,3.4
711,711,711,711,711,726,HO: Lempira-Gracias,14.5,-88.58333333333333,14.5,-88.58333333333333,20110,19905,18,1,1,0.4041508436203003,0.3100632429122925,0.09408760070800781,3.375
712,712,712,712,712,727,HO: Lempira-Lepaera,14.814722222222224,-88.59277777777777,14.814722222222224,-88.59277777777777,10591,11129,5,3,1,0.3168385624885559,0.344817578792572,0.027979016304016113,3.6666666666666665
713,713,713,713,713,728,HO: Lempira-Talgua,14.681111111111113,-88.72777777777777,14.681111111111113,-88.72777777777777,3474,1479,50,1,1,0.3262211084365845,0.35924649238586426,0.033025383949279785,3.3
714,714,714,714,714,730,HO: Olancho-Guata,15.151111111111112,-86.3761111111111,15.151111111111112,-86.3761111111111,22667,24732,24,3,2,0.47778308391571045,0.5043152570724487,0.02653217315673828,3.4444444444444446
715,715,715,715,715,731,HO: Olancho-San Esteban,15.294444444444444,-85.69472222222223,15.294444444444444,-85.69472222222223,1692,605,28,1,1,0.5076700448989868,0.42964279651641846,0.07802724838256836,3.7777777777777777
716,716,716,716,716,732,HO: Santa Barbara-Petoa,15.26,-88.24,15.26,-88.24,3231,2352,94,1,1,0.38784536719322205,0.35078170895576477,0.037063658237457275,3.1666666666666665
717,717,717,717,717,733,HO: Santa Barbara-San Marcos,15.239999999999998,-88.39,15.239999999999998,-88.39,5433,3865,9,1,1,0.47882652282714844,0.3266012668609619,0.15222525596618652,3.25
718,718,718,718,718,734,HO: Valle-Goascoran,13.59,-87.7,13.59,-87.7,27891,27954,12,7,1,0.56633061170578,0.3221563398838043,0.2441742718219757,3.5
719,719,719,719,719,735,HO: Yoro-El Negrito,15.42,-87.68,15.42,-87.68,10741,2925,10,1,1,0.5575897693634033,0.33000674843788147,0.22758302092552185,2.8
720,720,720,720,720,736,HO: Yoro-Olanchito,15.507777777777775,-86.57333333333332,15.507777777777775,-86.57333333333332,19083,19453,10,3,3,0.6156878471374512,0.5178029537200928,0.0978848934173584,3.1
721,721,721,721,721,737,HO: Yoro-Yoro,15.25,-87.16666666666667,15.25,-87.16666666666667,10649,7993,8,2,2,0.32999151945114136,0.5228598117828369,0.19286829233169556,3.125
722,722,722,722,722,739,MX: Norte/Baja California/Mexicali,32.62777777777778,-115.45444444444443,32.62777777777778,-115.45444444444443,55340,30850,12,22,14,0.7907554507255554,0.5491310954093933,0.2416243553161621,3.7916666666666665
723,723,723,723,723,740,MX: Norte/Baja California/Tijuana,32.5025,-117.00361111111113,32.5025,-117.00361111111113,117938,42631,5,102,25,0.616135835647583,0.6286615133285522,0.012525677680969238,3.75
724,724,724,724,724,742,MX: Norte/Coahuila/Allende,22.383333333333333,-102.03333333333332,22.383333333333333,-102.03333333333332,5587,1411,16,2,1,0.7759340405464172,0.743081271648407,0.032852768898010254,3.4166666666666665
725,725,725,725,725,743,MX: Norte/Coahuila/Matamoros,25.682222222222222,-100.3111111111111,25.682222222222222,-100.3111111111111,100279,51561,7,72,35,0.5645254850387573,0.5688908696174622,0.004365384578704834,3.25
726,726,726,726,726,744,MX: Occidente/Colima/Villa de Alvarez,19.243333333333336,-103.72472222222224,19.243333333333336,-103.72472222222224,47442,24537,18,126,48,0.44318345189094543,0.4347100853919983,0.008473366498947144,2.75
727,727,727,727,727,745,MX: Sur/Chiapas/Mapastepec,16.41,-92.40861111111111,16.41,-92.40861111111111,49938,10457,66,5,1,0.4545568525791168,0.4325811266899109,0.021975725889205933,2.833333333333333
728,728,728,728,728,746,MX: Sur/Chiapas/Reforma,22.383333333333333,-102.03333333333332,22.383333333333333,-102.03333333333332,5587,1411,16,2,1,0.7759340405464172,0.7430883646011353,0.03284567594528198,3.083333333333333
729,729,729,729,729,747,MX: Sur/Chiapas/Tapachula,14.898888888888887,-92.26777777777778,14.898888888888887,-92.26777777777778,78720,64877,27,124,45,0.5409958362579346,0.5242742300033569,0.016721606254577637,2.5
730,730,730,730,730,748,MX: Sur/Chiapas/Villa Corzo,16.747222222222224,-93.10388888888887,16.747222222222224,-93.10388888888887,81985,44540,14,85,33,0.5782250761985779,0.4675282835960388,0.11069679260253906,3.083333333333333
731,731,731,731,731,749,MX: Norte/Chihuahua/Delicias,28.211111111111112,-105.48111111111112,28.211111111111112,-105.48111111111112,29925,13023,7,13,5,0.961703896522522,0.7482953071594238,0.21340858936309814,3.25
732,732,732,732,732,750,MX: Norte/Chihuahua/Juarez,31.72,-106.46083333333334,31.72,-106.46083333333334,63939,23479,5,9,5,0.5195170640945435,0.6655685901641846,0.1460515260696411,3.5454545454545454
733,733,733,733,733,752,MX: Centro/Distrito Federal/Gustavo A. Madero,19.43277777777778,-99.13333333333333,19.43277777777778,-99.13333333333333,121427,68459,13,1058,246,0.6559085845947266,0.4662979245185852,0.18961066007614136,3.1666666666666665
734,734,734,734,734,753,MX: Centro/Distrito Federal/Iztacalco,19.43277777777778,-99.13333333333333,19.43277777777778,-99.13333333333333,121427,68459,13,1058,246,0.6559076309204102,0.46630167961120605,0.1896059513092041,2.9166666666666665
735,735,735,735,735,754,MX: Centro/Distrito Federal/Iztapalapa,19.357222222222223,-99.04472222222222,19.357222222222223,-99.04472222222222,79976,28018,8,322,86,0.8945140838623047,0.6668446063995361,0.22766947746276855,2.6666666666666665
736,736,736,736,736,755,MX: Centro/Distrito Federal/Alvaro Obregon,19.35,-99.16166666666668,19.35,-99.16166666666668,120871,53475,10,318,118,0.5907208919525146,0.4256875813007355,0.16503331065177917,3.0
737,737,737,737,737,756,MX: Centro/Distrito Federal/Miguel Hidalgo,25.566666666666663,-99.97055555555556,25.566666666666663,-99.97055555555556,39183,3323,12,1,1,0.7786233425140381,0.7801622152328491,0.0015388727188110352,3.083333333333333
738,738,738,738,738,757,MX: Norte/Durango/Durango,24.77805555555556,-104.45833333333334,24.77805555555556,-104.45833333333334,2169,1135,25,4,2,0.6436448097229004,0.7715295553207397,0.12788474559783936,3.4166666666666665
739,739,739,739,739,758,MX: Norte/Durango/Suchil,24.934722222222224,-104.91194444444444,24.934722222222224,-104.91194444444444,1901,1928,66,1,1,0.4181095361709595,0.758125901222229,0.34001636505126953,3.4166666666666665
740,740,740,740,740,759,MX: Occidente/Guanajuato/Leon,20.566666666666663,-103.6763888888889,20.566666666666663,-103.6763888888889,96555,12520,50,5,2,0.6143410205841064,0.6127865314483643,0.0015544891357421875,3.4347826086956523
741,741,741,741,741,761,MX: Occidente/Guanajuato/San Jose Iturbide,20.566666666666663,-103.6763888888889,20.566666666666663,-103.6763888888889,96555,12520,50,5,2,0.6143159866333008,0.6127454042434692,0.001570582389831543,2.833333333333333
742,742,742,742,742,763,MX: Sur/Guerrero/Coyuca De Benitez,17.28333333333333,-100.88333333333333,17.28333333333333,-100.88333333333333,35150,35631,11,1,1,0.5649023056030273,0.5272568464279175,0.03764545917510986,2.4166666666666665
743,743,743,743,743,764,MX: Sur/Guerrero/Chilpancingo de los Bravo,17.399444444444445,-99.59833333333331,17.399444444444445,-99.59833333333331,2718,587,40,3,1,0.40979957580566406,0.5333620309829712,0.12356245517730713,3.1666666666666665
744,744,744,744,744,765,MX: Centro/Hidalgo/Huejutla de Reyes,19.354166666666668,-99.63083333333331,19.354166666666668,-99.63083333333331,60918,25147,18,16,7,0.5423871874809265,0.4508073329925537,0.0915798544883728,3.4166666666666665
745,745,745,745,745,766,MX: Centro/Hidalgo/Pachuca de Soto,20.124166666666667,-98.73416666666668,20.124166666666667,-98.73416666666668,93780,53941,8,256,89,0.6605841517448425,0.5823431015014648,0.07824105024337769,2.4166666666666665
746,746,746,746,746,767,MX: Centro/Hidalgo/Tulancingo de Bravo,19.354166666666668,-99.63083333333331,19.354166666666668,-99.63083333333331,60918,25147,18,16,7,0.5424220561981201,0.450819730758667,0.09160232543945312,2.5
747,747,747,747,747,768,MX: Occidente/Jalisco/Arandas,20.566666666666663,-103.6763888888889,20.566666666666663,-103.6763888888889,96555,12520,50,5,2,0.6143105030059814,0.6127748489379883,0.001535654067993164,3.25
748,748,748,748,748,769,MX: Occidente/Jalisco/Guadalajara,20.566666666666663,-103.6763888888889,20.566666666666663,-103.6763888888889,96555,12520,50,5,2,0.614425003528595,0.6128010153770447,0.001623988151550293,2.9722222222222223
749,749,749,749,749,770,MX: Occidente/Jalisco/Jocotepec,20.566666666666663,-103.6763888888889,20.566666666666663,-103.6763888888889,96555,12520,50,5,2,0.6143231391906738,0.6127690076828003,0.0015541315078735352,2.583333333333333
750,750,750,750,750,771,MX: Occidente/Jalisco/Zapopan,20.566666666666663,-103.6763888888889,20.566666666666663,-103.6763888888889,96555,12520,50,5,2,0.6144191026687622,0.6127569675445557,0.001662135124206543,3.0
751,751,751,751,751,772,MX: Occidente/Jalisco/Zapotlanejo,20.566666666666663,-103.6763888888889,20.566666666666663,-103.6763888888889,96555,12520,50,5,2,0.614425003528595,0.6127785444259644,0.0016464591026306152,2.5
752,752,752,752,752,773,MX: Centro/Mexico/Almoloya de Juarez,19.42388888888889,-99.75055555555556,19.42388888888889,-99.75055555555556,141000,11090,29,1,1,0.8399993181228638,0.6460930109024048,0.19390630722045898,2.5
753,753,753,753,753,774,MX: Centro/Mexico/Atizapan de Zaragoza,19.43277777777778,-99.13333333333333,19.43277777777778,-99.13333333333333,121427,68459,13,1058,246,0.6559529304504395,0.46632373332977295,0.1896291971206665,3.25
754,754,754,754,754,775,MX: Centro/Mexico/Chicoloapan,19.40611111111111,-98.89027777777778,19.40611111111111,-98.89027777777778,49812,11144,11,72,29,0.8333191871643066,0.5147813558578491,0.3185378313064575,2.583333333333333
755,755,755,755,755,776,MX: Centro/Mexico/Mexicaltzingo,19.43277777777778,-99.13333333333333,19.43277777777778,-99.13333333333333,121427,68459,13,1058,246,0.6559303998947144,0.4663119912147522,0.18961840867996216,3.333333333333333
756,756,756,756,756,777,MX: Centro/Mexico/Naucalpan de Juarez,19.4725,-99.23305555555557,19.4725,-99.23305555555557,89308,45061,12,146,55,0.6134797930717468,0.5016850233078003,0.11179476976394653,2.458333333333333
757,757,757,757,757,778,MX: Centro/Mexico/Nextlalpan,19.79694444444445,-99.09916666666666,19.79694444444445,-99.09916666666666,62708,28992,8,260,57,0.4925743341445923,0.7922170162200928,0.2996426820755005,2.6666666666666665
758,758,758,758,758,779,MX: Centro/Mexico/San Felipe del Progreso,19.698055555555555,-99.93,19.698055555555555,-99.93,1687,797,32,1,1,0.6509672999382019,0.4252387583255768,0.22572854161262512,2.6666666666666665
759,759,759,759,759,780,MX: Centro/Mexico/Teoloyucan,19.79694444444445,-99.09916666666666,19.79694444444445,-99.09916666666666,62708,28992,8,260,57,0.49257248640060425,0.7922166585922241,0.2996441721916199,2.6666666666666665
760,760,760,760,760,781,MX: Centro/Mexico/Toluca,19.28833333333333,-99.65583333333332,19.28833333333333,-99.65583333333332,71155,38219,9,210,76,0.5984374284744263,0.606553316116333,0.008115887641906738,3.25
761,761,761,761,761,782,MX: Centro/Mexico/Xonacatlan,19.292222222222225,-99.6538888888889,19.292222222222225,-99.6538888888889,98211,47958,6,177,67,0.6756788492202759,0.46553975343704224,0.21013909578323364,2.6666666666666665
762,762,762,762,762,783,MX: Centro/Mexico/Ixtapaluca,19.316666666666663,-98.8852777777778,19.316666666666663,-98.8852777777778,66593,14633,15,177,61,0.6883672475814819,0.7084197998046875,0.020052552223205566,2.1666666666666665
763,763,763,763,763,784,MX: Centro/Mexico/Acolman,19.63888888888889,-98.91,19.63888888888889,-98.91,88050,23577,14,68,27,0.691510796546936,0.6084426641464233,0.0830681324005127,2.583333333333333
764,764,764,764,764,785,MX: Occidente/Michoacan/Morelia,19.096666666666664,-103.96083333333334,19.096666666666664,-103.96083333333334,3329,17414,98,5,3,0.383878231048584,0.547887921333313,0.164009690284729,2.9166666666666665
765,765,765,765,765,787,MX: Occidente/Michoacan/Sahuayo,20.566666666666663,-103.6763888888889,20.566666666666663,-103.6763888888889,96555,12520,50,5,2,0.6143159866333008,0.6127334833145142,0.001582503318786621,2.6666666666666665
766,766,766,766,766,788,MX: Centro/Morelos/Jiutepec,18.88305555555556,-99.17527777777778,18.88305555555556,-99.17527777777778,82423,32661,7,104,34,0.47497856616973877,0.5197914838790894,0.044812917709350586,3.0
767,767,767,767,767,789,MX: Centro/Morelos/Tlayacapan,18.956666666666667,-98.9825,18.956666666666667,-98.9825,67971,17783,14,43,19,0.4789397120475769,0.40906256437301636,0.06987714767456055,2.583333333333333
768,768,768,768,768,791,MX: Norte/Nuevo Leon/Guadalupe,27.48638888888889,-99.50805555555556,27.48638888888889,-99.50805555555556,77412,43632,10,92,27,0.5333256721496582,0.882512092590332,0.34918642044067383,3.6666666666666665
769,769,769,769,769,792,MX: Norte/Nuevo Leon/General Escobedo,25.83222222222222,-100.38416666666669,25.83222222222222,-100.38416666666669,79166,37149,4,7,4,0.5873369574546814,0.6681894659996033,0.08085250854492188,3.25
770,770,770,770,770,793,MX: Norte/Nuevo Leon/Monterrey,25.636388888888888,-100.2925,25.636388888888888,-100.2925,106413,44905,7,154,19,0.5665686726570129,0.6215797066688538,0.05501103401184082,3.333333333333333
771,771,771,771,771,794,MX: Sur/Oaxaca/Monjas,16.39361111111111,-96.63416666666669,16.39361111111111,-96.63416666666669,92072,12007,75,10,2,0.7568106651306152,0.4586787819862366,0.29813188314437866,2.75
772,772,772,772,772,795,MX: Sur/Oaxaca/Ixtlan De Juarez,16.898055555555555,-96.41416666666667,16.898055555555555,-96.41416666666667,4547,28213,78,1,1,0.694267749786377,0.5429944396018982,0.15127331018447876,2.4166666666666665
773,773,773,773,773,797,MX: Sur/Oaxaca/Tlacolula de Matamoros,16.898055555555555,-96.41416666666667,16.898055555555555,-96.41416666666667,4547,28213,78,1,1,0.694267749786377,0.5429070591926575,0.15136069059371948,2.5
774,774,774,774,774,799,MX: Centro/Puebla/Puebla,19.355,-98.60583333333332,19.355,-98.60583333333332,23664,6847,41,9,1,0.4587835669517517,0.5870088338851929,0.12822526693344116,2.4444444444444446
775,775,775,775,775,800,MX: Centro/Puebla/Tehuacan,18.462777777777777,-97.3913888888889,18.462777777777777,-97.3913888888889,62267,33947,11,186,73,0.47323012351989746,0.54793781042099,0.07470768690109253,2.75
776,776,776,776,776,801,MX: Centro/Queretaro/Colon,20.61722222222222,-100.18583333333332,20.61722222222222,-100.18583333333332,31216,8760,11,3,3,0.8300181031227112,0.7917843461036682,0.03823375701904297,3.583333333333333
777,777,777,777,777,802,MX: Centro/Queretaro/Queretaro,20.44333333333333,-99.97083333333332,20.44333333333333,-99.97083333333332,34195,15138,11,1,1,0.7844284176826477,0.7414804697036743,0.04294794797897339,3.5
778,778,778,778,778,803,MX: Sur/Quintana Roo/Benito Juarez,22.383333333333333,-102.03333333333332,22.383333333333333,-102.03333333333332,5587,1411,16,2,1,0.7759340405464172,0.7430839538574219,0.03285008668899536,2.333333333333333
779,779,779,779,779,804,MX: Norte/San Luis Potosi/San Luis Potosi,22.614722222222223,-99.79416666666668,22.614722222222223,-99.79416666666668,3454,4314,114,1,1,0.7856714129447937,0.8308947682380676,0.045223355293273926,3.6666666666666665
780,780,780,780,780,805,MX: Norte/San Luis Potosi/Soledad de Graciano Sanchez,22.20805555555556,-100.93611111111112,22.20805555555556,-100.93611111111112,27699,16775,31,31,10,0.7332242727279663,0.5453075170516968,0.18791675567626953,3.083333333333333
781,781,781,781,781,806,MX: Norte/Sinaloa/Culiacan,25.011666666666667,-107.33333333333331,25.011666666666667,-107.33333333333331,5504,2014,28,7,2,0.6222249269485474,0.5055708885192871,0.11665403842926025,2.75
782,782,782,782,782,807,MX: Norte/Sinaloa/Guasave,29.64611111111111,-110.86888888888888,29.64611111111111,-110.86888888888888,6094,455,22,1,1,0.36557912826538086,0.5800564885139465,0.21447736024856567,2.9166666666666665
783,783,783,783,783,808,MX: Norte/Sinaloa/Rosario,23.24138888888889,-106.40972222222224,23.24138888888889,-106.40972222222224,66090,20514,12,80,36,0.6908564567565918,0.7072709798812866,0.016414523124694824,2.75
784,784,784,784,784,809,MX: Norte/Sonora/Hermosillo,28.636388888888888,-111.65833333333336,28.636388888888888,-111.65833333333336,24013,2689,595,1,1,0.4930955171585083,0.5072721838951111,0.014176666736602783,2.6666666666666665
785,785,785,785,785,810,MX: Norte/Sonora/Cajeme,27.405,-109.82916666666668,27.405,-109.82916666666668,34551,18070,3,1,1,0.8049342632293701,0.9448580145835876,0.13992375135421753,3.0
786,786,786,786,786,813,MX: Norte/Tamaulipas/Padilla,24.03333333333333,-98.7,24.03333333333333,-98.7,160113,14024,52,1,1,0.6631121039390564,0.7166301012039185,0.05351799726486206,3.333333333333333
787,787,787,787,787,814,MX: Norte/Tamaulipas/Reynosa,26.056944444444444,-98.37777777777777,26.056944444444444,-98.37777777777777,82648,25874,20,27,16,0.7902395725250244,0.7396880388259888,0.050551533699035645,3.25
788,788,788,788,788,815,MX: Norte/Tamaulipas/Tampico,25.682222222222222,-100.3111111111111,25.682222222222222,-100.3111111111111,100279,51561,7,72,35,0.5645254850387573,0.5688772797584534,0.004351794719696045,3.333333333333333
789,789,789,789,789,819,MX: Sur/Veracruz/Rafael Delgado,18.13777777777777,-94.43527777777778,18.13777777777777,-94.43527777777778,96446,41220,16,32,13,0.7144030332565308,0.772160530090332,0.05775749683380127,3.083333333333333
790,790,790,790,790,821,MX: Sur/Veracruz/Tuxpam de Rodriguez Cano,19.433333333333334,-96.38333333333333,19.433333333333334,-96.38333333333333,12556,2021,174,1,1,0.7663636207580566,0.6341806650161743,0.13218295574188232,2.333333333333333
791,791,791,791,791,822,MX: Sur/Veracruz/Veracruz,17.986666666666668,-94.73138888888889,17.986666666666668,-94.73138888888889,7816,27,160,1,1,0.7212985754013062,0.6184866428375244,0.10281193256378174,2.6666666666666665
792,792,792,792,792,824,MX: Sur/Yucatan/Merida,20.90694444444444,-89.6211111111111,20.90694444444444,-89.6211111111111,58434,20871,17,96,24,0.7150858044624329,0.7344829440116882,0.01939713954925537,2.6666666666666665
793,793,793,793,793,826,PA: Colon-Colon,9.354444444444445,-79.9,9.354444444444445,-79.9,103797,68141,11,78,26,0.8504528999328613,0.9613871574401855,0.11093425750732422,3.533333333333333
794,794,794,794,794,827,PA: Panama-Chepo,9.17,-79.10083333333333,9.17,-79.10083333333333,103352,49059,6,7,3,0.8605170249938965,0.5268470048904419,0.3336700201034546,3.5
795,795,795,795,795,828,PA: Panama-Panama,9.0,-80.0,9.0,-80.0,20576,9804,110,2,1,0.43920546770095825,0.5647721290588379,0.12556666135787964,3.395348837209302
796,796,796,796,796,829,PA: Panama-San Miguelito,9.050277777777778,-79.47055555555556,9.050277777777778,-79.47055555555556,189292,58802,8,195,48,0.8475842475891113,0.7089104652404785,0.1386737823486328,3.2666666666666666
797,797,797,797,797,830,PA: Panama Oeste - Arraijan,8.939722222222223,-79.64027777777778,8.939722222222223,-79.64027777777778,130147,14086,11,7,4,0.6535180807113647,0.8116667866706848,0.15814870595932007,3.4857142857142858
798,798,798,798,798,831,PA: Panama Oeste - Capira,8.789722222222222,-80.01805555555555,8.789722222222222,-80.01805555555555,66164,6444,128,2,1,0.5160101652145386,0.4250530004501343,0.0909571647644043,3.2
799,799,799,799,799,832,PA: Panama Oeste - Chame,8.616944444444444,-79.91777777777779,8.616944444444444,-79.91777777777779,207987,14557,137,4,2,0.3864317536354065,0.46901392936706543,0.08258217573165894,3.5
800,800,800,800,800,833,PA: Panama Oeste - La Chorrera,8.880277777777778,-79.78333333333333,8.880277777777778,-79.78333333333333,193390,22760,11,87,23,0.567848801612854,0.5283868312835693,0.03946197032928467,3.26
801,801,801,801,801,834,PA: Panama Oeste - San Carlos,8.626944444444446,-80.04722222222222,8.626944444444446,-80.04722222222222,5090,7446,65,10,3,0.5936597585678101,0.48140448331832886,0.1122552752494812,3.3
802,802,802,802,802,835,PA: Bocas del Toro-Bocas del Toro,9.116944444444444,-82.87416666666665,9.116944444444444,-82.87416666666665,14589,20983,12,5,1,0.43974196910858154,0.5725892186164856,0.13284724950790405,2.7
803,803,803,803,803,836,PA: Bocas Del Toro-Changuinola,9.116944444444444,-82.87416666666665,9.116944444444444,-82.87416666666665,14589,20983,12,5,1,0.43974196910858154,0.5725724697113037,0.13283050060272217,3.55
804,804,804,804,804,837,PA: Bocas Del Toro-Chiriqui Grande,8.95,-82.11666666666666,8.95,-82.11666666666666,25457,6409,97,23,3,1.1072620153427124,0.9053161144256592,0.20194590091705322,3.4
805,805,805,805,805,838,PA: Cocle-Aguadulce,8.212499999999999,-80.61416666666666,8.212499999999999,-80.61416666666666,258725,2329,125,1,1,0.6808531880378723,0.7237275838851929,0.04287439584732056,3.1
806,806,806,806,806,839,PA: Cocle-Anton,8.463055555555554,-80.19527777777778,8.463055555555554,-80.19527777777778,162912,11773,132,10,1,0.6086252927780151,0.3569488823413849,0.25167641043663025,3.25
807,807,807,807,807,840,PA: Cocle-Nata,8.359722222222222,-80.56444444444445,8.359722222222222,-80.56444444444445,90264,8231,14,5,3,0.5750887989997864,0.3926965594291687,0.18239223957061768,3.0
808,808,808,808,808,841,PA: Cocle-Penonome,8.51888888888889,-80.35722222222222,8.51888888888889,-80.35722222222222,81901,70177,18,23,13,0.6346893310546875,0.5616523027420044,0.0730370283126831,3.35
809,809,809,809,809,842,PA: Colon-Chagres,9.122777777777776,-80.11833333333333,9.122777777777776,-80.11833333333333,124336,8491,103,5,1,0.4637141823768616,0.4969806671142578,0.03326648473739624,3.4
810,810,810,810,810,843,PA: Chiriqui-Alanje,8.385555555555555,-82.61861111111111,8.385555555555555,-82.61861111111111,19790,19603,9,1,1,0.6071147918701172,0.6818881034851074,0.07477331161499023,3.5
811,811,811,811,811,844,PA: Chiriqui-Baru,8.809166666666668,-82.54138888888889,8.809166666666668,-82.54138888888889,245616,240786,12,1,1,0.7297450304031372,0.6551035046577454,0.07464152574539185,3.6
812,812,812,812,812,845,PA: Chiriqui-Boqueron,8.616666666666667,-82.56666666666666,8.616666666666667,-82.56666666666666,91274,985,129,1,1,0.3565613031387329,0.43526285886764526,0.07870155572891235,3.5
813,813,813,813,813,846,PA: Chiriqui-Bugaba,8.545277777777777,-82.68444444444445,8.545277777777777,-82.68444444444445,512771,535680,12,1,1,0.5935361385345459,0.6000210046768188,0.006484866142272949,3.3
814,814,814,814,814,847,PA: Chiriqui-David,8.427222222222222,-82.43083333333334,8.427222222222222,-82.43083333333334,160352,38658,15,140,37,0.6021314859390259,0.6096753478050232,0.0075438618659973145,3.1
815,815,815,815,815,848,PA: Chiriqui-Dolega,8.634444444444444,-82.47694444444444,8.634444444444444,-82.47694444444444,144458,53012,10,3,3,0.5090413093566895,0.46073296666145325,0.048308342695236206,3.6
816,816,816,816,816,849,PA: Chiriqui-Renacimiento,8.74472222222222,-82.78999999999999,8.74472222222222,-82.78999999999999,1389,1166,314,1,1,0.3988843858242035,0.32127970457077026,0.07760468125343323,3.2
817,817,817,817,817,850,PA: Darien-Chepigana,7.923888888888889,-77.94027777777778,7.923888888888889,-77.94027777777778,133694,12297,131,10,2,0.20553262531757355,0.3144449293613434,0.10891230404376984,3.3
818,818,818,818,818,851,PA: Darien-Pinogana,8.352222222222222,-77.83222222222221,8.352222222222222,-77.83222222222221,200184,14955,133,1,1,0.30444037914276123,0.37166929244995117,0.06722891330718994,2.9
819,819,819,819,819,852,PA: Herrera-Chitre,7.960555555555556,-80.42944444444444,7.960555555555556,-80.42944444444444,154204,91588,11,23,9,0.5731322765350342,0.37378427386283875,0.19934800267219543,3.7
820,820,820,820,820,853,PA: Herrera-Los Pozos,7.709444444444444,-80.64305555555556,7.709444444444444,-80.64305555555556,7056,7449,22,2,1,0.5744180679321289,0.38238298892974854,0.19203507900238037,3.375
821,821,821,821,821,854,PA: Herrera-Pese,7.881944444444445,-80.6325,7.881944444444445,-80.6325,6228,9835,10,1,1,0.4527750313282013,0.38841700553894043,0.06435802578926086,3.0
822,822,822,822,822,855,PA: Los Santos-Las Tablas,7.648333333333332,-80.29916666666666,7.648333333333332,-80.29916666666666,98262,7465,132,2,2,0.5969080328941345,0.4460180699825287,0.15088996291160583,3.625
823,823,823,823,823,856,PA: Los Santos-Los Santos,7.583333333333333,-80.33333333333333,7.583333333333333,-80.33333333333333,18935,19949,8,1,1,0.6071052551269531,0.39120179414749146,0.21590346097946167,3.0
824,824,824,824,824,857,PA: Los Santos-Tonosi,7.421111111111111,-80.51722222222222,7.421111111111111,-80.51722222222222,52748,129650,8,2,1,0.6456953287124634,0.4747324585914612,0.1709628701210022,3.1
825,825,825,825,825,858,PA: Veraguas-Canazas,8.355833333333333,-81.28611111111111,8.355833333333333,-81.28611111111111,82873,4972,12,2,1,0.8069199919700623,0.7066652774810791,0.10025471448898315,3.5
826,826,826,826,826,859,PA: Veraguas-Las Palmas,8.064166666666667,-81.51361111111112,8.064166666666667,-81.51361111111112,107821,10173,100,3,1,0.3854876160621643,0.44436153769493103,0.058873921632766724,3.0
827,827,827,827,827,860,PA: Veraguas-Santa Fe,8.672777777777776,-80.99138888888889,8.672777777777776,-80.99138888888889,17041,11178,92,8,1,0.38058048486709595,0.5268650054931641,0.14628452062606812,3.1
828,828,828,828,828,861,PA: Veraguas-Santiago,8.1,-80.98333333333333,8.1,-80.98333333333333,141085,12432,14,19,10,0.5220897197723389,0.3966449797153473,0.12544474005699158,3.2
829,829,829,829,829,862,PA: Veraguas-Sona,7.89111111111111,-81.33527777777778,7.89111111111111,-81.33527777777778,69045,4930,15,4,1,0.44904398918151855,0.38225898146629333,0.06678500771522522,2.9
830,830,830,830,830,863,PA: Guna Yala-Guna Yala,9.25,-78.25,9.25,-78.25,101101,18757,136,5,1,0.43122920393943787,0.5163617730140686,0.08513256907463074,3.1
831,831,831,831,831,864,PA: Ngobe Bugle-Besiko,8.54861111111111,-82.08972222222222,8.54861111111111,-82.08972222222222,202299,11654,104,2,1,0.48317182064056396,0.40203261375427246,0.0811392068862915,1.8
832,832,832,832,832,865,PA: Ngobe Bugle-Mirono,8.404444444444445,-81.83055555555555,8.404444444444445,-81.83055555555555,4877,8968,58,6,1,0.4456407427787781,0.40987399220466614,0.03576675057411194,3.1
833,833,833,833,833,866,PA: Ngobe Bugle-Muna,8.350277777777777,-81.67194444444445,8.350277777777777,-81.67194444444445,4704,948,23,1,1,0.455326646566391,0.43684157729148865,0.018485069274902344,3.2222222222222223
834,834,834,834,834,867,PA: Ngobe Bugle-Kankintu,8.895,-81.85749999999999,8.895,-81.85749999999999,68476,4891,140,4,3,0.6888817548751831,0.8481035232543945,0.15922176837921143,3.6
835,835,835,835,835,868,PA: Ngobe Bugle-Kusapin,9.171111111111111,-81.89611111111111,9.171111111111111,-81.89611111111111,47666,391,165,1,1,0.34638309478759766,0.7089763879776001,0.36259329319000244,3.2
836,836,836,836,836,869,PY: Alto Parana-Presidente Franco,-25.56361111111111,-54.61083333333333,-25.56361111111111,-54.61083333333333,84093,42320,14,36,7,0.40253084897994995,1.004257321357727,0.6017264723777771,2.9
837,837,837,837,837,870,PY: Guaira-Mauricio Jose Troche,-25.621111111111112,-56.15416666666667,-25.621111111111112,-56.15416666666667,4452,2875,22,5,1,0.7229200601577759,0.4853972792625427,0.23752278089523315,2.92
838,838,838,838,838,871,PY: Central-Luque,-25.266944444444444,-57.490833333333335,-25.266944444444444,-57.490833333333335,91528,24980,12,138,29,0.6308501958847046,0.4065954387187958,0.2242547571659088,3.1041666666666665
839,839,839,839,839,872,PY: Asuncion-Asuncion,-25.28638888888889,-57.64694444444444,-25.28638888888889,-57.64694444444444,126348,28207,8,72,28,0.6362094879150391,0.7140038013458252,0.07779431343078613,3.081967213114754
840,840,840,840,840,873,PY: San Pedro-Guayaibi,-24.53333333333333,-56.403888888888886,-24.53333333333333,-56.403888888888886,23675,34499,12,53,11,0.6556497812271118,0.5057904124259949,0.14985936880111694,2.888888888888889
841,841,841,841,841,874,PY: Central-Julian Augusto Saldivar,-25.45,-57.43333333333333,-25.45,-57.43333333333333,90524,31472,3,1,1,0.5712041258811951,0.6255826950073242,0.05437856912612915,2.894736842105264
842,842,842,842,842,875,PY: Central-Nemby,-25.39472222222222,-57.535555555555554,-25.39472222222222,-57.535555555555554,137953,30820,11,6,3,0.6092405319213867,0.6552231311798096,0.04598259925842285,3.5
843,843,843,843,843,876,PY: Canindeyu-Curuguaty,-24.33611111111111,-55.77444444444444,-24.33611111111111,-55.77444444444444,5431,5734,20,1,1,0.5886168479919434,0.8973962664604187,0.30877941846847534,3.1
844,844,844,844,844,877,PY: Central-San Lorenzo,-25.33944444444444,-57.50861111111111,-25.33944444444444,-57.50861111111111,123905,22971,10,52,17,0.5184242725372314,0.461639404296875,0.056784868240356445,3.208333333333333
845,845,845,845,845,878,PY: San Pedro-Villa Del Rosario,-24.56083333333333,-57.07694444444445,-24.56083333333333,-57.07694444444445,34783,42036,12,1,1,0.5723809003829956,0.6958068013191223,0.12342590093612671,2.6
846,846,846,846,846,879,PY: San Pedro-Chore,-24.184166666666663,-56.632777777777775,-24.184166666666663,-56.632777777777775,18754,18225,9,1,1,0.7232439517974854,0.8351036310195923,0.11185967922210693,3.2222222222222223
847,847,847,847,847,880,PY: Central-Limpio,-25.16611111111111,-57.48555555555556,-25.16611111111111,-57.48555555555556,70383,13558,12,6,3,0.6925275325775146,0.6270008087158203,0.06552672386169434,3.25
848,848,848,848,848,881,PY: Paraguari-Acahay,-25.889166666666664,-57.07638888888889,-25.889166666666664,-57.07638888888889,114815,28662,12,19,4,0.5367128849029541,0.4589221477508545,0.07779073715209961,3.1
849,849,849,849,849,882,PY: San Pedro-San Estanislao,-24.64555555555556,-56.39222222222222,-24.64555555555556,-56.39222222222222,12399,29817,7,1,1,0.6555801630020142,0.7710213661193848,0.1154412031173706,3.1
850,850,850,850,850,883,PY: Cordillera-Eusebio Ayala,-25.361111111111114,-56.97138888888889,-25.361111111111114,-56.97138888888889,143836,33707,10,2,2,0.696763813495636,0.743340253829956,0.04657644033432007,2.7
851,851,851,851,851,884,PY: Guaira-Itape,-25.854444444444447,-56.56666666666667,-25.854444444444447,-56.56666666666667,5157,2373,29,3,2,0.9085049033164978,0.646605372428894,0.26189953088760376,3.2857142857142856
852,852,852,852,852,885,PY: Caazapa-Caazapa,-26.25,-56.06666666666667,-26.25,-56.06666666666667,4608,2459,20,1,1,0.7733820676803589,0.6673353910446167,0.10604667663574219,3.2222222222222223
853,853,853,853,853,886,PY: Paraguari-Quyquyho,-26.2525,-57.01027777777778,-26.2525,-57.01027777777778,2956,1551,69,1,1,0.6246007084846497,0.5930713415145874,0.031529366970062256,3.4
854,854,854,854,854,887,PY: Guaira-Paso Yobai,-25.739166666666662,-55.91305555555555,-25.739166666666662,-55.91305555555555,9119,6623,10,1,1,0.7567260265350342,0.5326958894729614,0.22403013706207275,2.6666666666666665
855,855,855,855,855,888,PY: Caazapa-Yuty,-26.607222222222223,-56.335,-26.607222222222223,-56.335,9473,5256,39,1,1,0.740653395652771,0.8400724530220032,0.09941905736923218,3.5
856,856,856,856,856,890,PY: Cordillera-Arroyos y Esteros,-25.04277777777778,-57.16222222222222,-25.04277777777778,-57.16222222222222,26865,1550,54,12,1,0.690401554107666,0.6391580700874329,0.051243484020233154,3.0
857,857,857,857,857,891,PY: Cordillera-Emboscada,-25.12861111111112,-57.36277777777778,-25.12861111111112,-57.36277777777778,119534,114332,7,13,1,0.5658005475997925,0.46561160683631897,0.10018894076347351,2.7777777777777777
858,858,858,858,858,892,PY: Caaguazu-Doctor Juan Eulogio Estigarribia,-25.371666666666663,-55.70444444444445,-25.371666666666663,-55.70444444444445,80892,26325,20,2,2,0.5791971683502197,0.8272818326950073,0.2480846643447876,2.772727272727273
859,859,859,859,859,893,PY: Caaguazu-Coronel Oviedo,-25.444444444444446,-56.44027777777777,-25.444444444444446,-56.44027777777777,96724,28521,10,60,17,0.46526673436164856,0.5582780838012695,0.09301134943962097,3.25
860,860,860,860,860,894,PY: Central-Lambare,-25.346666666666664,-57.60638888888889,-25.346666666666664,-57.60638888888889,100672,27325,11,75,10,0.5941157937049866,0.4027450680732727,0.19137072563171387,2.9
861,861,861,861,861,895,PY: Central-Aregua,-25.3125,-57.38472222222222,-25.3125,-57.38472222222222,41259,13180,18,3,3,0.4265715479850769,0.7098553776741028,0.2832838296890259,3.272727272727273
862,862,862,862,862,896,PY: Caaguazu-Jose Domingo Ocampos,-25.440277777777776,-55.4375,-25.440277777777776,-55.4375,15936,13400,2,4,2,0.7883024215698242,0.6459994912147522,0.14230293035507202,3.0
863,863,863,863,863,897,PY: Alto Parana-Itakyry,-24.81416666666667,-55.1525,-24.81416666666667,-55.1525,1722,2731,21,2,1,0.78357994556427,0.8393486738204956,0.055768728256225586,2.8461538461538463
864,864,864,864,864,898,PY: Alto Parana-Ciudad Del Este,-25.509722222222223,-54.61111111111112,-25.509722222222223,-54.61111111111112,98037,39170,12,184,66,0.6258570551872253,0.8225322365760803,0.19667518138885498,3.5454545454545454
865,865,865,865,865,899,PY: Alto Parana-Minga Guazu,-25.50333333333333,-54.84138888888889,-25.50333333333333,-54.84138888888889,6239,3587,21,1,1,0.6256334781646729,0.6593972444534302,0.033763766288757324,3.4
866,866,866,866,866,900,PY: Central-Capiata,-25.355,-57.445277777777775,-25.355,-57.445277777777775,69359,19670,14,7,5,0.5656336545944214,0.43125849962234497,0.13437515497207642,3.25
867,867,867,867,867,901,PY: Alto Parana-Yguazu,-25.41777777777778,-55.1,-25.41777777777778,-55.1,12800,6516,18,13,1,0.8195886015892029,0.8403846025466919,0.020796000957489014,3.2142857142857144
868,868,868,868,868,902,PY: Itapua-Capitan Miranda,-27.189444444444444,-55.81166666666666,-27.189444444444444,-55.81166666666666,208050,132754,3,1,1,1.1029627323150635,0.8019585013389587,0.30100423097610474,3.0454545454545454
869,869,869,869,869,903,PY: Amambay-Pedro Juan Caballero,-22.547222222222224,-55.73333333333333,-22.547222222222224,-55.73333333333333,77348,45778,14,64,23,0.6261718273162842,0.6520430445671082,0.025871217250823975,3.4
870,870,870,870,870,905,PY: Canindeyu-Nueva Esperanza,-24.581666666666667,-54.653888888888886,-24.581666666666667,-54.653888888888886,11196,19776,12,23,2,0.8460603356361389,0.8313739895820618,0.014686346054077148,2.9
871,871,871,871,871,906,PY: Alto Parana-Doctor Juan Leon Mallorquin,-25.48361111111112,-55.254444444444445,-25.48361111111112,-55.254444444444445,4027,2435,9,1,1,0.6902592778205872,0.8295130729675293,0.13925379514694214,2.8
872,872,872,872,872,907,PY: Concepcion-Horqueta,-23.343055555555555,-57.051944444444445,-23.343055555555555,-57.051944444444445,219094,31545,16,12,4,0.5174583196640015,0.7171835899353027,0.19972527027130127,3.3
873,873,873,873,873,908,PY: Alto Parana-Minga Pora,-24.866666666666667,-54.91666666666666,-24.866666666666667,-54.91666666666666,55366,59076,2,10,2,0.5590282678604126,0.7989290952682495,0.23990082740783691,3.1666666666666665
874,874,874,874,874,909,PY: Alto Parana-San Alberto,-24.97583333333333,-54.90611111111111,-24.97583333333333,-54.90611111111111,92059,76163,2,6,6,0.6244806051254272,0.9560193419456482,0.33153873682022095,3.555555555555556
875,875,875,875,875,910,PY: Presidente Hayes-Pozo Colorado,-23.466666666666665,-58.96666666666667,-23.466666666666665,-58.96666666666667,100310,9464,59,2,2,0.3694060444831848,0.5999355316162109,0.23052948713302612,3.1818181818181817
876,876,876,876,876,911,PY: Central-Itaugua,-25.3925,-57.35416666666667,-25.3925,-57.35416666666667,165789,37071,9,8,6,0.6838665008544922,0.5211595296859741,0.16270697116851807,3.5
877,877,877,877,877,912,PY: San Pedro-Capiibary,-24.745833333333334,-55.99138888888889,-24.745833333333334,-55.99138888888889,6209,4488,16,3,2,0.6959038972854614,0.49876436591148376,0.19713953137397766,3.1
878,878,878,878,878,913,PY: Paraguari-General Bernardino Caballero,-25.76,-56.88611111111111,-25.76,-56.88611111111111,830,996,138,1,1,0.4686603546142578,0.4101853668689728,0.058474987745285034,3.588235294117647
879,879,879,879,879,914,PY: Itapua-Bella Vista,-26.99527777777778,-55.545,-26.99527777777778,-55.545,5395,4369,34,65,1,0.8226138949394226,0.7502633929252625,0.07235050201416016,3.0
880,880,880,880,880,915,PY: San Pedro-San Pedro de Ycuamandiyu,-24.085277777777776,-57.08722222222222,-24.085277777777776,-57.08722222222222,7014,7600,17,4,2,0.6346391439437866,0.6541604995727539,0.019521355628967285,3.090909090909091
881,881,881,881,881,916,PY: Central-Mariano Roque Alonso,-25.20777777777778,-57.53194444444444,-25.20777777777778,-57.53194444444444,92974,21440,8,40,16,0.6760247349739075,0.6352488398551941,0.04077589511871338,2.555555555555556
882,882,882,882,882,917,PY: Concepcion-Yby Ya'u,-22.96611111111111,-56.54055555555556,-22.96611111111111,-56.54055555555556,22906,7481,26,2,2,0.625881552696228,0.6497851610183716,0.023903608322143555,3.1
883,883,883,883,883,918,PY: Alto Parana-Hernandarias,-25.315,-54.77777777777778,-25.315,-54.77777777777778,27067,15184,10,2,1,0.9230695366859436,0.935408353805542,0.012338817119598389,3.35
884,884,884,884,884,919,PY: Central-Ita,-25.50027777777778,-57.36694444444444,-25.50027777777778,-57.36694444444444,54848,23565,5,13,6,0.5608346462249756,0.5016410946846008,0.059193551540374756,3.1
885,885,885,885,885,920,PY: Caaguazu-Carayao,-25.18722222222222,-56.32888888888889,-25.18722222222222,-56.32888888888889,12998,13833,22,1,1,0.5772572755813599,0.6671425104141235,0.08988523483276367,2.8
886,886,886,886,886,921,PY: Presidente Hayes-Nanawa,-25.282777777777778,-57.70055555555556,-25.282777777777778,-57.70055555555556,1662,939,120,1,1,0.8350594639778137,0.5460692644119263,0.28899019956588745,3.555555555555556
887,887,887,887,887,922,PY: Misiones-Santa Maria de Fe,-26.78361111111112,-56.94333333333333,-26.78361111111112,-56.94333333333333,6371,9194,8,4,2,0.5999389886856079,0.8059902191162109,0.20605123043060303,3.2
888,888,888,888,888,923,PY: Central-San Antonio,-25.42111111111112,-57.54722222222222,-25.42111111111112,-57.54722222222222,85168,25236,16,20,6,0.5466218590736389,0.8437530994415283,0.2971312403678894,3.1
889,889,889,889,889,924,PY: San Pedro-General Elizardo Aquino,-24.44527777777778,-56.899166666666666,-24.44527777777778,-56.899166666666666,11354,9940,18,9,1,0.5512529611587524,0.6359032392501831,0.08465027809143066,3.363636363636364
890,890,890,890,890,925,PY: Central-Chaco-Colonia Menno,-21.51,-60.7,-21.51,-60.7,9506,2132,27,1,1,0.6950122117996216,0.6298261880874634,0.0651860237121582,3.2
891,891,891,891,891,926,PY: Cordillera-Primero de Marzo,-25.126944444444444,-56.97083333333334,-25.126944444444444,-56.97083333333334,2281,19,46,1,1,0.7784249186515808,0.6873786449432373,0.0910462737083435,2.8
892,892,892,892,892,927,PY: Itapua-La Encarnacion,-26.97777777777777,-55.89722222222222,-26.97777777777777,-55.89722222222222,60223,85904,10,32,2,0.8132146596908569,0.8094676733016968,0.0037469863891601562,3.090909090909091
893,893,893,893,893,928,PY: Paraguari-Ybycui,-26.02055555555556,-57.01694444444444,-26.02055555555556,-57.01694444444444,93054,37844,7,1,1,0.5567421913146973,0.7619215250015259,0.2051793336868286,3.111111111111111
894,894,894,894,894,929,PY: Itapua-Natalio,-26.734166666666667,-55.13916666666667,-26.734166666666667,-55.13916666666667,10527,5881,12,2,2,0.6907238364219666,0.8270566463470459,0.13633280992507935,2.6666666666666665
895,895,895,895,895,930,PY: Caaguazu-Caaguazu,-25.2,-55.833333333333336,-25.2,-55.833333333333336,23581,22030,7,1,1,0.7757070064544678,1.1622917652130127,0.3865847587585449,2.7
896,896,896,896,896,932,PY: Concepcion,-23.399722222222223,-57.43222222222222,-23.399722222222223,-57.43222222222222,82796,26506,10,30,12,0.5917114615440369,0.8334227204322815,0.24171125888824463,3.3
897,897,897,897,897,933,PY: Caaguazu-San Jose De Los Arroyos,-25.539166666666667,-56.69861111111111,-25.539166666666667,-56.69861111111111,20422,28401,4,1,1,0.8237600326538086,0.7060808539390564,0.1176791787147522,3.2
898,898,898,898,898,934,PY: Itapua-Mayor Julio Dionisio Otano,-26.35333333333333,-54.72055555555556,-26.35333333333333,-54.72055555555556,8732,7566,19,15,3,0.5659228563308716,0.5555553436279297,0.010367512702941895,2.7222222222222223
899,899,899,899,899,935,PY: Misiones-Ayolas,-27.384166666666665,-56.839444444444446,-27.384166666666665,-56.839444444444446,97604,80736,23,8,4,0.5290330648422241,0.8680891394615173,0.3390560746192932,3.1
900,900,900,900,900,936,PY: Central-Fernando de la Mora,-25.33833333333333,-57.52166666666667,-25.33833333333333,-57.52166666666667,25069,33913,10,19,4,0.6700889468193054,0.4113128185272217,0.25877612829208374,3.1
901,901,901,901,901,937,PY: Itapua-San Rafael del Parana,-26.439444444444444,-55.10055555555556,-26.439444444444444,-55.10055555555556,6825,3825,11,1,1,0.8516889214515686,0.773362398147583,0.0783265233039856,3.0
902,902,902,902,902,938,PY: Paraguari-Escobar,-25.66861111111111,-57.02555555555556,-25.66861111111111,-57.02555555555556,50639,50443,6,1,1,0.7933064699172974,0.602935791015625,0.19037067890167236,3.6666666666666665
903,903,903,903,903,939,PY: Itapua-Tomas Romero Pereira,-26.473333333333333,-55.282222222222224,-26.473333333333333,-55.282222222222224,75743,17384,10,6,2,0.8877420425415039,0.8502602577209473,0.03748178482055664,3.111111111111111
904,904,904,904,904,940,PY: Central-Ypane,-25.460277777777776,-57.509166666666665,-25.460277777777776,-57.509166666666665,84035,23332,15,7,5,0.5290939807891846,0.6055014729499817,0.07640749216079712,3.9
905,905,905,905,905,941,PY: Central-Villa Elisa,-25.3675,-57.5925,-25.3675,-57.5925,102899,38676,7,22,11,0.5799849033355713,0.5217441320419312,0.05824077129364014,3.1
906,906,906,906,906,942,PY: Itapua-Pirapo,-26.83333333333333,-55.51472222222223,-26.83333333333333,-55.51472222222223,13418,17331,13,1,1,0.8913024067878723,0.7846845984458923,0.10661780834197998,3.111111111111111
907,907,907,907,907,943,PY: Caaguazu-Repatriacion,-25.58388888888889,-55.80305555555555,-25.58388888888889,-55.80305555555555,26397,12673,8,14,1,0.772045373916626,0.81905198097229,0.04700660705566406,2.5
908,908,908,908,908,944,PE: Gran Lima,-12.082222222222224,-77.04527777777777,-12.082222222222224,-77.04527777777777,166724,134283,6,456,159,0.8547564744949341,0.7616709470748901,0.09308552742004395,3.118279569892473
909,909,909,909,909,945,PE: Lima-Huaral,-11.495,-77.20777777777778,-11.495,-77.20777777777778,88672,71954,9,81,20,0.39124858379364014,0.6587620973587036,0.2675135135650635,3.066666666666667
910,910,910,910,910,946,PE: Lambayeque-Chiclayo,-6.771111111111111,-79.84083333333332,-6.771111111111111,-79.84083333333332,137047,123917,11,74,33,0.6241511106491089,0.6185801029205322,0.00557100772857666,3.2
911,911,911,911,911,947,PE: La Libertad-Trujillo,-8.115833333333333,-79.02972222222222,-8.115833333333333,-79.02972222222222,137574,98557,12,204,65,0.5108404159545898,0.6093372702598572,0.09849685430526733,3.3666666666666667
912,912,912,912,912,948,PE: Ancash-Huaraz,-9.52777777777778,-77.52777777777777,-9.52777777777778,-77.52777777777777,136290,126852,19,83,20,0.6562992334365845,0.5888559818267822,0.06744325160980225,3.1
913,913,913,913,913,949,PE: Arequipa-Arequipa,-16.398888888888887,-71.535,-16.398888888888887,-71.535,48777,24621,30,120,42,0.490888386964798,0.5952591300010681,0.10437074303627014,3.111111111111111
914,914,914,914,914,950,PE: Lambayeque-TUCUME,-6.506111111111111,-79.85722222222222,-6.506111111111111,-79.85722222222222,125327,93729,15,12,7,0.6877750158309937,0.6477473974227905,0.040027618408203125,3.0
915,915,915,915,915,951,PE: Piura-Piura,-5.194444444444445,-80.63277777777778,-5.194444444444445,-80.63277777777778,105278,48141,16,34,15,0.534857451915741,0.6916096210479736,0.15675216913223267,3.12
916,916,916,916,916,952,PE: Junin-Huancayo,-12.065,-75.20472222222223,-12.065,-75.20472222222223,66369,22615,16,171,40,0.653029203414917,0.6263401508331299,0.02668905258178711,2.96
917,917,917,917,917,953,PE: Junin-Ingenio,-11.797777777777778,-75.17222222222223,-11.797777777777778,-75.17222222222223,9643,3725,12,2,1,0.4353799819946289,0.5114229917526245,0.0760430097579956,3.0
918,918,918,918,918,954,PE: Piura-La Arena,-4.807777777777778,-81.205,-4.807777777777778,-81.205,2451,3084,70,2,1,0.5642193555831909,0.7397613525390625,0.17554199695587158,3.2
919,919,919,919,919,955,PE: Ancash-QUILLO,-9.226666666666668,-77.81555555555555,-9.226666666666668,-77.81555555555555,19431,19180,29,2,1,0.6332840919494629,0.5025289058685303,0.13075518608093262,2.5
920,920,920,920,920,956,PE: Loreto-Iquitos,-3.748888888888889,-73.25361111111111,-3.748888888888889,-73.25361111111111,35607,8954,76,78,9,0.5778974294662476,0.6996317505836487,0.12173432111740112,2.966666666666667
921,921,921,921,921,957,PE: Cusco-Cusco,-13.5225,-71.96722222222222,-13.5225,-71.96722222222222,73448,38045,27,130,46,0.6595788598060608,0.5830695629119873,0.07650929689407349,2.8
922,922,922,922,922,958,PE: Cajamarca-Cachachi,-7.5675,-78.25333333333333,-7.5675,-78.25333333333333,46491,33662,34,6,2,0.6373180150985718,0.48022183775901794,0.15709617733955383,3.466666666666667
923,923,923,923,923,959,PE: Piura-Frias,-4.926666666666667,-79.9713888888889,-4.926666666666667,-79.9713888888889,8740,8002,34,5,3,0.5873054265975952,0.3345124423503876,0.25279298424720764,3.333333333333333
924,924,924,924,924,960,PE: Ica-Nazca,-14.830833333333333,-74.9388888888889,-14.830833333333333,-74.9388888888889,87139,108917,9,6,4,0.6298041343688965,0.684769868850708,0.05496573448181152,2.9
925,925,925,925,925,961,PE: Junin-La Oroya,-11.51888888888889,-75.89916666666667,-11.51888888888889,-75.89916666666667,14262,5385,15,5,3,0.7534447908401489,0.7491511106491089,0.004293680191040039,3.2
926,926,926,926,926,962,PE: Cajamarca-Cajamarca,-7.163611111111112,-78.50027777777778,-7.163611111111112,-78.50027777777778,95517,52718,13,64,17,0.7375448346138,0.5953168272972107,0.14222800731658936,3.733333333333333
927,927,927,927,927,963,PE: Amazonas-BAGUA,-5.09,-78.39972222222222,-5.09,-78.39972222222222,12430,16348,46,10,1,0.23841449618339539,0.3725074529647827,0.13409295678138733,3.2
928,928,928,928,928,964,PE: Lambayeque-Ferrenafe,-6.328888888888889,-79.46166666666667,-6.328888888888889,-79.46166666666667,12006,11987,28,1,1,0.5117796063423157,0.5436598062515259,0.031880199909210205,3.05
929,929,929,929,929,965,PE: Cusco-LARES,-13.199166666666668,-72.04472222222222,-13.199166666666668,-72.04472222222222,17794,15724,27,1,1,0.6465542316436768,0.8293671607971191,0.18281292915344238,2.6666666666666665
930,930,930,930,930,966,PE: Cajamarca-Encanada,-6.985,-78.40277777777779,-6.985,-78.40277777777779,32559,22528,38,1,1,0.6316689252853394,0.39671313762664795,0.2349557876586914,2.8
931,931,931,931,931,967,PE: Huanuco-Huanuco,-9.930555555555555,-76.24222222222222,-9.930555555555555,-76.24222222222222,118774,53086,22,122,29,0.5052071809768677,0.6789196729660034,0.17371249198913574,2.571428571428572
932,932,932,932,932,968,PE: Cajamarca-QUEROCOTILLO,-6.215277777777778,-79.24416666666667,-6.215277777777778,-79.24416666666667,3796,948,23,1,1,0.4496919810771942,0.7014679908752441,0.2517760097980499,3.0
933,933,933,933,933,969,PE: Loreto-JENARO HERRERA,-4.996111111111111,-73.69833333333334,-4.996111111111111,-73.69833333333334,8004,1588,48,3,2,0.25643593072891235,0.42613017559051514,0.16969424486160278,2.7
934,934,934,934,934,970,PE: Cajamarca-Huarango,-5.081111111111111,-78.70916666666668,-5.081111111111111,-78.70916666666668,19391,25661,50,1,1,0.32977283000946045,0.32781293988227844,0.001959890127182007,3.533333333333333
935,935,935,935,935,971,PE: Piura-Talara,-4.577222222222222,-81.27194444444444,-4.577222222222222,-81.27194444444444,128636,147391,20,54,17,0.9657548069953918,0.9262287020683289,0.03952610492706299,3.2
936,936,936,936,936,972,PE: La Libertad-Laredo,-8.089444444444444,-78.96000000000001,-8.089444444444444,-78.96000000000001,726,1510,9,1,1,0.9755897521972656,0.7546558380126953,0.2209339141845703,3.8
937,937,937,937,937,973,PE: Huanuco-Chinchao,-9.606944444444444,-76.07138888888889,-9.606944444444444,-76.07138888888889,235731,34165,25,1,1,0.5492085814476013,0.5357553958892822,0.013453185558319092,2.5454545454545454
938,938,938,938,938,974,PE: Loreto-Fernando Lores,-4.003055555555555,-73.15833333333335,-4.003055555555555,-73.15833333333335,80535,22146,46,1,1,0.6532220840454102,0.6513030529022217,0.0019190311431884766,3.0
939,939,939,939,939,975,PE: San Martin-Tarapoto,-6.508611111111111,-76.37305555555555,-6.508611111111111,-76.37305555555555,161046,164088,24,28,7,0.8047164678573608,0.5129467248916626,0.29176974296569824,3.066666666666667
940,940,940,940,940,976,PE: Apurimac-Curahuasi,-13.63861111111111,-72.61805555555554,-13.63861111111111,-72.61805555555554,14293,30222,30,2,1,0.6509851217269897,0.7181011438369751,0.06711602210998535,3.111111111111111
941,941,941,941,941,977,PE: Ancash-Chimbote,-9.075,-78.5936111111111,-9.075,-78.5936111111111,87514,64799,28,28,17,0.6730825901031494,0.7676233649253845,0.09454077482223511,3.1333333333333333
942,942,942,942,942,978,PE: Ayacucho-Ayacucho,-13.158611111111112,-74.22305555555556,-13.158611111111112,-74.22305555555556,75696,71063,25,116,44,0.6001309156417847,0.5743991732597351,0.02573174238204956,2.933333333333333
943,943,943,943,943,979,PE: Piura-Santo Domingo,-5.053055555555555,-79.91055555555556,-5.053055555555555,-79.91055555555556,10683,6605,32,7,2,0.6308993101119995,0.4835038185119629,0.14739549160003662,3.0
944,944,944,944,944,980,PE: San Martin-RIOJA,-6.067777777777778,-77.15972222222223,-6.067777777777778,-77.15972222222223,52913,65642,102,3,2,0.7134897708892822,0.6056649088859558,0.10782486200332642,3.2666666666666666
945,945,945,945,945,981,PE: Junin-SAN RAMON,-11.124166666666667,-75.35722222222222,-11.124166666666667,-75.35722222222222,30500,33357,13,24,8,0.6050478219985962,0.6831432580947876,0.0780954360961914,2.466666666666667
946,946,946,946,946,982,PE: Puno-Juliaca,-15.5,-70.13333333333334,-15.5,-70.13333333333334,79619,62976,27,45,13,0.5438330769538879,0.7906506061553955,0.24681752920150757,2.6666666666666665
947,947,947,947,947,983,PE: Puno-ORURILLO,-14.686111111111112,-70.4875,-14.686111111111112,-70.4875,13384,9026,39,2,2,0.6519656181335449,0.9382555484771729,0.28628993034362793,2.5
948,948,948,948,948,984,PE: La Libertad-Usquil,-7.754444444444444,-78.4063888888889,-7.754444444444444,-78.4063888888889,64798,24310,53,2,1,0.7867950201034546,0.40611207485198975,0.38068294525146484,3.333333333333333
949,949,949,949,949,985,PE: Huancavelica-Acoria,-12.599444444444446,-74.82333333333332,-12.599444444444446,-74.82333333333332,30686,33963,32,1,1,0.6630753874778748,0.6535161733627319,0.009559214115142822,2.8
950,950,950,950,950,986,PE: Tacna-Tacna,-18.014444444444443,-70.25361111111111,-18.014444444444443,-70.25361111111111,165701,161024,9,46,22,0.6216541528701782,0.6669209003448486,0.04526674747467041,2.8
951,951,951,951,951,987,PE: Ayacucho-Vinchos,-13.14472222222222,-73.99111111111111,-13.14472222222222,-73.99111111111111,33940,44073,15,3,1,0.6922869682312012,0.5939455032348633,0.09834146499633789,2.2
952,952,952,952,952,988,PE: Puno-Huancane,-15.151944444444444,-69.6211111111111,-15.151944444444444,-69.6211111111111,185704,257281,32,5,1,0.8523920774459839,0.7909001111984253,0.061491966247558594,3.066666666666667
953,953,953,953,953,989,PE: Ancash-CACERES DEL PERU,-8.900833333333333,-78.15305555555557,-8.900833333333333,-78.15305555555557,180589,25274,51,2,1,0.6952543258666992,0.49344468116760254,0.20180964469909668,2.6666666666666665
954,954,954,954,954,990,PE: Ica-Yauca Del Rosario,-14.135277777777777,-75.5736111111111,-14.135277777777777,-75.5736111111111,92235,145359,6,4,2,0.5101884603500366,0.540365993976593,0.030177533626556396,2.9
955,955,955,955,955,991,PE: Puno-Puno,-15.841944444444444,-70.01972222222223,-15.841944444444444,-70.01972222222223,198653,106777,18,61,21,0.7649433612823486,0.8169957995414734,0.052052438259124756,2.6
956,956,956,956,956,992,PE: Junin-Rio Tambo,-11.530833333333334,-73.81416666666667,-11.530833333333334,-73.81416666666667,7382,26955,30,3,1,0.4405389428138733,0.6560649871826172,0.2155260443687439,2.6
957,957,957,957,957,993,PE: Ica-Chincha,-13.409722222222223,-76.13222222222221,-13.409722222222223,-76.13222222222221,110528,111898,14,51,24,0.7210619449615479,0.5331681966781616,0.18789374828338623,3.15
958,958,958,958,958,994,PE: Puno-Pomata,-16.35666666666667,-69.28805555555556,-16.35666666666667,-69.28805555555556,6547,10915,40,1,1,0.8064097166061401,0.6083131432533264,0.19809657335281372,3.1333333333333333
959,959,959,959,959,995,PE: San Martin-TINGO DE PONASA,-6.970277777777778,-76.21194444444444,-6.970277777777778,-76.21194444444444,12013,14228,53,446,1,0.6691977977752686,0.5825682878494263,0.08662950992584229,3.333333333333333
960,960,960,960,960,996,UY: Montevideo,-34.903055555555554,-56.18805555555555,-34.903055555555554,-56.18805555555555,137518,48286,7,168,80,0.5983091592788696,0.818959653377533,0.22065049409866333,3.152
961,961,961,961,961,997,UY: Canelones-Paso Carrasco,-34.83833333333334,-56.03055555555555,-34.83833333333334,-56.03055555555555,16612,19708,5,2,2,0.8724493980407715,0.8642350435256958,0.008214354515075684,2.9
962,962,962,962,962,998,UY: Canelones-Empalme Olmos,-34.64055555555556,-55.8775,-34.64055555555556,-55.8775,24910,37737,4,8,1,0.5868431329727173,0.5633051991462708,0.023537933826446533,2.9
963,963,963,963,963,999,UY: Canelones-Santa Lucia,-34.45333333333333,-56.39055555555556,-34.45333333333333,-56.39055555555556,4693,22261,22,2,2,0.6064566969871521,0.7284902930259705,0.12203359603881836,2.7
964,964,964,964,964,1000,UY: Canelones-Pinamar - Pinepark,-34.775,-55.84027777777778,-34.775,-55.84027777777778,32795,25763,5,1,1,0.5701812505722046,0.9267833232879639,0.3566020727157593,3.1
965,965,965,965,965,1001,UY: Canelones-San Jose de Carrasco,-34.86666666666667,-56.0,-34.86666666666667,-56.0,216414,31596,4,53,12,0.7682348489761353,0.7747415900230408,0.006506741046905518,3.5
966,966,966,966,966,1002,UY: Canelones-Canelones rural,-34.64194444444444,-54.87972222222222,-34.64194444444444,-54.87972222222222,1791,1502,371,3,1,0.7518575191497803,0.6281498670578003,0.12370765209197998,3.2
967,967,967,967,967,1003,UY: Canelones-Colonia Nicolich,-34.815,-56.024166666666666,-34.815,-56.024166666666666,40473,39902,3,1,1,0.7490675449371338,0.7336117029190063,0.015455842018127441,3.1
968,968,968,968,968,1004,UY: Rocha-Rocha,-34.3825,-54.67444444444444,-34.3825,-54.67444444444444,30297,32903,18,4,2,0.7847349643707275,0.5244032144546509,0.26033174991607666,3.3
969,969,969,969,969,1005,UY: Canelones-Lomas de Solymar,-34.81666666666667,-55.956944444444446,-34.81666666666667,-55.956944444444446,130174,21774,5,11,1,0.6522895097732544,0.6604584455490112,0.008168935775756836,3.4
970,970,970,970,970,1006,UY: Canelones-El Pinar,-34.79472222222222,-55.88944444444444,-34.79472222222222,-55.88944444444444,121754,71962,60,2,2,0.6841928362846375,0.8337821364402771,0.14958930015563965,3.3
971,971,971,971,971,1007,UY: Canelones-La Paz,-34.76027777777778,-56.22583333333333,-34.76027777777778,-56.22583333333333,65462,28256,5,65,2,0.6310468912124634,0.6500422954559326,0.01899540424346924,2.6
972,972,972,972,972,1008,UY: Lavalleja-Minas,-34.37583333333333,-55.2375,-34.37583333333333,-55.2375,279899,67043,13,4,2,0.4163113236427307,0.7399104833602905,0.3235991597175598,3.4
973,973,973,973,973,1009,UY: Soriano-Dolores,-33.53,-58.21694444444445,-33.53,-58.21694444444445,151029,47761,12,3,1,0.5871487855911255,0.7640401721000671,0.17689138650894165,3.0
974,974,974,974,974,1010,UY: Canelones-Sauce,-34.62027777777778,-56.06444444444444,-34.62027777777778,-56.06444444444444,1361,457,21,1,1,0.8132555484771729,0.5178706049919128,0.29538494348526,2.6
975,975,975,975,975,1011,UY: Canelones-Las Piedras,-34.730000000000004,-56.21888888888889,-34.730000000000004,-56.21888888888889,234593,24865,9,4,3,0.5684722661972046,0.5462867021560669,0.022185564041137695,3.0
976,976,976,976,976,1012,UY: Colonia-Colonia del Sacramento,-34.462500000000006,-57.83972222222222,-34.462500000000006,-57.83972222222222,210054,29216,8,5,4,0.8461931943893433,0.8136322498321533,0.03256094455718994,2.5
977,977,977,977,977,1013,UY: Canelones-Pando,-34.716944444444444,-55.958333333333336,-34.716944444444444,-55.958333333333336,90140,25199,8,14,9,0.5565311908721924,0.7021835446357727,0.14565235376358032,3.0
978,978,978,978,978,1014,UY: Florida-Florida,-33.833333333333336,-55.91666666666666,-33.833333333333336,-55.91666666666666,4220,433,46,1,1,0.6668837070465088,0.6981379985809326,0.03125429153442383,3.3
979,979,979,979,979,1015,UY: Rio Negro-Fray Bentos,-33.11638888888889,-58.31055555555555,-33.11638888888889,-58.31055555555555,96557,32279,18,14,8,0.786262035369873,0.8316194415092468,0.04535740613937378,3.2
980,980,980,980,980,1016,UY: Cerro Largo-Melo,-32.37027777777778,-54.1675,-32.37027777777778,-54.1675,197277,38894,13,20,5,0.47970372438430786,0.642143964767456,0.1624402403831482,3.2
981,981,981,981,981,1017,UY: Soriano-Mercedes,-33.25222222222222,-58.030277777777776,-33.25222222222222,-58.030277777777776,79468,29303,8,7,3,0.45110008120536804,0.8111921548843384,0.36009207367897034,3.55
982,982,982,982,982,1018,UY: Rivera-Rivera,-30.905277777777776,-55.55055555555556,-30.905277777777776,-55.55055555555556,35855,36997,16,1,1,0.7243090271949768,0.6660604476928711,0.05824857950210571,3.05
983,983,983,983,983,1019,UY: Canelones-Solymar,-34.82888888888889,-55.96361111111111,-34.82888888888889,-55.96361111111111,184974,35945,5,32,7,0.5088197588920593,0.6322128176689148,0.12339305877685547,3.2
984,984,984,984,984,1020,UY: Artigas-Artigas,-30.4,-56.46666666666667,-30.4,-56.46666666666667,243015,30285,16,26,7,0.3645947277545929,0.9318201541900635,0.567225456237793,2.8
985,985,985,985,985,1021,UY: Colonia-Carmelo,-34.0,-58.28388888888889,-34.0,-58.28388888888889,98885,31510,14,22,3,0.7691636085510254,0.7871651649475098,0.018001556396484375,3.6
986,986,986,986,986,1022,UY: Paysandu-Paysandu,-32.316944444444445,-58.08055555555556,-32.316944444444445,-58.08055555555556,67243,40906,12,16,10,0.473401814699173,0.7394702434539795,0.2660684287548065,3.0526315789473686
987,987,987,987,987,1023,UY: Maldonado-Pinares Las Delicias,-34.9025,-54.94861111111111,-34.9025,-54.94861111111111,289618,42833,7,22,7,0.5726751685142517,0.7782130837440491,0.20553791522979736,3.4
988,988,988,988,988,1024,UY: Maldonado-Canteras de Marelli,-34.843333333333334,-54.94499999999999,-34.843333333333334,-54.94499999999999,21834,30671,6,2,1,0.7589155435562134,0.6617708206176758,0.0971447229385376,3.4
989,989,989,989,989,1025,UY: Maldonado-Maldonado,-34.9,-54.95,-34.9,-54.95,179431,29946,7,1,1,0.5405793190002441,0.8227798938751221,0.28220057487487793,3.272727272727273
990,990,990,990,990,1026,UY: Maldonado-San Carlos,-34.79111111111111,-54.918055555555554,-34.79111111111111,-54.918055555555554,130001,28608,13,13,6,0.47588443756103516,0.7788218259811401,0.302937388420105,3.1
991,991,991,991,991,1027,UY: San Jose-Delta del Tigre y Villas,-34.766666666666666,-56.38055555555555,-34.766666666666666,-56.38055555555555,71116,87669,5,1,1,0.8668529987335205,0.962949275970459,0.09609627723693848,3.6
992,992,992,992,992,1028,UY: Salto-Salto,-31.383333333333333,-57.96666666666667,-31.383333333333333,-57.96666666666667,203627,26133,31,13,3,0.5436526536941528,0.9078631401062012,0.36421048641204834,3.125
993,993,993,993,993,1029,UY: Artigas-Artigas rural,-32.78944444444444,-57.44777777777777,-32.78944444444444,-57.44777777777777,2211,36498,21,2,1,0.6641267538070679,0.7955330610275269,0.13140630722045898,2.8
994,994,994,994,994,1030,UY: Canelones-Barros Blancos,-34.75222222222222,-56.0025,-34.75222222222222,-56.0025,307664,38422,7,2,2,0.7791438102722168,0.6398162245750427,0.13932758569717407,3.3
995,995,995,995,995,1031,UY: Rocha-Chuy,-33.73111111111111,-53.5,-33.73111111111111,-53.5,7858,9556,24,1,1,0.6678339242935181,0.6020880341529846,0.06574589014053345,2.7777777777777777
996,996,996,996,996,1032,UY: Colonia-Tarariras,-34.26555555555556,-57.61861111111112,-34.26555555555556,-57.61861111111112,704230,108624,12,1,1,0.7483046054840088,0.7368730306625366,0.011431574821472168,3.0
997,997,997,997,997,1033,UY: Maldonado-Aigua,-34.254444444444445,-54.64333333333333,-34.254444444444445,-54.64333333333333,30297,32903,18,4,2,0.4445657432079315,0.3706805109977722,0.0738852322101593,3.0
998,998,998,998,998,1034,UY: Artigas-Pintadito,-30.431944444444447,-56.45666666666667,-30.431944444444447,-56.45666666666667,11425,31653,13,2,1,0.8647806644439697,0.7942236661911011,0.07055699825286865,2.7
999,999,999,999,999,1035,UY: Colonia-Juan Lacaze,-34.39194444444444,-57.43194444444444,-34.39194444444444,-57.43194444444444,179186,42400,10,2,2,0.8824501633644104,0.6767286062240601,0.20572155714035034,3.4
1000,1000,1000,1000,1000,1036,UY: San Jose-San Jose de Mayo,-34.337500000000006,-56.71361111111111,-34.337500000000006,-56.71361111111111,64571,21253,14,10,6,0.5990535020828247,0.7247954607009888,0.12574195861816406,3.2
1001,1001,1001,1001,1001,1037,UY: Maldonado-Maldonado Rural,-34.64194444444444,-54.87972222222222,-34.64194444444444,-54.87972222222222,1791,1502,371,3,1,0.7519230842590332,0.6281498670578003,0.12377321720123291,3.4
1002,1002,1002,1002,1002,1038,UY: Durazno-Durazno,-33.38055555555555,-56.52361111111111,-33.38055555555555,-56.52361111111111,31699,42181,8,2,1,0.6388620734214783,0.7177956104278564,0.07893353700637817,3.5
1003,1003,1003,1003,1003,1039,UY: Rocha-San Luis al Medio,-33.60333333333333,-53.71638888888889,-33.60333333333333,-53.71638888888889,1526,10815,46,4,1,0.75551837682724,0.7730922698974609,0.017573893070220947,3.090909090909091
1004,1004,1004,1004,1004,1040,UY: Soriano-Chacras de Dolores,-33.55416666666667,-58.21083333333333,-33.55416666666667,-58.21083333333333,250959,33177,9,3,1,0.7808175683021545,0.7167298197746277,0.06408774852752686,3.2
1005,1005,1005,1005,1005,1041,UY: Treinta y Tres-Treinta y Tres,-33.233333333333334,-54.38333333333333,-33.233333333333334,-54.38333333333333,56102,31366,13,4,3,0.631930947303772,0.7715078592300415,0.13957691192626953,3.375
1006,1006,1006,1006,1006,1042,UY: Colonia-Colonia rural,-34.71666666666667,-55.95,-34.71666666666667,-55.95,84698,40971,2,4,1,0.736572265625,0.7337844371795654,0.0027878284454345703,3.4
1007,1007,1007,1007,1007,1043,UY: Rio Negro-Young,-32.69833333333333,-57.626666666666665,-32.69833333333333,-57.626666666666665,364982,32416,21,2,1,0.5107131004333496,0.7388245463371277,0.22811144590377808,3.0
1008,1008,1008,1008,1008,1044,UY: San Jose-San Jose Rural,-34.64194444444444,-54.87972222222222,-34.64194444444444,-54.87972222222222,1791,1502,371,3,1,0.7519791126251221,0.6281498670578003,0.12382924556732178,3.333333333333333
1009,1009,1009,1009,1009,1045,UY: Maldonado-Piriapolis,-34.809999999999995,-55.25861111111111,-34.809999999999995,-55.25861111111111,765,5228,27,1,1,0.4586992859840393,0.4694753587245941,0.01077607274055481,3.4285714285714284
1010,1010,1010,1010,1010,1046,UY: Rivera-Mandubi,-30.931944444444447,-55.55722222222222,-30.931944444444447,-55.55722222222222,403075,34354,14,3,1,0.86480712890625,0.8431180715560913,0.02168905735015869,3.1
1011,1011,1011,1011,1011,1047,UY: Florida-Veinticinco de Agosto,-34.41166666666666,-56.40222222222222,-34.41166666666666,-56.40222222222222,267389,32807,5,2,1,0.7847103476524353,0.8796230554580688,0.09491270780563354,3.0
1012,1012,1012,1012,1012,1048,UY: Tacuarembo-Tacuarembo,-31.716944444444444,-55.98111111111111,-31.716944444444444,-55.98111111111111,20143,25099,12,10,1,0.6374027729034424,0.5854053497314453,0.05199742317199707,3.05
1013,1013,1013,1013,1013,1049,UY: Rivera-Vichadero,-31.766944444444444,-54.61694444444444,-31.766944444444444,-54.61694444444444,11417,3712,46,3,2,0.7517567873001099,0.6637152433395386,0.08804154396057129,2.9
1014,1014,1014,1014,1014,1050,UY: Artigas-Bella Union,-30.259444444444444,-57.59916666666667,-30.259444444444444,-57.59916666666667,112394,20863,18,5,2,0.5541694760322571,0.7893040776252747,0.23513460159301758,2.9
1015,1015,1015,1015,1015,1051,UY: Soriano-Cardona,-33.85888888888889,-57.23805555555556,-33.85888888888889,-57.23805555555556,27931,35728,8,1,1,0.9097059369087219,0.6858664751052856,0.22383946180343628,3.4
1016,1016,1016,1016,1016,1052,VE: Zulia-San Francisco,10.558055555555557,-71.72777777777777,10.558055555555557,-71.72777777777777,4362,9453,106,12,10,0.6856686472892761,0.6680012345314026,0.017667412757873535,3.391304347826087
1017,1017,1017,1017,1017,1053,VE: Zulia-Maracaibo,10.66638888888889,-71.61222222222221,10.66638888888889,-71.61222222222221,90699,88392,8,174,57,0.5787169933319092,0.7015085816383362,0.122791588306427,3.102564102564102
1018,1018,1018,1018,1018,1054,VE: Vargas-Vargas,10.566666666666666,-66.9,10.566666666666666,-66.9,6492,3980,24,8,1,0.43292132019996643,0.3979635238647461,0.03495779633522034,3.176470588235294
1019,1019,1019,1019,1019,1055,VE: Carabobo-Guacara,10.225833333333334,-67.87694444444443,10.225833333333334,-67.87694444444443,47849,30035,36,62,22,0.5275145769119263,0.6861284971237183,0.158613920211792,3.0
1020,1020,1020,1020,1020,1056,VE: Anzoategui-Juan Antonio Sotillo,10.216666666666669,-64.61666666666666,10.216666666666669,-64.61666666666666,43555,24045,22,1,1,0.8672733902931213,0.797059178352356,0.07021421194076538,3.411764705882353
1021,1021,1021,1021,1021,1057,VE: Anzoategui-Simon Bolivar,10.136111111111113,-64.68611111111112,10.136111111111113,-64.68611111111112,62657,60738,28,37,16,0.6487866640090942,0.7747420072555542,0.12595534324645996,3.32
1022,1022,1022,1022,1022,1058,VE: Distrito Capital-Libertador de Caracas,10.487777777777778,-66.87916666666666,10.487777777777778,-66.87916666666666,11006,11748,64,317,62,0.7109380960464478,0.6449867486953735,0.06595134735107422,3.2717391304347827
1023,1023,1023,1023,1023,1059,VE: Lara-Iribarren,10.064444444444446,-69.35694444444444,10.064444444444446,-69.35694444444444,71339,70309,13,124,27,0.7957403659820557,0.8000130653381348,0.0042726993560791016,3.4761904761904763
1024,1024,1024,1024,1024,1060,VE: Carabobo-Los Guayos,10.183333333333334,-67.93611111111112,10.183333333333334,-67.93611111111112,16122,9299,18,152,29,0.6937801837921143,0.5920259952545166,0.10175418853759766,3.125
1025,1025,1025,1025,1025,1061,VE: Trujillo-Valera,9.317777777777778,-70.6036111111111,9.317777777777778,-70.6036111111111,19226,18079,31,196,45,0.740135133266449,0.48000168800354004,0.26013344526290894,3.2857142857142856
1026,1026,1026,1026,1026,1062,VE: Miranda-Guaicaipuro,10.344444444444443,-67.04305555555555,10.344444444444443,-67.04305555555555,77204,76538,29,127,30,0.5876899361610413,0.4850139915943146,0.10267594456672668,3.7142857142857135
1027,1027,1027,1027,1027,1063,VE: Portuguesa-Agua Blanca,9.661388888888888,-69.10749999999999,9.661388888888888,-69.10749999999999,109578,146707,21,27,5,0.6493102312088013,0.9390332698822021,0.2897230386734009,3.142857142857143
1028,1028,1028,1028,1028,1064,VE: Aragua-Girardot,10.235277777777776,-67.5911111111111,10.235277777777776,-67.5911111111111,27547,20331,48,93,19,0.7105516195297241,0.4960020184516907,0.21454960107803345,3.071428571428572
1029,1029,1029,1029,1029,1065,VE: Monagas-Ezequiel Zamora,9.69111111111111,-63.60916666666667,9.69111111111111,-63.60916666666667,22948,11666,76,57,6,0.5892176628112793,0.7143896818161011,0.12517201900482178,3.125
1030,1030,1030,1030,1030,1066,VE: Cojedes-Tinaquillo,9.91861111111111,-68.30472222222222,9.91861111111111,-68.30472222222222,34898,40969,15,167,53,0.5493180751800537,0.6617409586906433,0.1124228835105896,2.857142857142857
1031,1031,1031,1031,1031,1067,VE: Lara-Palavecino,10.010277777777778,-69.24138888888889,10.010277777777778,-69.24138888888889,49854,49990,18,34,10,0.7397922873497009,0.6005421876907349,0.13925009965896606,3.4285714285714284
1032,1032,1032,1032,1032,1068,VE: Portuguesa-Araure,9.581388888888888,-69.23833333333333,9.581388888888888,-69.23833333333333,70517,70191,3,14,9,0.6811565160751343,1.0089359283447266,0.3277794122695923,3.142857142857143
1033,1033,1033,1033,1033,1069,VE: Aragua-Zamora,10.066666666666666,-67.5,10.066666666666666,-67.5,9732,7365,14,2,1,0.5159071087837219,0.7668257355690002,0.2509186267852783,2.857142857142857
1034,1034,1034,1034,1034,1070,VE: Carabobo-Naguanagua,10.256388888888887,-68.01888888888888,10.256388888888887,-68.01888888888888,60584,43974,21,201,39,0.554389476776123,0.6239110827445984,0.06952160596847534,2.3
1035,1035,1035,1035,1035,1071,VE: Miranda-Chacao,10.495555555555557,-66.8536111111111,10.495555555555557,-66.8536111111111,34249,26264,31,819,275,0.6853090524673462,0.7221394777297974,0.03683042526245117,3.4285714285714284
1036,1036,1036,1036,1036,1072,VE: Lara-Simon planas,9.781111111111112,-69.16305555555556,9.781111111111112,-69.16305555555556,131723,137606,12,27,6,0.6862311363220215,0.6565394401550293,0.029691696166992188,3.571428571428572
1037,1037,1037,1037,1037,1073,VE: Carabobo-Valencia,10.161944444444444,-68.0075,10.161944444444444,-68.0075,40393,35868,54,110,30,0.5010122060775757,0.5733652114868164,0.07235300540924072,3.0625
1038,1038,1038,1038,1038,1074,VE: Miranda-Sucre,10.476666666666668,-66.80777777777777,10.476666666666668,-66.80777777777777,27692,17699,29,127,30,0.8446803092956543,0.5889774560928345,0.2557028532028198,3.5
1039,1039,1039,1039,1039,1075,VE: Portuguesa-Paez,9.554444444444446,-69.19555555555556,9.554444444444446,-69.19555555555556,42622,47157,48,12,9,0.6700093746185303,0.5583648681640625,0.11164450645446777,2.7
1040,1040,1040,1040,1040,1076,VE: Aragua-Jose Felix Ribas,10.226666666666668,-67.33111111111111,10.226666666666668,-67.33111111111111,21696,19035,39,136,39,0.6455498933792114,0.6293824911117554,0.016167402267456055,2.9285714285714284
1041,1041,1041,1041,1041,1077,VE: Miranda-Baruta,10.434166666666666,-66.87555555555555,10.434166666666666,-66.87555555555555,12133,4210,59,115,30,0.6015998125076294,0.5234597325325012,0.07814007997512817,3.647058823529412
1042,1042,1042,1042,1042,1079,VE: Lara-Crespo,10.3,-69.16666666666667,10.3,-69.16666666666667,18913,14120,22,11,5,0.7258638143539429,0.4898410439491272,0.23602277040481567,2.857142857142857
1043,1043,1043,1043,1043,1080,VE: Anzoategui-Francisco del Carmen Carvajal,9.91,-65.6738888888889,9.91,-65.6738888888889,1788,1296,25,1,1,0.5241426229476929,0.5128546953201294,0.011287927627563477,3.142857142857143
1044,1044,1044,1044,1044,1081,VE: Portuguesa-Turen,9.166666666666666,-68.83333333333333,9.166666666666666,-68.83333333333333,1968,1416,76,4,2,0.5995431542396545,0.8060985803604126,0.20655542612075806,3.75
1045,1045,1045,1045,1045,1082,VE: Carabobo-Diego Ibarra,10.296388888888888,-67.71805555555555,10.296388888888888,-67.71805555555555,4176,394,146,12,3,0.4528833031654358,0.7076075673103333,0.25472426414489746,3.4285714285714284
1046,1046,1046,1046,1046,1083,VE: Trujillo-Pampan,9.444722222222222,-70.4775,9.444722222222222,-70.4775,5188,3403,47,400,8,0.5000598430633545,0.555542528629303,0.055482685565948486,3.5
1047,1047,1047,1047,1047,1084,VE: Zulia-Jesus Enrique Lossada,10.620555555555557,-71.83638888888889,10.620555555555557,-71.83638888888889,22085,19859,14,85,22,0.5343964099884033,0.5847859978675842,0.05038958787918091,2.7857142857142856
1048,1048,1048,1048,1048,1085,VE: Carabobo-San Diego,10.25611111111111,-67.9538888888889,10.25611111111111,-67.9538888888889,46827,41027,20,97,21,0.6400759816169739,0.6655910015106201,0.02551501989364624,2.7142857142857144
1049,1049,1049,1049,1049,1086,VE: Miranda-Urdaneta,10.162222222222224,-66.88222222222221,10.162222222222224,-66.88222222222221,8518,2454,66,44,21,0.5614988803863525,0.6617653369903564,0.1002664566040039,2.857142857142857
1050,1050,1050,1050,1050,1087,VE: Miranda-Lander,10.118055555555555,-66.775,10.118055555555555,-66.775,9909,7854,91,35,13,0.6351732015609741,0.5645995140075684,0.07057368755340576,3.142857142857143
1051,1051,1051,1051,1051,1088,VE: Carabobo-Carlos Arvelo,10.086111111111112,-67.91972222222223,10.086111111111112,-67.91972222222223,9279,6110,109,35,3,0.7503288984298706,0.604953944683075,0.14537495374679565,3.142857142857143
1052,1052,1052,1052,1052,1089,VE: Miranda-Plaza,10.470277777777778,-66.61916666666666,10.470277777777778,-66.61916666666666,38560,45761,18,90,33,0.6110203266143799,0.6702502965927124,0.05922996997833252,3.4
1053,1053,1053,1053,1053,1090,VE: Zulia-Lagunillas,10.201388888888888,-71.31472222222222,10.201388888888888,-71.31472222222222,110434,98220,4,202,58,0.5023102760314941,0.6951093673706055,0.19279909133911133,3.6666666666666665
1054,1054,1054,1054,1054,1091,VE: Portuguesa-Guanare,9.041666666666666,-69.74194444444444,9.041666666666666,-69.74194444444444,78010,81308,10,85,20,0.6047756671905518,0.6886501908302307,0.08387452363967896,3.2
1055,1055,1055,1055,1055,1092,VE: Miranda-Los Salias,10.388333333333334,-66.95166666666667,10.388333333333334,-66.95166666666667,33379,24524,19,3,3,0.7130281925201416,0.526091992855072,0.18693619966506958,3.0
1056,1056,1056,1056,1056,1093,VE: Carabobo-Libertador,10.114444444444445,-68.06555555555555,10.114444444444445,-68.06555555555555,27464,28887,6,50,16,0.6435210704803467,0.5897988080978394,0.053722262382507324,3.571428571428572
1057,1057,1057,1057,1057,1094,VE: Portuguesa-Villa Bruzual,9.331666666666669,-69.11944444444444,9.331666666666669,-69.11944444444444,20166,13740,45,11,4,0.4403080642223358,0.8900917768478394,0.44978371262550354,3.4285714285714284
1058,1058,1058,1058,1058,1095,VE: Miranda-Carrizal,10.351388888888888,-66.99333333333334,10.351388888888888,-66.99333333333334,24067,33220,77,28,17,0.7618101239204407,0.4848560094833374,0.27695411443710327,3.142857142857143
1059,1059,1059,1059,1059,1096,VE: Merida-Libertador,8.589722222222223,-71.15611111111112,8.589722222222223,-71.15611111111112,49310,52321,30,252,54,0.8416846394538879,0.7476807832717896,0.09400385618209839,3.071428571428572
1060,1060,1060,1060,1060,1097,VE: Carabobo-Puerto Cabello,10.473055555555556,-68.0125,10.473055555555556,-68.0125,40559,36930,25,167,56,0.7621243000030518,0.9698185920715332,0.20769429206848145,3.142857142857143
1061,1061,1061,1061,1061,1098,VE: Miranda-Independencia,10.2,-66.6,10.2,-66.6,4048,13547,35,26,2,0.4217795133590698,0.4822806417942047,0.06050112843513489,2.8
1062,1062,1062,1062,1062,1099,VE: Zulia-La Canada de Urdaneta,10.477777777777778,-71.99472222222222,10.477777777777778,-71.99472222222222,8621,12544,9,2,1,0.6019144058227539,0.6431005001068115,0.04118609428405762,3.571428571428572
1063,1063,1063,1063,1063,1100,VE: Miranda-Zamora,10.473888888888888,-66.54222222222222,10.473888888888888,-66.54222222222222,11435,10960,35,107,27,0.8370730876922607,0.6227798461914062,0.2142932415008545,3.4
1064,1064,1064,1064,1064,1101,VE: Miranda-Cristobal Rojas,10.24222222222222,-66.85722222222222,10.24222222222222,-66.85722222222222,52958,53162,36,408,74,0.6455354690551758,0.7900139689445496,0.14447849988937378,3.2857142857142856
1065,1065,1065,1065,1065,1102,VE: Aragua-Sucre,10.24972222222222,-67.64916666666667,10.24972222222222,-67.64916666666667,37382,11214,7,2,1,0.9362363219261169,0.7996140718460083,0.13662225008010864,3.4285714285714284
1066,1066,1066,1066,1066,1103,VE: Aragua-Santiago Marino,10.228333333333332,-67.47416666666666,10.228333333333332,-67.47416666666666,66171,67955,22,260,60,0.5480387210845947,0.49431848526000977,0.05372023582458496,3.142857142857143
1067,1067,1067,1067,1067,1104,VE: Anzoategui-Guanta,10.234444444444444,-64.59527777777777,10.234444444444444,-64.59527777777777,7803,5911,39,21,4,0.7506266832351685,0.8055617809295654,0.05493509769439697,3.4285714285714284
1068,1068,1068,1068,1068,1105,VE: Anzoategui-Juan Manuel Cajigal,9.596944444444444,-65.19333333333334,9.596944444444444,-65.19333333333334,2655,414,133,5,4,0.7315083146095276,0.5790724158287048,0.15243589878082275,4.0
1069,1069,1069,1069,1069,1106,VE: Yaracuy-San Felipe,10.339722222222225,-68.74222222222222,10.339722222222225,-68.74222222222222,63330,69357,20,84,27,0.4560306668281555,0.4831727147102356,0.027142047882080078,3.0
1070,1070,1070,1070,1070,1107,VE: Lara-Torres,10.172777777777776,-70.08083333333333,10.172777777777776,-70.08083333333333,86918,77403,27,30,16,0.48872607946395874,0.7835185527801514,0.2947924733161926,3.4285714285714284
1071,1071,1071,1071,1071,1108,VE: Lara-Andres Eloy Blanco,9.751388888888888,-69.65305555555557,9.751388888888888,-69.65305555555557,7589,8696,30,108,14,0.5823161602020264,0.4580499827861786,0.12426617741584778,3.4285714285714284
1072,1072,1072,1072,1072,1109,VE: Merida-Campo Elias,8.546388888888888,-71.24083333333333,8.546388888888888,-71.24083333333333,25858,23349,33,68,16,0.6144580245018005,0.6487718820571899,0.034313857555389404,3.6666666666666665
1073,1073,1073,1073,1073,1110,VE: Lara-Jimenez,9.8,-69.58333333333333,9.8,-69.58333333333333,2504,3908,155,19,3,0.7142149209976196,0.5448285937309265,0.16938632726669312,3.333333333333333
1074,1074,1074,1074,1074,1111,VE: Miranda-El Hatillo,10.423888888888888,-66.82555555555555,10.423888888888888,-66.82555555555555,64889,53386,14,221,38,0.611310601234436,0.44111186265945435,0.1701987385749817,4.0
1075,1075,1075,1075,1075,1112,VE: Bolivar-Caroni,8.351111111111111,-62.64083333333333,8.351111111111111,-62.64083333333333,3534,2370,62,53,7,0.3997717499732971,0.671011209487915,0.2712394595146179,2.8974358974358974
1076,1076,1076,1076,1076,1113,VE: Apure-Achaguas,7.779166666666667,-68.22361111111111,7.779166666666667,-68.22361111111111,5458,2317,111,20,6,0.7156721949577332,0.8387106657028198,0.12303847074508667,3.142857142857143
1077,1077,1077,1077,1077,1114,VE: Falcon-Carirubana,11.658055555555556,-70.215,11.658055555555556,-70.215,1946,421,174,6,6,0.6685676574707031,0.8695470094680786,0.2009793519973755,2.7586206896551726
1078,1078,1078,1078,1078,1115,VE: Miranda-Paz Castillo,10.333333333333334,-66.66666666666667,10.333333333333334,-66.66666666666667,1221,1462,47,6,1,0.4600156545639038,0.34730440378189087,0.11271125078201294,3.0
1079,1079,1079,1079,1079,1116,VE: Barinas-Antonio Jose De Sucre,8.230555555555556,-70.82194444444444,8.230555555555556,-70.82194444444444,65544,63561,25,18,9,0.5823765993118286,0.7187438011169434,0.13636720180511475,3.615384615384616
1080,1080,1080,1080,1080,1117,VE: Apure-San Fernando,7.887777777777776,-67.47222222222223,7.887777777777776,-67.47222222222223,134144,137724,45,100,20,0.5055916905403137,0.9798427820205688,0.4742510914802551,2.875
1081,1081,1081,1081,1081,1118,VE: Bolivar-Heres,8.129166666666666,-63.54083333333333,8.129166666666666,-63.54083333333333,102531,93477,38,755,30,0.687650203704834,0.7171764373779297,0.029526233673095703,2.703703703703704
1082,1082,1082,1082,1082,1119,VE: Falcon-Falcon,11.0,-69.83333333333333,11.0,-69.83333333333333,5716,241,56,1,1,0.39623287320137024,0.6391862034797668,0.2429533302783966,2.571428571428572
1083,1083,1083,1083,1083,1120,VE: Barinas-Bolivar,8.759722222222223,-70.41444444444446,8.759722222222223,-70.41444444444446,91640,90405,9,26,9,0.48110246658325195,0.5471983551979065,0.06609588861465454,3.5
1084,1084,1084,1084,1084,1121,VE: Barinas-Barinas,8.6225,-70.2075,8.6225,-70.2075,80246,65626,28,45,17,0.6692509055137634,0.7511109113693237,0.0818600058555603,3.7142857142857135
1085,1085,1085,1085,1085,1122,VE: Guarico-Jose Tadeo Monagas,9.86,-66.38138888888888,9.86,-66.38138888888888,2372,1102,112,87,12,0.5220983624458313,0.5596604347229004,0.03756207227706909,3.523809523809524
1086,1086,1086,1086,1086,1123,VE: Barinas-Pedraza,8.353055555555555,-70.56972222222223,8.353055555555555,-70.56972222222223,21403,23718,16,38,9,0.6025354862213135,0.8172435164451599,0.21470803022384644,3.3
1087,1087,1087,1087,1087,1124,VE: Falcon-Colina,11.283333333333331,-69.41666666666667,11.283333333333331,-69.41666666666667,376,1422,725,1,1,0.5107957124710083,0.4378596544265747,0.0729360580444336,3.142857142857143
1088,1088,1088,1088,1088,1125,VE: Guarico-Juan German Roscio,9.911388888888888,-67.3536111111111,9.911388888888888,-67.3536111111111,4351,3553,67,102,21,0.5050899386405945,0.5029455423355103,0.0021443963050842285,2.875
1089,1089,1089,1089,1089,1126,VE: Monagas-Maturin,9.745555555555557,-63.18305555555556,9.745555555555557,-63.18305555555556,13513,9831,48,128,35,0.8226974606513977,0.4218491315841675,0.4008483290672302,3.186046511627907
1090,1090,1090,1090,1090,1127,VE: Sucre-Sucre,10.463888888888889,-64.17833333333334,10.463888888888889,-64.17833333333334,30827,22751,51,82,30,0.6281731724739075,0.9006423950195312,0.2724692225456238,2.409090909090909
1091,1091,1091,1091,1091,1128,VE: Sucre-Montes,10.25,-63.91666666666666,10.25,-63.91666666666666,2732,369,251,6,2,0.78350830078125,0.6689828634262085,0.1145254373550415,3.4285714285714284
1092,1092,1092,1092,1092,1129,VE: Yaracuy-Cocorote,10.319444444444445,-68.78277777777778,10.319444444444445,-68.78277777777778,33863,40565,29,41,14,0.5784797668457031,0.6110929250717163,0.032613158226013184,3.2857142857142856
1093,1093,1093,1093,1093,1130,VE: Guarico-Leonardo Infante,9.215277777777777,-66.00722222222223,9.215277777777777,-66.00722222222223,7298,3780,143,21,11,0.545098602771759,0.5862555503845215,0.04115694761276245,3.142857142857143
1094,1094,1094,1094,1094,1131,VE: Sucre-Bolivar,6.0,-64.25,6.0,-64.25,116475,5352,200,1,1,0.20987743139266968,0.42736685276031494,0.21748942136764526,2.7142857142857144
